gid,role,role_score,cluster_id,priority_score,evidence,is_seed,depth,in_deg,out_deg,in_kzt,out_kzt,in_tx,out_tx,pass_kzt,pass_through,pagerank,betweenness,n_seed_upstream,active_days,first_date,last_date,truncated_by_depth,flags
100000000011452100,consolidator,0.375,0,0.7278,v0: признаки консолидации (fan-in): входов 3 на 110 тыс. KZT; выходов 1 на 17 тыс. KZT; достижим от 7 seed,False,1,3,1,110000.0,16685.0,7,2,16685.0,0.1517,0.00047686,3.37e-06,7,7,2026-07-03,2026-07-25,False,
100000000018102100,peripheral,0.3,0,0.3994,"v0: признаков роли мало: входов 1 (7 тыс. KZT), выходов 0 (0 KZT); достижим от 7 seed; граница выгрузки (глубина 4)",False,4,1,0,7000.0,0.0,1,0,0.0,0.0,0.0003204,0.0,7,1,2026-07-18,2026-07-18,True,depth4_boundary
100000000031787100,transit,1.0,6,0.6903,"v0: признаки транзита: вход 90 тыс. KZT, выход 90 тыс. KZT; доля прохода 1.00, входов 1, выходов 2; достижим от 1 seed",False,2,1,2,90000.0,90000.0,2,4,90000.0,1.0,0.00043154,4e-07,1,6,2026-07-02,2026-07-29,False,
100000000041368100,terminal,0.5,2,0.3905,v0: признаки конечного получателя: входов 1 на 160 тыс. KZT; исходящих в выгрузке 0; достижим от 10 seed,False,1,1,0,160000.0,0.0,1,0,0.0,0.0,0.00031761,0.0,10,1,2026-07-22,2026-07-22,False,
100000000076451100,consolidator,0.375,15,0.8609,v0: признаки консолидации (fan-in): входов 3 на 88 тыс. KZT; выходов 4 на 58 тыс. KZT; достижим от 7 seed,False,2,3,4,87707.0,58000.0,4,4,58000.0,0.6613,0.0013962,9.769e-05,7,6,2026-07-08,2026-07-30,False,
100000000089154100,distributor,0.6,0,0.423,v0: признаки распределения (fan-out): выходов 15 на 426 тыс. KZT; входов 1 на 10 тыс. KZT; достижим от 7 seed,False,1,1,15,10000.0,425500.0,1,21,10000.0,0.0235,0.00028745,0.00010895,7,10,2026-07-09,2026-07-22,False,
100000000190228100,peripheral,0.3,8,0.7166,"v0: признаков роли мало: входов 1 (5 тыс. KZT), выходов 1 (29 тыс. KZT); достижим от 8 seed",False,2,1,1,5000.0,28560.0,1,1,5000.0,0.1751,0.00058201,2.16e-05,8,2,2026-07-23,2026-07-30,False,
100000000201868100,transit,1.0,52,0.7542,"v0: признаки транзита: вход 190 тыс. KZT, выход 190 тыс. KZT; доля прохода 1.00, входов 1, выходов 1; достижим от 7 seed",False,2,1,1,190000.0,190000.0,1,1,190000.0,1.0,0.00097464,0.0,7,2,2026-07-03,2026-07-04,False,
100000000254336100,peripheral,0.3,0,0.4383,"v0: признаков роли мало: входов 2 (97 тыс. KZT), выходов 1 (60 тыс. KZT); достижим от 7 seed",False,3,2,1,97177.0,60000.0,2,1,60000.0,0.6174,0.00029194,1.922e-05,7,2,2026-07-12,2026-07-13,False,
100000000267734100,peripheral,0.3,6,0.7952,"v0: признаков роли мало: входов 2 (180 тыс. KZT), выходов 7 (282 тыс. KZT); достижим от 1 seed",False,1,2,7,180000.0,282000.0,4,8,180000.0,0.6383,0.00053732,3.57e-06,1,8,2026-07-04,2026-07-29,False,
100000000274067100,peripheral,0.3,6,0.7191,"v0: признаков роли мало: входов 2 (518 тыс. KZT), выходов 3 (3,0 млн KZT); достижим от 1 seed",False,1,2,3,517704.0,2969000.0,9,9,517704.0,0.1744,0.0004137,1.19e-06,1,13,2026-07-01,2026-07-29,False,
100000000287768100,terminal,0.5,0,0.1837,v0: признаки конечного получателя: входов 1 на 35 тыс. KZT; исходящих в выгрузке 0; достижим от 7 seed,False,3,1,0,35168.0,0.0,1,0,0.0,0.0,0.00028869,0.0,7,1,2026-07-27,2026-07-27,False,
100000000288317100,peripheral,0.3,0,0.6075,"v0: признаков роли мало: входов 2 (100 тыс. KZT), выходов 3 (54 тыс. KZT); достижим от 7 seed",False,3,2,3,100000.0,53500.0,2,3,53500.0,0.535,0.00031283,5.826e-05,7,4,2026-07-18,2026-07-31,False,
100000000291906100,transit,0.1256,47,0.8093,"v0: признаки транзита: вход 388 тыс. KZT, выход 456 тыс. KZT; доля прохода 0.85, входов 2, выходов 2; достижим от 7 seed",False,2,2,2,388000.0,455854.0,3,6,388000.0,0.8511,0.00076294,7.807e-05,7,7,2026-07-01,2026-07-31,False,
100000000291908100,peripheral,0.3,47,0.7353,"v0: признаков роли мало: входов 1 (296 тыс. KZT), выходов 1 (13 тыс. KZT); достижим от 7 seed",False,3,1,1,295500.0,13300.0,5,1,13300.0,0.045,0.00070655,1.981e-05,7,6,2026-07-01,2026-07-31,False,
100000000297649100,peripheral,0.3,10,0.7442,"v0: признаков роли мало: входов 1 (40 тыс. KZT), выходов 1 (71 тыс. KZT); достижим от 8 seed",False,2,1,1,40000.0,70600.0,1,2,40000.0,0.5666,0.00080914,0.0,8,3,2026-07-02,2026-07-31,False,
100000000299820100,peripheral,0.3,3,0.4995,"v0: признаков роли мало: входов 1 (10 тыс. KZT), выходов 0 (0 KZT); достижим от 7 seed; граница выгрузки (глубина 4)",False,4,1,0,10000.0,0.0,1,0,0.0,0.0,0.00045016,0.0,7,1,2026-07-09,2026-07-09,True,depth4_boundary
100000000307908100,terminal,0.5,40,0.2913,v0: признаки конечного получателя: входов 1 на 5 тыс. KZT; исходящих в выгрузке 0; достижим от 1 seed,False,2,1,0,5000.0,0.0,1,0,0.0,0.0,0.00029643,0.0,1,1,2026-07-16,2026-07-16,False,
100000000331309100,coordinator,1.0,5,0.8692,"v0: признаки gather-scatter: входов 5 на 985 тыс. KZT, выходов 99 на 23,0 млн KZT; betweenness 0.0046; достижим от 7 seed",False,2,5,99,984635.0,23001375.0,8,126,984635.0,0.0428,0.00087569,0.00455723,7,29,2026-07-01,2026-07-31,False,
100000000332284100,consolidator,1.0,5,0.847,v0: признаки консолидации (fan-in): входов 10 на 107 тыс. KZT; выходов 3 на 290 тыс. KZT; достижим от 7 seed,False,2,10,3,107426.0,289500.0,12,3,107426.0,0.3711,0.00071709,0.00010914,7,10,2026-07-06,2026-07-31,False,
100000000343175100,coordinator,1.0,11,0.955,"v0: признаки gather-scatter: входов 8 на 179 тыс. KZT, выходов 31 на 4,0 млн KZT; betweenness 0.0011; достижим от 7 seed; seed, входы неполны",True,0,8,31,178712.0,4000039.0,14,33,178712.0,0.0447,0.00071326,0.00109469,7,13,2026-07-01,2026-07-21,False,seed_inflow_incomplete
100000000369781100,peripheral,0.3,5,0.5324,"v0: признаков роли мало: входов 1 (5 тыс. KZT), выходов 0 (0 KZT); достижим от 7 seed; граница выгрузки (глубина 4)",False,4,1,0,5000.0,0.0,1,0,0.0,0.0,0.00053248,0.0,7,1,2026-07-04,2026-07-04,True,depth4_boundary
100000000375150100,peripheral,0.3,12,0.5876,"v0: признаков роли мало: входов 1 (300 тыс. KZT), выходов 0 (0 KZT); достижим от 10 seed; граница выгрузки (глубина 4)",False,4,1,0,300000.0,0.0,1,0,0.0,0.0,0.00074638,0.0,10,1,2026-07-07,2026-07-07,True,depth4_boundary
100000000404740100,peripheral,0.3,24,0.5569,"v0: признаков роли мало: входов 1 (25 тыс. KZT), выходов 0 (0 KZT); достижим от 7 seed; граница выгрузки (глубина 4)",False,4,1,0,25000.0,0.0,1,0,0.0,0.0,0.00055799,0.0,7,1,2026-07-21,2026-07-21,True,depth4_boundary
100000000408846100,terminal,0.5,25,0.2842,v0: признаки конечного получателя: входов 1 на 40 тыс. KZT; исходящих в выгрузке 0; достижим от 7 seed,False,3,1,0,40500.0,0.0,1,0,0.0,0.0,0.00029573,0.0,7,1,2026-07-16,2026-07-16,False,
100000000413678100,peripheral,0.3,3,0.5554,"v0: признаков роли мало: входов 2 (306 тыс. KZT), выходов 3 (528 тыс. KZT); достижим от 7 seed",False,3,2,3,306500.0,528198.0,2,18,306500.0,0.5803,0.0003007,5.766e-05,7,15,2026-07-03,2026-07-28,False,
100000000424935100,peripheral,0.3,27,0.3276,"v0: признаков роли мало: входов 1 (15 тыс. KZT), выходов 0 (0 KZT); достижим от 7 seed; граница выгрузки (глубина 4)",False,4,1,0,15000.0,0.0,1,0,0.0,0.0,0.00030145,0.0,7,1,2026-07-05,2026-07-05,True,depth4_boundary
100000000425407100,terminal,0.5,2,0.3447,v0: признаки конечного получателя: входов 1 на 20 тыс. KZT; исходящих в выгрузке 0; достижим от 7 seed,False,2,1,0,20000.0,0.0,1,0,0.0,0.0,0.00030509,0.0,7,1,2026-07-22,2026-07-22,False,
100000000437046100,coordinator,1.0,0,0.8621,"v0: признаки gather-scatter: входов 9 на 1,1 млн KZT, выходов 42 на 7,6 млн KZT; betweenness 0.0022; достижим от 7 seed",False,2,9,42,1107200.0,7606224.0,20,73,1107200.0,0.1456,0.00079249,0.00219715,7,21,2026-07-10,2026-07-31,False,
100000000440392100,terminal,0.5,4,0.2942,v0: признаки конечного получателя: входов 1 на 106 тыс. KZT; исходящих в выгрузке 0; достижим от 7 seed,False,1,1,0,105705.0,0.0,4,0,0.0,0.0,0.00029693,0.0,7,4,2026-07-05,2026-07-19,False,
100000000456947100,peripheral,0.3,70,0.1066,"v0: переводов в выгрузке нет; глубина 0; seed, входы неполны",True,0,0,0,0.0,0.0,0,0,0.0,0.0,0.00028557,0.0,0,0,,,False,seed_inflow_incomplete;isolated
100000000470237100,peripheral,0.3,27,0.5647,"v0: признаков роли мало: входов 1 (32 тыс. KZT), выходов 0 (0 KZT); достижим от 7 seed; граница выгрузки (глубина 4)",False,4,1,0,32500.0,0.0,1,0,0.0,0.0,0.00058463,0.0,7,1,2026-07-30,2026-07-30,True,depth4_boundary
100000000481716100,terminal,0.5,7,0.4646,v0: признаки конечного получателя: входов 1 на 8 тыс. KZT; исходящих в выгрузке 0; достижим от 7 seed,False,3,1,0,8000.0,0.0,1,0,0.0,0.0,0.00037715,0.0,7,1,2026-07-22,2026-07-22,False,
100000000489417100,consolidator,0.375,12,0.7732,v0: признаки консолидации (fan-in): входов 3 на 74 тыс. KZT; выходов 1 на 80 тыс. KZT; достижим от 7 seed,False,2,3,1,73504.0,80000.0,3,1,73504.0,0.9188,0.00055176,1.405e-05,7,2,2026-07-03,2026-07-05,False,
100000000490383100,coordinator,0.65,4,0.8085,"v0: признаки gather-scatter: входов 3 на 63 тыс. KZT, выходов 8 на 461 тыс. KZT; betweenness 0.0001; достижим от 7 seed",False,2,3,8,62600.0,461375.0,3,9,62600.0,0.1357,0.00054804,5.165e-05,7,9,2026-07-02,2026-07-28,False,
100000000500040100,peripheral,0.3,0,0.3485,"v0: признаков роли мало: входов 1 (20 тыс. KZT), выходов 0 (0 KZT); достижим от 7 seed; граница выгрузки (глубина 4)",False,4,1,0,20000.0,0.0,1,0,0.0,0.0,0.00030605,0.0,7,1,2026-07-28,2026-07-28,True,depth4_boundary
100000000507799100,peripheral,0.3,36,0.2905,"v0: признаков роли мало: входов 1 (5 тыс. KZT), выходов 1 (8 тыс. KZT); достижим от 7 seed",False,1,1,1,5132.0,8000.0,1,1,5132.0,0.6415,0.00028612,0.00011532,7,2,2026-07-22,2026-07-25,False,
100000000533217100,terminal,0.5,0,0.5771,v0: признаки конечного получателя: входов 1 на 54 тыс. KZT; исходящих в выгрузке 0; достижим от 7 seed,False,2,1,0,53587.0,0.0,1,0,0.0,0.0,0.0006536,0.0,7,1,2026-07-15,2026-07-15,False,
100000000534581100,peripheral,0.3,3,0.5008,"v0: признаков роли мало: входов 2 (56 тыс. KZT), выходов 1 (40 тыс. KZT); достижим от 7 seed",False,3,2,1,55960.0,40000.0,2,1,40000.0,0.7148,0.00029845,1.922e-05,7,3,2026-07-10,2026-07-25,False,
100000000542087100,peripheral,0.3,34,0.143,"v0: признаков роли мало: входов 1 (9 тыс. KZT), выходов 0 (0 KZT); достижим от 7 seed; граница выгрузки (глубина 4)",False,4,1,0,8506.91,0.0,1,0,0.0,0.0,0.00028641,0.0,7,1,2026-07-15,2026-07-15,True,depth4_boundary
100000000552584100,peripheral,0.3,22,0.7636,"v0: признаков роли мало: входов 1 (2,5 млн KZT), выходов 1 (58 тыс. KZT); достижим от 2 seed",False,3,1,1,2500000.0,57500.0,3,1,57500.0,0.023,0.00132544,0.0,2,3,2026-07-08,2026-07-16,False,
100000000555721100,terminal,0.5,0,0.5093,v0: признаки конечного получателя: входов 2 на 113 тыс. KZT; исходящих в выгрузке 0; достижим от 7 seed,False,1,2,0,113000.0,0.0,3,0,0.0,0.0,0.00030809,0.0,7,2,2026-07-04,2026-07-16,False,
100000000557536100,peripheral,0.3,34,0.3231,"v0: признаков роли мало: входов 1 (153 тыс. KZT), выходов 0 (0 KZT); достижим от 7 seed; граница выгрузки (глубина 4)",False,4,1,0,153000.0,0.0,7,0,0.0,0.0,0.00030077,0.0,7,6,2026-07-01,2026-07-13,True,depth4_boundary
100000000560751100,terminal,0.5,12,0.5531,v0: признаки конечного получателя: входов 1 на 25 тыс. KZT; исходящих в выгрузке 0; достижим от 7 seed,False,3,1,0,25000.0,0.0,1,0,0.0,0.0,0.00055245,0.0,7,1,2026-07-09,2026-07-09,False,
100000000561160100,peripheral,0.3,2,0.4955,"v0: признаков роли мало: входов 1 (240 тыс. KZT), выходов 0 (0 KZT); достижим от 7 seed; граница выгрузки (глубина 4)",False,4,1,0,240000.0,0.0,1,0,0.0,0.0,0.00043625,0.0,7,1,2026-07-30,2026-07-30,True,depth4_boundary
100000000569479100,terminal,0.5,0,0.4768,v0: признаки конечного получателя: входов 1 на 320 тыс. KZT; исходящих в выгрузке 0; достижим от 7 seed,False,3,1,0,320000.0,0.0,1,0,0.0,0.0,0.00039495,0.0,7,1,2026-07-31,2026-07-31,False,
100000000572276100,peripheral,0.3,1,0.3141,"v0: признаков роли мало: входов 1 (13 тыс. KZT), выходов 1 (35 тыс. KZT); достижим от 1 seed",False,3,1,1,13075.0,34547.0,1,1,13075.0,0.3785,0.00028761,1.39e-06,1,2,2026-07-09,2026-07-22,False,
100000000580561100,peripheral,0.3,41,0.9268,"v0: признаков роли мало: входов 2 (28 тыс. KZT), выходов 3 (1,5 млн KZT); seed, входы неполны",True,0,2,3,27980.0,1488077.0,3,13,27980.0,0.0188,0.00083499,1.19e-06,0,12,2026-07-01,2026-07-29,False,seed_inflow_incomplete
100000000581662100,peripheral,0.3,13,0.3354,"v0: признаков роли мало: входов 1 (21 тыс. KZT), выходов 0 (0 KZT); достижим от 2 seed; граница выгрузки (глубина 4)",False,4,1,0,21160.0,0.0,1,0,0.0,0.0,0.00030292,0.0,2,1,2026-07-16,2026-07-16,True,depth4_boundary
100000000581682100,peripheral,0.3,27,0.2253,"v0: признаков роли мало: входов 1 (5 тыс. KZT), выходов 0 (0 KZT); достижим от 7 seed; граница выгрузки (глубина 4)",False,4,1,0,5000.0,0.0,1,0,0.0,0.0,0.00029086,0.0,7,1,2026-07-11,2026-07-11,True,depth4_boundary
100000000583220100,peripheral,0.3,65,0.4546,"v0: признаков роли мало: входов 1 (5 тыс. KZT), выходов 1 (761 тыс. KZT); достижим от 7 seed",False,3,1,1,5000.0,761255.0,1,4,5000.0,0.0066,0.00029811,1.962e-05,7,5,2026-07-05,2026-07-28,False,
100000000594783100,peripheral,0.3,22,0.81,"v0: признаков роли мало: входов 1 (2,6 млн KZT), выходов 2 (152 тыс. KZT); достижим от 2 seed",False,3,1,2,2635000.0,152500.0,10,2,152500.0,0.0579,0.00138159,0.0,2,8,2026-07-02,2026-07-27,False,
100000000596954100,peripheral,0.3,2,0.7173,"v0: признаков роли мало: входов 1 (120 тыс. KZT), выходов 2 (48 тыс. KZT); достижим от 10 seed",False,2,1,2,120000.0,48100.0,1,2,48100.0,0.4008,0.00051561,4.835e-05,10,2,2026-07-16,2026-07-18,False,
100000000600707100,peripheral,0.3,35,0.5607,"v0: признаков роли мало: входов 1 (89 тыс. KZT), выходов 0 (0 KZT); достижим от 1 seed; граница выгрузки (глубина 4)",False,4,1,0,89000.0,0.0,2,0,0.0,0.0,0.00057016,0.0,1,2,2026-07-22,2026-07-31,True,depth4_boundary
100000000607731100,peripheral,0.3,28,0.5419,"v0: признаков роли мало: входов 1 (20 тыс. KZT), выходов 1 (67 тыс. KZT); достижим от 1 seed",False,1,1,1,20000.0,66666.0,1,1,20000.0,0.3,0.00031754,5.9e-07,1,2,2026-07-01,2026-07-17,False,
100000000607941100,peripheral,0.3,4,0.7604,"v0: признаков роли мало: входов 2 (50 тыс. KZT), выходов 1 (70 тыс. KZT); достижим от 7 seed",False,2,2,1,50000.0,70000.0,3,4,50000.0,0.7143,0.00057857,5.766e-05,7,5,2026-07-10,2026-07-31,False,
100000000608031100,peripheral,0.3,16,0.5404,"v0: признаков роли мало: входов 1 (30 тыс. KZT), выходов 0 (0 KZT); достижим от 7 seed; граница выгрузки (глубина 4)",False,4,1,0,30000.0,0.0,1,0,0.0,0.0,0.00053864,0.0,7,1,2026-07-24,2026-07-24,True,depth4_boundary
100000000611474100,terminal,0.5,21,0.5667,v0: признаки конечного получателя: входов 1 на 32 тыс. KZT; исходящих в выгрузке 0; достижим от 7 seed,False,3,1,0,32000.0,0.0,1,0,0.0,0.0,0.00059562,0.0,7,1,2026-07-26,2026-07-26,False,
100000000625169100,terminal,0.5,1,0.192,v0: признаки конечного получателя: входов 1 на 10 тыс. KZT; исходящих в выгрузке 0; достижим от 1 seed,False,2,1,0,10000.0,0.0,1,0,0.0,0.0,0.00028897,0.0,1,1,2026-07-29,2026-07-29,False,
100000000627521100,peripheral,0.3,37,0.1372,"v0: признаков роли мало: входов 1 (6 тыс. KZT), выходов 0 (0 KZT); достижим от 7 seed; граница выгрузки (глубина 4)",False,4,1,0,6500.0,0.0,1,0,0.0,0.0,0.0002861,0.0,7,1,2026-07-11,2026-07-11,True,depth4_boundary
100000000629812100,terminal,0.5,53,0.454,v0: признаки конечного получателя: входов 2 на 22 тыс. KZT; исходящих в выгрузке 0; достижим от 10 seed,False,2,2,0,22000.0,0.0,2,0,0.0,0.0,0.00029798,0.0,10,2,2026-07-03,2026-07-28,False,
100000000634341100,peripheral,0.3,0,0.5542,"v0: признаков роли мало: входов 1 (24 тыс. KZT), выходов 0 (0 KZT); достижим от 7 seed; граница выгрузки (глубина 4)",False,4,1,0,24000.0,0.0,2,0,0.0,0.0,0.00055494,0.0,7,2,2026-07-19,2026-07-22,True,depth4_boundary
100000000640800100,peripheral,0.3,3,0.5712,"v0: признаков роли мало: входов 1 (80 тыс. KZT), выходов 4 (518 тыс. KZT); достижим от 7 seed",False,3,1,4,80000.0,518135.0,1,6,80000.0,0.1544,0.00030324,0.00014517,7,5,2026-07-09,2026-07-30,False,
100000000646541100,consolidator,0.375,0,0.7144,v0: признаки консолидации (fan-in): входов 3 на 25 тыс. KZT; выходов 0 на 0 KZT; достижим от 7 seed,False,2,3,0,25300.0,0.0,4,0,0.0,0.0,0.00050586,0.0,7,4,2026-07-23,2026-07-31,False,
100000000655469100,peripheral,0.3,20,0.4352,"v0: признаков роли мало: входов 1 (20 тыс. KZT), выходов 0 (0 KZT); достижим от 7 seed; граница выгрузки (глубина 4)",False,4,1,0,20000.0,0.0,2,0,0.0,0.0,0.00034543,0.0,7,2,2026-07-14,2026-07-18,True,depth4_boundary
100000000656682100,transit,0.3662,0,0.4008,"v0: признаки транзита: вход 71 тыс. KZT, выход 80 тыс. KZT; доля прохода 0.89, входов 1, выходов 2; достижим от 7 seed",False,3,1,2,71000.0,80000.0,1,3,71000.0,0.8875,0.00028957,3.844e-05,7,4,2026-07-16,2026-07-29,False,
100000000661131100,terminal,0.5,1,0.166,v0: признаки конечного получателя: входов 1 на 16 тыс. KZT; исходящих в выгрузке 0; достижим от 1 seed,False,3,1,0,15600.0,0.0,1,0,0.0,0.0,0.000288,0.0,1,1,2026-07-08,2026-07-08,False,
100000000661912100,consolidator,0.625,3,0.8649,v0: признаки консолидации (fan-in): входов 5 на 393 тыс. KZT; выходов 2 на 431 тыс. KZT; достижим от 7 seed,False,1,5,2,393036.0,430700.0,9,8,393036.0,0.9126,0.00174916,0.00133369,7,10,2026-07-03,2026-07-31,False,
100000000667713100,peripheral,0.3,4,0.6512,"v0: признаков роли мало: входов 2 (119 тыс. KZT), выходов 6 (79 тыс. KZT); достижим от 7 seed",False,1,2,6,119495.0,79236.0,10,7,79236.0,0.6631,0.00032011,0.00013968,7,11,2026-07-02,2026-07-29,False,
100000000673868100,peripheral,0.3,29,0.8493,"v0: признаков роли мало: входов 1 (2,0 млн KZT), выходов 5 (383 тыс. KZT); достижим от 7 seed",False,3,1,5,2030650.0,383000.0,5,19,383000.0,0.1886,0.00117281,4.102e-05,7,11,2026-07-02,2026-07-14,False,
100000000673915100,peripheral,0.3,34,0.1608,"v0: признаков роли мало: входов 1 (20 тыс. KZT), выходов 0 (0 KZT); достижим от 7 seed; граница выгрузки (глубина 4)",False,4,1,0,20200.0,0.0,1,0,0.0,0.0,0.00028758,0.0,7,1,2026-07-14,2026-07-14,True,depth4_boundary
100000000703894100,peripheral,0.3,28,0.6597,"v0: признаков роли мало: входов 1 (120 тыс. KZT), выходов 1 (35 тыс. KZT); достижим от 1 seed",False,1,1,1,120000.0,35000.0,1,1,35000.0,0.2917,0.00047737,5.9e-07,1,2,2026-07-05,2026-07-18,False,
100000000703902100,terminal,0.5,1,0.2268,v0: признаки конечного получателя: входов 1 на 25 тыс. KZT; исходящих в выгрузке 0; достижим от 1 seed,False,1,1,0,25499.0,0.0,1,0,0.0,0.0,0.00029092,0.0,1,1,2026-07-22,2026-07-22,False,
100000000704700100,peripheral,0.3,23,0.534,"v0: признаков роли мало: входов 1 (10 тыс. KZT), выходов 0 (0 KZT); достижим от 1 seed; граница выгрузки (глубина 4)",False,4,1,0,10000.0,0.0,1,0,0.0,0.0,0.00053326,0.0,1,1,2026-07-26,2026-07-26,True,depth4_boundary
100000000706545100,consolidator,0.375,4,0.8475,"v0: признаки консолидации (fan-in): входов 3 на 1,1 млн KZT; выходов 1 на 76 тыс. KZT; достижим от 7 seed",False,1,3,1,1070300.0,75800.0,8,3,75800.0,0.0708,0.00322663,1.962e-05,7,9,2026-07-10,2026-07-31,False,
100000000718427100,terminal,0.5,1,0.1614,v0: признаки конечного получателя: входов 1 на 6 тыс. KZT; исходящих в выгрузке 0; достижим от 1 seed,False,2,1,0,6000.0,0.0,1,0,0.0,0.0,0.00028761,0.0,1,1,2026-07-24,2026-07-24,False,
100000000723383100,peripheral,0.3,20,0.6688,"v0: признаков роли мало: входов 1 (7 тыс. KZT), выходов 2 (75 тыс. KZT); достижим от 7 seed",False,2,1,2,6800.0,75000.0,1,2,6800.0,0.0907,0.00038932,0.00023897,7,2,2026-07-07,2026-07-12,False,
100000000724540100,peripheral,0.3,17,0.5145,"v0: признаков роли мало: входов 1 (50 тыс. KZT), выходов 1 (100 тыс. KZT); достижим от 8 seed",False,2,1,1,50000.0,100000.0,1,1,50000.0,0.5,0.00030963,1.981e-05,8,2,2026-07-08,2026-07-29,False,
100000000733373100,terminal,0.5,4,0.3472,v0: признаки конечного получателя: входов 1 на 11 тыс. KZT; исходящих в выгрузке 0; достижим от 7 seed,False,2,1,0,10710.0,0.0,1,0,0.0,0.0,0.00030578,0.0,7,1,2026-07-24,2026-07-24,False,
100000000733451100,peripheral,0.3,12,0.6966,"v0: признаков роли мало: входов 1 (70 тыс. KZT), выходов 1 (300 тыс. KZT); достижим от 10 seed",False,3,1,1,70000.0,300000.0,2,1,70000.0,0.2333,0.00054126,2.457e-05,10,2,2026-07-07,2026-07-19,False,
100000000733940100,peripheral,0.3,30,0.4844,"v0: признаков роли мало: входов 1 (752 тыс. KZT), выходов 0 (0 KZT); достижим от 7 seed; граница выгрузки (глубина 4)",False,4,1,0,752000.0,0.0,2,0,0.0,0.0,0.00041119,0.0,7,2,2026-07-20,2026-07-28,True,depth4_boundary
100000000737152100,peripheral,0.3,0,0.4341,"v0: признаков роли мало: входов 1 (35 тыс. KZT), выходов 0 (0 KZT); достижим от 7 seed; граница выгрузки (глубина 4)",False,4,1,0,35000.0,0.0,1,0,0.0,0.0,0.00034451,0.0,7,1,2026-07-06,2026-07-06,True,depth4_boundary
100000000749118100,peripheral,0.3,0,0.2911,"v0: признаков роли мало: входов 1 (10 тыс. KZT), выходов 1 (16 тыс. KZT); достижим от 7 seed",False,3,1,1,10330.0,16500.0,1,1,10330.0,0.6261,0.00028615,1.922e-05,7,2,2026-07-06,2026-07-25,False,
100000000764836100,peripheral,0.3,3,0.6214,"v0: признаков роли мало: входов 1 (252 тыс. KZT), выходов 2 (50 тыс. KZT); достижим от 7 seed",False,3,1,2,251716.0,50000.0,1,2,50000.0,0.1986,0.00033678,3.844e-05,7,2,2026-07-08,2026-07-17,False,
100000000765628100,terminal,0.5,4,0.3852,v0: признаки конечного получателя: входов 1 на 5 тыс. KZT; исходящих в выгрузке 0; достижим от 7 seed,False,2,1,0,5000.0,0.0,1,0,0.0,0.0,0.00031542,0.0,7,1,2026-07-10,2026-07-10,False,
100000000769919100,terminal,0.5,59,0.5863,v0: признаки конечного получателя: входов 1 на 250 тыс. KZT; исходящих в выгрузке 0; достижим от 1 seed,False,2,1,0,250000.0,0.0,1,0,0.0,0.0,0.00073545,0.0,1,1,2026-07-13,2026-07-13,False,
100000000782285100,terminal,0.5,0,0.3972,v0: признаки конечного получателя: входов 1 на 6 тыс. KZT; исходящих в выгрузке 0; достижим от 7 seed,False,3,1,0,6151.0,0.0,1,0,0.0,0.0,0.0003196,0.0,7,1,2026-07-14,2026-07-14,False,
100000000783406100,terminal,0.5,33,0.2154,v0: признаки конечного получателя: входов 1 на 6 тыс. KZT; исходящих в выгрузке 0; достижим от 7 seed,False,3,1,0,6066.0,0.0,1,0,0.0,0.0,0.0002902,0.0,7,1,2026-07-22,2026-07-22,False,
100000000785800100,transit,1.0,54,0.599,"v0: признаки транзита: вход 19 тыс. KZT, выход 19 тыс. KZT; доля прохода 1.00, входов 1, выходов 1; достижим от 1 seed",False,2,1,1,19000.0,19000.0,1,1,19000.0,1.0,0.0003567,0.0,1,1,2026-07-31,2026-07-31,False,
100000000790311100,terminal,0.5,15,0.3194,v0: признаки конечного получателя: входов 1 на 46 тыс. KZT; исходящих в выгрузке 0; достижим от 7 seed,False,2,1,0,46300.0,0.0,1,0,0.0,0.0,0.0003003,0.0,7,1,2026-07-27,2026-07-27,False,
100000000791285100,peripheral,0.3,25,0.7806,"v0: признаков роли мало: входов 1 (1,1 млн KZT), выходов 3 (650 тыс. KZT); достижим от 7 seed",False,3,1,3,1120000.0,650000.0,2,3,650000.0,0.5804,0.00056643,3.884e-05,7,2,2026-07-07,2026-07-30,False,
100000000795033100,terminal,0.5,0,0.5333,v0: признаки конечного получателя: входов 1 на 18 тыс. KZT; исходящих в выгрузке 0; достижим от 7 seed,False,2,1,0,18200.0,0.0,1,0,0.0,0.0,0.00053302,0.0,7,1,2026-07-07,2026-07-07,False,
100000000795129100,terminal,0.5,15,0.473,v0: признаки конечного получателя: входов 1 на 332 тыс. KZT; исходящих в выгрузке 0; достижим от 7 seed,False,2,1,0,332000.0,0.0,1,0,0.0,0.0,0.00039119,0.0,7,1,2026-07-31,2026-07-31,False,
100000000795374100,terminal,0.5,3,0.2845,v0: признаки конечного получателя: входов 1 на 50 тыс. KZT; исходящих в выгрузке 0; достижим от 7 seed,False,3,1,0,50000.0,0.0,1,0,0.0,0.0,0.00029574,0.0,7,1,2026-07-12,2026-07-12,False,
100000000802149100,terminal,0.5,0,0.2758,v0: признаки конечного получателя: входов 1 на 104 тыс. KZT; исходящих в выгрузке 0; достижим от 7 seed,False,3,1,0,104128.0,0.0,1,0,0.0,0.0,0.0002948,0.0,7,1,2026-07-11,2026-07-11,False,
100000000803368100,peripheral,0.3,14,0.5489,"v0: признаков роли мало: входов 1 (140 тыс. KZT), выходов 0 (0 KZT); достижим от 7 seed; граница выгрузки (глубина 4)",False,4,1,0,139503.0,0.0,1,0,0.0,0.0,0.00054811,0.0,7,1,2026-07-13,2026-07-13,True,depth4_boundary
100000000806727100,peripheral,0.3,3,0.5885,"v0: признаков роли мало: входов 1 (45 тыс. KZT), выходов 1 (5 тыс. KZT); достижим от 11 seed",False,2,1,1,45000.0,5000.0,1,1,5000.0,0.1111,0.00034586,0.0,11,2,2026-07-08,2026-07-29,False,
100000000810551100,peripheral,0.3,2,0.4988,"v0: признаков роли мало: входов 1 (100 тыс. KZT), выходов 1 (7 тыс. KZT); достижим от 10 seed",False,1,1,1,100000.0,7100.0,1,1,7100.0,0.071,0.00030559,7.77e-05,10,2,2026-07-20,2026-07-22,False,
100000000817146100,terminal,0.5,4,0.5658,v0: признаки конечного получателя: входов 1 на 70 тыс. KZT; исходящих в выгрузке 0; достижим от 9 seed,False,1,1,0,70020.0,0.0,1,0,0.0,0.0,0.00058947,0.0,9,1,2026-07-06,2026-07-06,False,
100000000821507100,terminal,0.5,29,0.4226,v0: признаки конечного получателя: входов 1 на 400 тыс. KZT; исходящих в выгрузке 0; достижим от 7 seed,False,2,1,0,400000.0,0.0,1,0,0.0,0.0,0.00033554,0.0,7,1,2026-07-22,2026-07-22,False,
100000000831684100,peripheral,0.3,10,0.7711,"v0: признаков роли мало: входов 1 (15 тыс. KZT), выходов 1 (50 тыс. KZT); достижим от 1 seed",False,2,1,1,15000.0,50000.0,2,3,15000.0,0.3,0.00189061,0.0,1,3,2026-07-14,2026-07-24,False,
100000000838385100,peripheral,0.3,27,0.8169,"v0: признаков роли мало: входов 1 (437 тыс. KZT), выходов 2 (178 тыс. KZT); достижим от 7 seed",False,3,1,2,436900.0,177500.0,8,6,177500.0,0.4063,0.00192115,2.18e-05,7,7,2026-07-03,2026-07-30,False,
100000000850297100,transit,1.0,7,0.4196,"v0: признаки транзита: вход 18 тыс. KZT, выход 18 тыс. KZT; доля прохода 1.00, входов 1, выходов 1; достижим от 1 seed",False,2,1,1,17520.0,17520.0,1,1,17520.0,1.0,0.00029392,0.0,1,1,2026-07-19,2026-07-19,False,
100000000860514100,peripheral,0.3,24,0.502,"v0: признаков роли мало: входов 1 (12 тыс. KZT), выходов 1 (50 тыс. KZT); достижим от 7 seed",False,3,1,1,12000.0,50000.0,1,1,12000.0,0.24,0.00030629,2.001e-05,7,2,2026-07-19,2026-07-30,False,
100000000861294100,terminal,0.5,6,0.3792,v0: признаки конечного получателя: входов 1 на 150 тыс. KZT; исходящих в выгрузке 0; достижим от 1 seed,False,2,1,0,150000.0,0.0,1,0,0.0,0.0,0.000314,0.0,1,1,2026-07-28,2026-07-28,False,
100000000870121100,terminal,0.5,12,0.3854,v0: признаки конечного получателя: входов 1 на 12 тыс. KZT; исходящих в выгрузке 0; достижим от 7 seed,False,3,1,0,12000.0,0.0,1,0,0.0,0.0,0.00031567,0.0,7,1,2026-07-21,2026-07-21,False,
100000000878006100,terminal,0.5,5,0.1523,v0: признаки конечного получателя: входов 1 на 47 тыс. KZT; исходящих в выгрузке 0; достижим от 7 seed,False,3,1,0,47003.0,0.0,1,0,0.0,0.0,0.00028709,0.0,7,1,2026-07-03,2026-07-03,False,
100000000896111100,terminal,0.5,22,0.4697,v0: признаки конечного получателя: входов 1 на 287 тыс. KZT; исходящих в выгрузке 0; достижим от 1 seed,False,3,1,0,287100.0,0.0,1,0,0.0,0.0,0.00038717,0.0,1,1,2026-07-01,2026-07-01,False,
100000000907277100,terminal,0.5,1,0.1965,v0: признаки конечного получателя: входов 1 на 18 тыс. KZT; исходящих в выгрузке 0; достижим от 1 seed,False,1,1,0,17534.0,0.0,1,0,0.0,0.0,0.00028925,0.0,1,1,2026-07-24,2026-07-24,False,
100000000910216100,peripheral,0.3,2,0.5567,"v0: признаков роли мало: входов 1 (71 тыс. KZT), выходов 1 (52 тыс. KZT); достижим от 7 seed",False,2,1,1,71000.0,52010.0,3,1,52010.0,0.7325,0.00032324,0.00048016,7,4,2026-07-07,2026-07-19,False,
100000000912487100,terminal,0.5,2,0.2388,v0: признаки конечного получателя: входов 1 на 10 тыс. KZT; исходящих в выгрузке 0; достижим от 9 seed,False,2,1,0,10000.0,0.0,1,0,0.0,0.0,0.00029168,0.0,9,1,2026-07-23,2026-07-23,False,
100000000913911100,peripheral,0.3,2,0.6984,"v0: признаков роли мало: входов 2 (467 тыс. KZT), выходов 1 (600 тыс. KZT); достижим от 7 seed",False,2,2,1,467000.0,600000.0,2,1,467000.0,0.7783,0.00045944,1.942e-05,7,2,2026-07-27,2026-07-30,False,
100000000917179100,terminal,0.5,14,0.4893,v0: признаки конечного получателя: входов 1 на 94 тыс. KZT; исходящих в выгрузке 0; достижим от 7 seed,False,2,1,0,94465.0,0.0,2,0,0.0,0.0,0.00042586,0.0,7,1,2026-07-29,2026-07-29,False,
100000000922570100,transit,0.6923,10,0.413,"v0: признаки транзита: вход 47 тыс. KZT, выход 50 тыс. KZT; доля прохода 0.94, входов 1, выходов 1; достижим от 1 seed",False,1,1,1,47101.0,50000.0,1,1,47101.0,0.942,0.00029339,2e-07,1,2,2026-07-04,2026-07-15,False,
100000000926078100,peripheral,0.3,3,0.52,"v0: признаков роли мало: входов 1 (250 тыс. KZT), выходов 0 (0 KZT); достижим от 7 seed; граница выгрузки (глубина 4)",False,4,1,0,250000.0,0.0,1,0,0.0,0.0,0.00051656,0.0,7,1,2026-07-28,2026-07-28,True,depth4_boundary
100000000926766100,peripheral,0.3,24,0.5436,"v0: признаков роли мало: входов 1 (19 тыс. KZT), выходов 1 (6 тыс. KZT); достижим от 7 seed",False,3,1,1,18750.0,6000.0,1,1,6000.0,0.32,0.00031794,0.0,7,1,2026-07-31,2026-07-31,False,
100000000933075100,peripheral,0.3,10,0.7891,"v0: признаков роли мало: входов 1 (40 тыс. KZT), выходов 2 (55 тыс. KZT); достижим от 8 seed",False,3,1,2,40000.0,55000.0,1,2,40000.0,0.7273,0.0008087,2.14e-05,8,2,2026-07-08,2026-07-31,False,
100000000941942100,terminal,0.5,2,0.3694,v0: признаки конечного получателя: входов 1 на 130 тыс. KZT; исходящих в выгрузке 0; достижим от 10 seed,False,1,1,0,130000.0,0.0,1,0,0.0,0.0,0.0003116,0.0,10,1,2026-07-17,2026-07-17,False,
100000000942301100,terminal,0.5,0,0.3216,v0: признаки конечного получателя: входов 1 на 58 тыс. KZT; исходящих в выгрузке 0; достижим от 7 seed,False,3,1,0,57580.0,0.0,2,0,0.0,0.0,0.00030059,0.0,7,2,2026-07-07,2026-07-08,False,
100000000943371100,terminal,0.5,12,0.348,v0: признаки конечного получателя: входов 1 на 16 тыс. KZT; исходящих в выгрузке 0; достижим от 10 seed,False,2,1,0,15500.0,0.0,1,0,0.0,0.0,0.00030598,0.0,10,1,2026-07-14,2026-07-14,False,
100000000945428100,terminal,0.5,0,0.332,v0: признаки конечного получателя: входов 1 на 90 тыс. KZT; исходящих в выгрузке 0; достижим от 7 seed,False,1,1,0,89629.0,0.0,1,0,0.0,0.0,0.00030239,0.0,7,1,2026-07-15,2026-07-15,False,
100000000954884100,terminal,0.5,33,0.3692,v0: признаки конечного получателя: входов 1 на 34 тыс. KZT; исходящих в выгрузке 0; достижим от 7 seed,False,3,1,0,34000.0,0.0,1,0,0.0,0.0,0.0003115,0.0,7,1,2026-07-30,2026-07-30,False,
100000000955444100,terminal,0.5,41,0.4428,v0: признаки конечного получателя: входов 1 на 7 тыс. KZT; исходящих в выгрузке 0; достижим от 1 seed,False,2,1,0,6910.0,0.0,1,0,0.0,0.0,0.00035253,0.0,1,1,2026-07-03,2026-07-03,False,
100000000955529100,peripheral,0.3,2,0.4362,"v0: признаков роли мало: входов 1 (27 тыс. KZT), выходов 1 (64 тыс. KZT); достижим от 7 seed",False,3,1,1,27000.0,63500.0,1,1,27000.0,0.4252,0.00029563,3.37e-06,7,2,2026-07-07,2026-07-14,False,
100000000957746100,peripheral,0.3,16,0.4379,"v0: признаков роли мало: входов 1 (5 тыс. KZT), выходов 0 (0 KZT); достижим от 7 seed; граница выгрузки (глубина 4)",False,4,1,0,5300.0,0.0,1,0,0.0,0.0,0.00034731,0.0,7,1,2026-07-06,2026-07-06,True,depth4_boundary
100000000961900100,terminal,0.5,0,0.4235,v0: признаки конечного получателя: входов 2 на 36 тыс. KZT; исходящих в выгрузке 0; достижим от 7 seed,False,1,2,0,36000.0,0.0,3,0,0.0,0.0,0.00029432,0.0,7,3,2026-07-06,2026-07-14,False,
100000000967918100,terminal,0.5,0,0.5082,v0: признаки конечного получателя: входов 1 на 21 тыс. KZT; исходящих в выгрузке 0; достижим от 7 seed,False,2,1,0,21200.0,0.0,3,0,0.0,0.0,0.00047927,0.0,7,3,2026-07-01,2026-07-30,False,
100000000968253100,terminal,0.5,1,0.1846,v0: признаки конечного получателя: входов 1 на 15 тыс. KZT; исходящих в выгрузке 0; достижим от 1 seed,False,1,1,0,15000.0,0.0,1,0,0.0,0.0,0.00028872,0.0,1,1,2026-07-20,2026-07-20,False,
100000000971908100,terminal,0.5,6,0.3327,v0: признаки конечного получателя: входов 1 на 89 тыс. KZT; исходящих в выгрузке 0; достижим от 1 seed,False,2,1,0,89000.0,0.0,1,0,0.0,0.0,0.00030244,0.0,1,1,2026-07-27,2026-07-27,False,
100000000976943100,transit,0.0,11,0.6134,"v0: признаки транзита: вход 70 тыс. KZT, выход 84 тыс. KZT; доля прохода 0.83, входов 1, выходов 1; достижим от 8 seed",False,3,1,1,70000.0,84000.0,1,3,70000.0,0.8333,0.00037346,2.18e-05,8,3,2026-07-20,2026-07-30,False,
100000000978041100,terminal,0.5,1,0.2771,v0: признаки конечного получателя: входов 1 на 44 тыс. KZT; исходящих в выгрузке 0; достижим от 1 seed,False,1,1,0,44445.0,0.0,1,0,0.0,0.0,0.0002949,0.0,1,1,2026-07-22,2026-07-22,False,
100000000979567100,terminal,0.5,1,0.5271,v0: признаки конечного получателя: входов 1 на 10 тыс. KZT; исходящих в выгрузке 0; достижим от 1 seed,False,2,1,0,10000.0,0.0,1,0,0.0,0.0,0.00053073,0.0,1,1,2026-07-02,2026-07-02,False,
100000000979923100,terminal,0.5,11,0.3202,v0: признаки конечного получателя: входов 1 на 98 тыс. KZT; исходящих в выгрузке 0; достижим от 8 seed,False,1,1,0,97900.0,0.0,1,0,0.0,0.0,0.00030042,0.0,8,1,2026-07-13,2026-07-13,False,
100000000981693100,peripheral,0.3,0,0.5235,"v0: признаков роли мало: входов 1 (16 тыс. KZT), выходов 0 (0 KZT); достижим от 7 seed; граница выгрузки (глубина 4)",False,4,1,0,16500.0,0.0,1,0,0.0,0.0,0.00052908,0.0,7,1,2026-07-25,2026-07-25,True,depth4_boundary
100000000993112100,terminal,0.5,31,0.4975,v0: признаки конечного получателя: входов 1 на 141 тыс. KZT; исходящих в выгрузке 0; достижим от 8 seed,False,2,1,0,141000.0,0.0,1,0,0.0,0.0,0.00044111,0.0,8,1,2026-07-20,2026-07-20,False,
100000000998559100,terminal,0.5,2,0.3464,v0: признаки конечного получателя: входов 1 на 100 тыс. KZT; исходящих в выгрузке 0; достижим от 10 seed,False,1,1,0,100000.0,0.0,1,0,0.0,0.0,0.00030559,0.0,10,1,2026-07-26,2026-07-26,False,
100000001009583100,terminal,0.5,5,0.3029,v0: признаки конечного получателя: входов 1 на 394 тыс. KZT; исходящих в выгрузке 0; достижим от 7 seed,False,3,1,0,393740.0,0.0,1,0,0.0,0.0,0.00029833,0.0,7,1,2026-07-31,2026-07-31,False,
100000001046057100,terminal,0.5,9,0.3927,v0: признаки конечного получателя: входов 1 на 83 тыс. KZT; исходящих в выгрузке 0; достижим от 7 seed,False,3,1,0,83420.0,0.0,1,0,0.0,0.0,0.00031851,0.0,7,1,2026-07-05,2026-07-05,False,
100000001046626100,terminal,0.5,5,0.219,v0: признаки конечного получателя: входов 1 на 150 тыс. KZT; исходящих в выгрузке 0; достижим от 7 seed,False,3,1,0,150000.0,0.0,1,0,0.0,0.0,0.00029043,0.0,7,1,2026-07-20,2026-07-20,False,
100000001049200100,peripheral,0.3,18,0.5446,"v0: признаков роли мало: входов 2 (77 тыс. KZT), выходов 4 (36 тыс. KZT); достижим от 7 seed",False,1,2,4,76624.0,36000.0,2,5,36000.0,0.4698,0.00029829,0.00115965,7,6,2026-07-06,2026-07-30,False,
100000001052789100,terminal,0.5,18,0.3,v0: признаки конечного получателя: входов 1 на 71 тыс. KZT; исходящих в выгрузке 0; достижим от 7 seed,False,3,1,0,70975.0,0.0,1,0,0.0,0.0,0.00029771,0.0,7,1,2026-07-23,2026-07-23,False,
100000001052945100,peripheral,0.3,55,0.5492,"v0: признаков роли мало: входов 1 (57 тыс. KZT), выходов 3 (1,6 млн KZT); достижим от 7 seed",False,3,1,3,56520.0,1595700.0,1,6,56520.0,0.0354,0.00030154,5.766e-05,7,6,2026-07-03,2026-07-27,False,
100000001053894100,peripheral,0.3,37,0.4991,"v0: признаков роли мало: входов 1 (2,0 млн KZT), выходов 0 (0 KZT); достижим от 7 seed; граница выгрузки (глубина 4)",False,4,1,0,2000000.0,0.0,7,0,0.0,0.0,0.00044855,0.0,7,7,2026-07-02,2026-07-28,True,depth4_boundary
100000001056414100,terminal,0.5,13,0.2989,v0: признаки конечного получателя: входов 1 на 250 тыс. KZT; исходящих в выгрузке 0; достижим от 2 seed,False,3,1,0,250000.0,0.0,1,0,0.0,0.0,0.00029748,0.0,2,1,2026-07-15,2026-07-15,False,
100000001063678100,peripheral,0.3,21,0.6092,"v0: признаков роли мало: входов 1 (35 тыс. KZT), выходов 2 (90 тыс. KZT); достижим от 7 seed",False,3,1,2,35000.0,90000.0,1,2,35000.0,0.3889,0.00032775,3.963e-05,7,3,2026-07-05,2026-07-17,False,
100000001065234100,peripheral,0.3,15,0.5496,"v0: признаков роли мало: входов 1 (360 тыс. KZT), выходов 0 (0 KZT); достижим от 7 seed; граница выгрузки (глубина 4)",False,4,1,0,360000.0,0.0,1,0,0.0,0.0,0.00054869,0.0,7,1,2026-07-05,2026-07-05,True,depth4_boundary
100000001065481100,peripheral,0.3,12,0.4935,"v0: признаков роли мало: входов 1 (16 тыс. KZT), выходов 0 (0 KZT); достижим от 7 seed; граница выгрузки (глубина 4)",False,4,1,0,16000.0,0.0,2,0,0.0,0.0,0.00043227,0.0,7,2,2026-07-16,2026-07-23,True,depth4_boundary
100000001066017100,peripheral,0.3,0,0.5681,"v0: признаков роли мало: входов 2 (136 тыс. KZT), выходов 4 (82 тыс. KZT); достижим от 7 seed",False,3,2,4,136123.0,82500.0,3,4,82500.0,0.6061,0.00030124,7.688e-05,7,5,2026-07-04,2026-07-27,False,
100000001072022100,consolidator,0.375,2,0.713,"v0: признаки консолидации (fan-in): входов 3 на 1,7 млн KZT; выходов 0 на 0 KZT; достижим от 10 seed",False,1,3,0,1684000.0,0.0,6,0,0.0,0.0,0.00050213,0.0,10,3,2026-07-03,2026-07-30,False,
100000001073568100,peripheral,0.3,14,0.7073,"v0: признаков роли мало: входов 1 (707 тыс. KZT), выходов 2 (220 тыс. KZT); достижим от 7 seed",False,3,1,2,707465.0,219503.0,4,3,219503.0,0.3103,0.00048554,1.922e-05,7,3,2026-07-13,2026-07-18,False,
100000001074553100,terminal,0.5,8,0.3548,v0: признаки конечного получателя: входов 2 на 29 тыс. KZT; исходящих в выгрузке 0; достижим от 2 seed,False,1,2,0,28971.0,0.0,2,0,0.0,0.0,0.0002895,0.0,2,2,2026-07-14,2026-07-17,False,
100000001083990100,terminal,0.5,10,0.5153,v0: признаки конечного получателя: входов 1 на 50 тыс. KZT; исходящих в выгрузке 0; достижим от 8 seed,False,2,1,0,49900.0,0.0,2,0,0.0,0.0,0.00050211,0.0,8,1,2026-07-14,2026-07-14,False,
100000001089055100,peripheral,0.3,16,0.4137,"v0: признаков роли мало: входов 1 (13 тыс. KZT), выходов 0 (0 KZT); достижим от 7 seed; граница выгрузки (глубина 4)",False,4,1,0,13000.0,0.0,1,0,0.0,0.0,0.00032931,0.0,7,1,2026-07-10,2026-07-10,True,depth4_boundary
100000001102676100,transit,1.0,2,0.5276,"v0: признаки транзита: вход 50 тыс. KZT, выход 50 тыс. KZT; доля прохода 1.00, входов 1, выходов 1; достижим от 8 seed",False,2,1,1,50000.0,50000.0,1,1,50000.0,1.0,0.00031303,2.398e-05,8,1,2026-07-26,2026-07-26,False,
100000001103905100,terminal,0.5,1,0.1997,v0: признаки конечного получателя: входов 1 на 18 тыс. KZT; исходящих в выгрузке 0; достижим от 1 seed,False,1,1,0,18000.0,0.0,1,0,0.0,0.0,0.00028935,0.0,1,1,2026-07-18,2026-07-18,False,
100000001110358100,terminal,0.5,0,0.4075,v0: признаки конечного получателя: входов 2 на 32 тыс. KZT; исходящих в выгрузке 0; достижим от 7 seed,False,3,2,0,32000.0,0.0,2,0,0.0,0.0,0.00029299,0.0,7,1,2026-07-16,2026-07-16,False,
100000001111763100,terminal,0.5,1,0.1945,v0: признаки конечного получателя: входов 1 на 17 тыс. KZT; исходящих в выгрузке 0; достижим от 1 seed,False,1,1,0,17144.0,0.0,1,0,0.0,0.0,0.00028917,0.0,1,1,2026-07-07,2026-07-07,False,
100000001114385100,terminal,0.5,2,0.2157,v0: признаки конечного получателя: входов 1 на 30 тыс. KZT; исходящих в выгрузке 0; достижим от 7 seed,False,2,1,0,29500.0,0.0,1,0,0.0,0.0,0.00029022,0.0,7,1,2026-07-10,2026-07-10,False,
100000001126374100,consolidator,0.5,0,0.6193,v0: признаки консолидации (fan-in): входов 4 на 182 тыс. KZT; выходов 2 на 29 тыс. KZT; достижим от 7 seed,False,1,4,2,182500.0,29200.0,7,4,29200.0,0.16,0.0003135,3.923e-05,7,9,2026-07-01,2026-07-30,False,
100000001130176100,terminal,0.5,0,0.5571,v0: признаки конечного получателя: входов 1 на 25 тыс. KZT; исходящих в выгрузке 0; достижим от 7 seed,False,3,1,0,25000.0,0.0,2,0,0.0,0.0,0.00055805,0.0,7,2,2026-07-22,2026-07-24,False,
100000001130553100,peripheral,0.3,5,0.5453,"v0: признаков роли мало: входов 1 (18 тыс. KZT), выходов 0 (0 KZT); достижим от 7 seed; граница выгрузки (глубина 4)",False,4,1,0,18000.0,0.0,2,0,0.0,0.0,0.00054365,0.0,7,1,2026-07-10,2026-07-10,True,depth4_boundary
100000001131403100,peripheral,0.3,55,0.5395,"v0: признаков роли мало: входов 1 (1,6 млн KZT), выходов 0 (0 KZT); достижим от 7 seed; граница выгрузки (глубина 4)",False,4,1,0,1570000.0,0.0,3,0,0.0,0.0,0.00053804,0.0,7,3,2026-07-20,2026-07-27,True,depth4_boundary
100000001138283100,peripheral,0.3,3,0.5291,"v0: признаков роли мало: входов 1 (82 тыс. KZT), выходов 2 (50 тыс. KZT); достижим от 7 seed",False,3,1,2,81805.0,50000.0,1,2,50000.0,0.6112,0.00030221,1.902e-05,7,2,2026-07-05,2026-07-18,False,
100000001138376100,terminal,0.5,15,0.2195,v0: признаки конечного получателя: входов 1 на 15 тыс. KZT; исходящих в выгрузке 0; достижим от 7 seed,False,2,1,0,15300.0,0.0,1,0,0.0,0.0,0.00029044,0.0,7,1,2026-07-31,2026-07-31,False,
100000001140785100,terminal,0.5,9,0.5374,v0: признаки конечного получателя: входов 2 на 215 тыс. KZT; исходящих в выгрузке 0; достижим от 8 seed,False,3,2,0,215000.0,0.0,2,0,0.0,0.0,0.00031535,0.0,8,1,2026-07-14,2026-07-14,False,
100000001141268100,peripheral,0.3,17,0.6525,"v0: признаков роли мало: входов 2 (480 тыс. KZT), выходов 1 (10 тыс. KZT); достижим от 9 seed",False,3,2,1,480000.0,10000.0,2,1,10000.0,0.0208,0.00036486,2.239e-05,9,2,2026-07-28,2026-07-29,False,
100000001145749100,terminal,0.5,2,0.508,v0: признаки конечного получателя: входов 1 на 10 тыс. KZT; исходящих в выгрузке 0; достижим от 10 seed,False,3,1,0,10000.0,0.0,1,0,0.0,0.0,0.00047851,0.0,10,1,2026-07-20,2026-07-20,False,
100000001149815100,terminal,0.5,1,0.1572,v0: признаки конечного получателя: входов 1 на 12 тыс. KZT; исходящих в выгрузке 0; достижим от 1 seed,False,3,1,0,12000.0,0.0,1,0,0.0,0.0,0.00028744,0.0,1,1,2026-07-27,2026-07-27,False,
100000001155773100,terminal,0.5,1,0.191,v0: признаки конечного получателя: входов 1 на 22 тыс. KZT; исходящих в выгрузке 0; достижим от 1 seed,False,3,1,0,21500.0,0.0,1,0,0.0,0.0,0.00028892,0.0,1,1,2026-07-16,2026-07-16,False,
100000001160401100,terminal,0.5,0,0.344,v0: признаки конечного получателя: входов 1 на 47 тыс. KZT; исходящих в выгрузке 0; достижим от 7 seed,False,3,1,0,47190.0,0.0,2,0,0.0,0.0,0.00030489,0.0,7,2,2026-07-03,2026-07-06,False,
100000001162560100,distributor,0.48,8,0.6646,"v0: признаки распределения (fan-out): выходов 12 на 2,9 млн KZT; входов 1 на 331 тыс. KZT; достижим от 1 seed",False,1,1,12,331300.0,2904398.0,2,14,331300.0,0.1141,0.00032115,2.97e-06,1,9,2026-07-02,2026-07-31,False,
100000001164648100,terminal,0.5,7,0.3668,v0: признаки конечного получателя: входов 2 на 14 тыс. KZT; исходящих в выгрузке 0; достижим от 7 seed,False,1,2,0,13660.0,0.0,2,0,0.0,0.0,0.00029014,0.0,7,2,2026-07-17,2026-07-31,False,
100000001166289100,peripheral,0.3,1,0.8178,"v0: признаков роли мало: входов 2 (721 тыс. KZT), выходов 1 (25 тыс. KZT); достижим от 1 seed",False,2,2,1,721039.0,25000.0,10,1,25000.0,0.0347,0.00200213,0.0,1,11,2026-07-01,2026-07-28,False,
100000001169666100,peripheral,0.3,7,0.5494,"v0: признаков роли мало: входов 1 (220 тыс. KZT), выходов 1 (24 тыс. KZT); достижим от 9 seed",False,3,1,1,220000.0,24000.0,2,1,24000.0,0.1091,0.00031954,2.199e-05,9,3,2026-07-17,2026-07-29,False,
100000001184915100,terminal,0.5,15,0.4399,v0: признаки конечного получателя: входов 1 на 201 тыс. KZT; исходящих в выгрузке 0; достижим от 7 seed,False,2,1,0,201000.0,0.0,2,0,0.0,0.0,0.00034952,0.0,7,1,2026-07-30,2026-07-30,False,
100000001194266100,terminal,0.5,2,0.2831,v0: признаки конечного получателя: входов 1 на 50 тыс. KZT; исходящих в выгрузке 0; достижим от 10 seed,False,1,1,0,50000.0,0.0,1,0,0.0,0.0,0.00029558,0.0,10,1,2026-07-24,2026-07-24,False,
100000001202637100,peripheral,0.3,7,0.5498,"v0: признаков роли мало: входов 1 (10 тыс. KZT), выходов 0 (0 KZT); достижим от 9 seed; граница выгрузки (глубина 4)",False,4,1,0,10000.0,0.0,1,0,0.0,0.0,0.00054877,0.0,9,1,2026-07-10,2026-07-10,True,depth4_boundary
100000001202787100,peripheral,0.3,0,0.5939,"v0: признаков роли мало: входов 2 (15 тыс. KZT), выходов 0 (0 KZT); достижим от 7 seed; граница выгрузки (глубина 4)",False,4,2,0,14850.0,0.0,2,0,0.0,0.0,0.00035114,0.0,7,2,2026-07-09,2026-07-17,True,depth4_boundary
100000001220124100,peripheral,0.3,3,0.5422,"v0: признаков роли мало: входов 1 (40 тыс. KZT), выходов 0 (0 KZT); достижим от 7 seed; граница выгрузки (глубина 4)",False,4,1,0,40000.0,0.0,1,0,0.0,0.0,0.00053956,0.0,7,1,2026-07-15,2026-07-15,True,depth4_boundary
100000001222245100,peripheral,0.3,5,0.5504,"v0: признаков роли мало: входов 1 (420 тыс. KZT), выходов 0 (0 KZT); достижим от 7 seed; граница выгрузки (глубина 4)",False,4,1,0,420000.0,0.0,5,0,0.0,0.0,0.00054916,0.0,7,5,2026-07-19,2026-07-31,True,depth4_boundary
100000001222263100,peripheral,0.3,5,0.5151,"v0: признаков роли мало: входов 1 (746 тыс. KZT), выходов 1 (420 тыс. KZT); достижим от 7 seed",False,3,1,1,745570.0,420000.0,1,5,420000.0,0.5633,0.00030973,1.922e-05,7,5,2026-07-19,2026-07-31,False,
100000001223977100,peripheral,0.3,48,0.4984,"v0: признаков роли мало: входов 1 (5 тыс. KZT), выходов 1 (18 тыс. KZT); достижим от 10 seed",False,3,1,1,5000.0,18000.0,1,1,5000.0,0.2778,0.00030554,2.417e-05,10,2,2026-07-05,2026-07-24,False,
100000001227106100,terminal,0.5,5,0.2264,v0: признаки конечного получателя: входов 1 на 165 тыс. KZT; исходящих в выгрузке 0; достижим от 7 seed,False,3,1,0,164765.0,0.0,1,0,0.0,0.0,0.00029091,0.0,7,1,2026-07-23,2026-07-23,False,
100000001229743100,peripheral,0.3,0,0.3301,"v0: признаков роли мало: входов 1 (7 тыс. KZT), выходов 1 (9 тыс. KZT); достижим от 7 seed",False,3,1,1,7000.0,9000.0,1,1,7000.0,0.7778,0.00028844,1.922e-05,7,2,2026-07-02,2026-07-08,False,
100000001232297100,peripheral,0.3,12,0.4428,"v0: признаков роли мало: входов 1 (5 тыс. KZT), выходов 2 (45 тыс. KZT); достижим от 10 seed",False,2,1,2,5000.0,45000.0,1,2,5000.0,0.1111,0.00029215,0.0,10,3,2026-07-08,2026-07-22,False,
100000001236706100,consolidator,0.375,12,0.8217,v0: признаки консолидации (fan-in): входов 3 на 143 тыс. KZT; выходов 2 на 36 тыс. KZT; достижим от 7 seed,False,3,3,2,142700.0,36000.0,3,2,36000.0,0.2523,0.00076629,3.923e-05,7,4,2026-07-02,2026-07-21,False,
100000001241318100,terminal,0.5,0,0.5278,v0: признаки конечного получателя: входов 1 на 53 тыс. KZT; исходящих в выгрузке 0; достижим от 7 seed,False,2,1,0,53000.0,0.0,1,0,0.0,0.0,0.00053084,0.0,7,1,2026-07-08,2026-07-08,False,
100000001246806100,peripheral,0.3,8,0.5329,"v0: признаков роли мало: входов 1 (130 тыс. KZT), выходов 0 (0 KZT); достижим от 9 seed; граница выгрузки (глубина 4)",False,4,1,0,130000.0,0.0,1,0,0.0,0.0,0.00053298,0.0,9,1,2026-07-21,2026-07-21,True,depth4_boundary
100000001248999100,terminal,0.5,16,0.1975,v0: признаки конечного получателя: входов 1 на 23 тыс. KZT; исходящих в выгрузке 0; достижим от 7 seed,False,3,1,0,23425.0,0.0,1,0,0.0,0.0,0.00028926,0.0,7,1,2026-07-22,2026-07-22,False,
100000001249054100,peripheral,0.3,7,0.2437,"v0: признаков роли мало: входов 1 (17 тыс. KZT), выходов 0 (0 KZT); достижим от 7 seed; граница выгрузки (глубина 4)",False,4,1,0,17375.0,0.0,1,0,0.0,0.0,0.00029207,0.0,7,1,2026-07-26,2026-07-26,True,depth4_boundary
100000001250022100,terminal,0.5,6,0.2782,v0: признаки конечного получателя: входов 1 на 50 тыс. KZT; исходящих в выгрузке 0; достижим от 1 seed,False,2,1,0,50000.0,0.0,1,0,0.0,0.0,0.00029505,0.0,1,1,2026-07-31,2026-07-31,False,
100000001251686100,terminal,0.5,2,0.2918,v0: признаки конечного получателя: входов 1 на 18 тыс. KZT; исходящих в выгрузке 0; достижим от 9 seed,False,2,1,0,18000.0,0.0,1,0,0.0,0.0,0.00029657,0.0,9,1,2026-07-12,2026-07-12,False,
100000001252290100,peripheral,0.3,5,0.3665,"v0: признаков роли мало: входов 1 (141 тыс. KZT), выходов 1 (5 тыс. KZT); достижим от 7 seed",False,3,1,1,141005.0,5000.0,1,1,5000.0,0.0355,0.00029014,1.922e-05,7,2,2026-07-04,2026-07-22,False,
100000001253557100,consolidator,0.625,9,0.6744,v0: признаки консолидации (fan-in): входов 5 на 210 тыс. KZT; выходов 0 на 0 KZT; достижим от 10 seed,False,1,5,0,210200.0,0.0,5,0,0.0,0.0,0.00035107,0.0,10,5,2026-07-10,2026-07-28,False,
100000001256409100,peripheral,0.3,3,0.5478,"v0: признаков роли мало: входов 1 (8 тыс. KZT), выходов 0 (0 KZT); достижим от 1 seed; граница выгрузки (глубина 4)",False,4,1,0,8000.0,0.0,1,0,0.0,0.0,0.00054716,0.0,1,1,2026-07-27,2026-07-27,True,depth4_boundary
100000001262647100,terminal,0.5,15,0.3389,v0: признаки конечного получателя: входов 1 на 24 тыс. KZT; исходящих в выгрузке 0; достижим от 7 seed,False,2,1,0,23650.0,0.0,1,0,0.0,0.0,0.00030339,0.0,7,1,2026-07-30,2026-07-30,False,
100000001270349100,terminal,0.5,26,0.4446,v0: признаки конечного получателя: входов 1 на 200 тыс. KZT; исходящих в выгрузке 0; достижим от 1 seed,False,3,1,0,200000.0,0.0,1,0,0.0,0.0,0.0003553,0.0,1,1,2026-07-05,2026-07-05,False,
100000001270470100,peripheral,0.3,0,0.4922,"v0: признаков роли мало: входов 1 (28 тыс. KZT), выходов 0 (0 KZT); достижим от 7 seed; граница выгрузки (глубина 4)",False,4,1,0,28300.0,0.0,2,0,0.0,0.0,0.00042974,0.0,7,2,2026-07-06,2026-07-07,True,depth4_boundary
100000001273783100,terminal,0.5,7,0.2922,v0: признаки конечного получателя: входов 1 на 23 тыс. KZT; исходящих в выгрузке 0; достижим от 1 seed,False,2,1,0,23200.0,0.0,1,0,0.0,0.0,0.00029662,0.0,1,1,2026-07-20,2026-07-20,False,
100000001275557100,peripheral,0.3,21,0.4383,"v0: признаков роли мало: входов 1 (20 тыс. KZT), выходов 0 (0 KZT); достижим от 7 seed; граница выгрузки (глубина 4)",False,4,1,0,20000.0,0.0,1,0,0.0,0.0,0.00034751,0.0,7,1,2026-07-07,2026-07-07,True,depth4_boundary
100000001275752100,terminal,0.5,8,0.2602,v0: признаки конечного получателя: входов 1 на 152 тыс. KZT; исходящих в выгрузке 0; достижим от 9 seed,False,3,1,0,151500.0,0.0,1,0,0.0,0.0,0.00029337,0.0,9,1,2026-07-30,2026-07-30,False,
100000001276409100,peripheral,0.3,7,0.4012,"v0: признаков роли мало: входов 1 (95 тыс. KZT), выходов 0 (0 KZT); достижим от 7 seed; граница выгрузки (глубина 4)",False,4,1,0,94760.0,0.0,1,0,0.0,0.0,0.00032104,0.0,7,1,2026-07-14,2026-07-14,True,depth4_boundary
100000001279272100,peripheral,0.3,0,0.5531,"v0: признаков роли мало: входов 1 (250 тыс. KZT), выходов 2 (137 тыс. KZT); достижим от 7 seed",False,3,1,2,250000.0,136758.0,1,2,136758.0,0.547,0.00030774,0.0002992,7,3,2026-07-12,2026-07-16,False,
100000001279875100,terminal,0.5,13,0.3383,v0: признаки конечного получателя: входов 1 на 49 тыс. KZT; исходящих в выгрузке 0; достижим от 1 seed,False,2,1,0,49235.0,0.0,1,0,0.0,0.0,0.00030327,0.0,1,1,2026-07-31,2026-07-31,False,
100000001280798100,terminal,0.5,7,0.2718,v0: признаки конечного получателя: входов 1 на 24 тыс. KZT; исходящих в выгрузке 0; достижим от 7 seed,False,3,1,0,23785.0,0.0,1,0,0.0,0.0,0.00029443,0.0,7,1,2026-07-06,2026-07-06,False,
100000001282143100,consolidator,0.625,13,0.714,"v0: признаки консолидации (fan-in): входов 5 на 1,7 млн KZT; выходов 0 на 0 KZT; достижим от 10 seed",False,3,5,0,1700000.0,0.0,6,0,0.0,0.0,0.00040176,0.0,10,3,2026-07-05,2026-07-29,False,
100000001285440100,terminal,0.5,17,0.5516,v0: признаки конечного получателя: входов 2 на 243 тыс. KZT; исходящих в выгрузке 0; достижим от 9 seed,False,3,2,0,243000.0,0.0,2,0,0.0,0.0,0.00032036,0.0,9,1,2026-07-30,2026-07-30,False,
100000001286703100,peripheral,0.3,37,0.1548,"v0: признаков роли мало: входов 1 (20 тыс. KZT), выходов 0 (0 KZT); достижим от 7 seed; граница выгрузки (глубина 4)",False,4,1,0,20500.0,0.0,1,0,0.0,0.0,0.00028724,0.0,7,1,2026-07-21,2026-07-21,True,depth4_boundary
100000001287955100,peripheral,0.3,13,0.5004,"v0: признаков роли мало: входов 1 (18 тыс. KZT), выходов 4 (310 тыс. KZT); достижим от 1 seed",False,2,1,4,17520.0,310000.0,1,5,17520.0,0.0565,0.00029392,0.0006803,1,4,2026-07-19,2026-07-25,False,
100000001290243100,terminal,0.5,4,0.3976,v0: признаки конечного получателя: входов 1 на 10 тыс. KZT; исходящих в выгрузке 0; достижим от 7 seed,False,2,1,0,10000.0,0.0,1,0,0.0,0.0,0.00031995,0.0,7,1,2026-07-12,2026-07-12,False,
100000001297206100,peripheral,0.3,0,0.3042,"v0: признаков роли мало: входов 1 (7 тыс. KZT), выходов 0 (0 KZT); достижим от 7 seed; граница выгрузки (глубина 4)",False,4,1,0,6758.0,0.0,1,0,0.0,0.0,0.00029851,0.0,7,1,2026-07-16,2026-07-16,True,depth4_boundary
100000001298099100,terminal,0.5,7,0.2517,v0: признаки конечного получателя: входов 1 на 19 тыс. KZT; исходящих в выгрузке 0; достижим от 7 seed,False,3,1,0,19000.0,0.0,1,0,0.0,0.0,0.00029265,0.0,7,1,2026-07-06,2026-07-06,False,
100000001299323100,peripheral,0.3,8,0.3162,"v0: признаков роли мало: входов 1 (109 тыс. KZT), выходов 0 (0 KZT); достижим от 8 seed; граница выгрузки (глубина 4)",False,4,1,0,109000.0,0.0,1,0,0.0,0.0,0.00029991,0.0,8,1,2026-07-28,2026-07-28,True,depth4_boundary
100000001299443100,peripheral,0.3,7,0.2099,"v0: признаков роли мало: входов 1 (8 тыс. KZT), выходов 0 (0 KZT); достижим от 1 seed; граница выгрузки (глубина 4)",False,4,1,0,8000.0,0.0,1,0,0.0,0.0,0.00028985,0.0,1,1,2026-07-24,2026-07-24,True,depth4_boundary
100000001299828100,peripheral,0.3,0,0.548,"v0: признаков роли мало: входов 1 (100 тыс. KZT), выходов 0 (0 KZT); достижим от 7 seed; граница выгрузки (глубина 4)",False,4,1,0,100000.0,0.0,1,0,0.0,0.0,0.00054726,0.0,7,1,2026-07-24,2026-07-24,True,depth4_boundary
100000001303311100,consolidator,0.625,17,0.7483,"v0: признаки консолидации (fan-in): входов 5 на 1,3 млн KZT; выходов 0 на 0 KZT; достижим от 9 seed",False,3,5,0,1324000.0,0.0,5,0,0.0,0.0,0.0005017,0.0,9,2,2026-07-30,2026-07-31,False,
100000001307612100,terminal,0.5,1,0.2637,v0: признаки конечного получателя: входов 1 на 38 тыс. KZT; исходящих в выгрузке 0; достижим от 1 seed,False,1,1,0,38483.0,0.0,1,0,0.0,0.0,0.00029365,0.0,1,1,2026-07-01,2026-07-01,False,
100000001308856100,terminal,0.5,1,0.2753,v0: признаки конечного получателя: входов 1 на 27 тыс. KZT; исходящих в выгрузке 0; достижим от 1 seed,False,2,1,0,27000.0,0.0,1,0,0.0,0.0,0.00029474,0.0,1,1,2026-07-22,2026-07-22,False,
100000001311175100,peripheral,0.3,13,0.53,"v0: признаков роли мало: входов 1 (300 тыс. KZT), выходов 0 (0 KZT); достижим от 2 seed; граница выгрузки (глубина 4)",False,4,1,0,300000.0,0.0,1,0,0.0,0.0,0.00053151,0.0,2,1,2026-07-21,2026-07-21,True,depth4_boundary
100000001317336100,peripheral,0.3,30,0.6303,"v0: признаков роли мало: входов 1 (131 тыс. KZT), выходов 2 (1,8 млн KZT); достижим от 7 seed",False,3,1,2,131196.0,1752000.0,1,3,131196.0,0.0749,0.00034385,4.003e-05,7,3,2026-07-20,2026-07-28,False,
100000001325618100,peripheral,0.3,7,0.2219,"v0: признаков роли мало: входов 1 (9 тыс. KZT), выходов 0 (0 KZT); достижим от 1 seed; граница выгрузки (глубина 4)",False,4,1,0,9300.0,0.0,1,0,0.0,0.0,0.00029055,0.0,1,1,2026-07-29,2026-07-29,True,depth4_boundary
100000001329153100,terminal,0.5,0,0.2684,v0: признаки конечного получателя: входов 1 на 151 тыс. KZT; исходящих в выгрузке 0; достижим от 7 seed,False,3,1,0,150687.0,0.0,1,0,0.0,0.0,0.00029406,0.0,7,1,2026-07-03,2026-07-03,False,
100000001330595100,consolidator,0.375,23,0.8008,v0: признаки консолидации (fan-in): входов 3 на 87 тыс. KZT; выходов 1 на 154 тыс. KZT; достижим от 1 seed,False,2,3,1,87000.0,154000.0,6,1,87000.0,0.5649,0.00067557,1.19e-06,1,6,2026-07-01,2026-07-22,False,
100000001330685100,consolidator,0.375,5,0.7174,"v0: признаки консолидации (fan-in): входов 3 на 2,4 млн KZT; выходов 1 на 100 тыс. KZT; достижим от 7 seed",False,1,3,1,2435923.0,100500.0,7,1,100500.0,0.0413,0.00043822,1.922e-05,7,6,2026-07-01,2026-07-29,False,
100000001339466100,terminal,0.5,2,0.3414,v0: признаки конечного получателя: входов 1 на 30 тыс. KZT; исходящих в выгрузке 0; достижим от 9 seed,False,2,1,0,30000.0,0.0,1,0,0.0,0.0,0.0003039,0.0,9,1,2026-07-10,2026-07-10,False,
100000001346560100,peripheral,0.3,3,0.7629,"v0: признаков роли мало: входов 2 (10 тыс. KZT), выходов 1 (22 тыс. KZT); достижим от 11 seed",False,2,2,1,10000.0,22200.0,2,1,10000.0,0.4505,0.00058662,2.576e-05,11,3,2026-07-19,2026-07-31,False,
100000001362940100,terminal,0.5,2,0.3298,v0: признаки конечного получателя: входов 1 на 81 тыс. KZT; исходящих в выгрузке 0; достижим от 10 seed,False,1,1,0,81000.0,0.0,1,0,0.0,0.0,0.00030179,0.0,10,1,2026-07-19,2026-07-19,False,
100000001363952100,peripheral,0.3,3,0.5504,"v0: признаков роли мало: входов 2 (197 тыс. KZT), выходов 1 (91 тыс. KZT); достижим от 7 seed",False,1,2,1,196655.0,91000.0,2,2,91000.0,0.4627,0.0003071,1.922e-05,7,3,2026-07-01,2026-07-21,False,
100000001373265100,peripheral,0.3,3,0.5343,"v0: признаков роли мало: входов 1 (142 тыс. KZT), выходов 1 (5 тыс. KZT); достижим от 7 seed",False,3,1,1,142482.0,5000.0,1,1,5000.0,0.0351,0.00031456,1.922e-05,7,2,2026-07-13,2026-07-20,False,
100000001378288100,peripheral,0.3,3,0.5211,"v0: признаков роли мало: входов 1 (268 тыс. KZT), выходов 0 (0 KZT); достижим от 7 seed; граница выгрузки (глубина 4)",False,4,1,0,268000.0,0.0,3,0,0.0,0.0,0.00052345,0.0,7,3,2026-07-11,2026-07-18,True,depth4_boundary
100000001379511100,terminal,0.5,9,0.3536,v0: признаки конечного получателя: входов 1 на 55 тыс. KZT; исходящих в выгрузке 0; достижим от 7 seed,False,3,1,0,55000.0,0.0,1,0,0.0,0.0,0.00030729,0.0,7,1,2026-07-04,2026-07-04,False,
100000001380054100,peripheral,0.3,28,0.8174,"v0: признаков роли мало: входов 2 (127 тыс. KZT), выходов 3 (360 тыс. KZT); достижим от 1 seed",False,1,2,3,127050.0,360000.0,2,4,127050.0,0.3529,0.00071643,2.77e-06,1,4,2026-07-04,2026-07-24,False,
100000001380107100,terminal,0.5,53,0.227,v0: признаки конечного получателя: входов 1 на 6 тыс. KZT; исходящих в выгрузке 0; достижим от 10 seed,False,3,1,0,6000.0,0.0,1,0,0.0,0.0,0.00029095,0.0,10,1,2026-07-22,2026-07-22,False,
100000001380986100,terminal,0.5,8,0.246,v0: признаки конечного получателя: входов 1 на 70 тыс. KZT; исходящих в выгрузке 0; достижим от 1 seed,False,2,1,0,70170.0,0.0,1,0,0.0,0.0,0.00029217,0.0,1,1,2026-07-07,2026-07-07,False,
100000001382002100,transit,0.8636,0,0.7311,"v0: признаки транзита: вход 55 тыс. KZT, выход 56 тыс. KZT; доля прохода 0.97, входов 1, выходов 1; достижим от 7 seed",False,2,1,1,55000.0,56500.0,2,3,55000.0,0.9735,0.00066331,0.0,7,5,2026-07-02,2026-07-16,False,
100000001384826100,peripheral,0.3,5,0.4504,"v0: признаков роли мало: входов 1 (364 тыс. KZT), выходов 1 (10 тыс. KZT); достижим от 7 seed",False,3,1,1,364260.0,10000.0,1,1,10000.0,0.0275,0.00029737,1.922e-05,7,2,2026-07-15,2026-07-27,False,
100000001386612100,terminal,0.5,19,0.4942,v0: признаки конечного получателя: входов 1 на 62 тыс. KZT; исходящих в выгрузке 0; достижим от 7 seed,False,2,1,0,62264.0,0.0,1,0,0.0,0.0,0.00043377,0.0,7,1,2026-07-04,2026-07-04,False,
100000001389255100,terminal,0.5,1,0.1917,v0: признаки конечного получателя: входов 1 на 16 тыс. KZT; исходящих в выгрузке 0; достижим от 1 seed,False,1,1,0,16136.0,0.0,1,0,0.0,0.0,0.00028896,0.0,1,1,2026-07-18,2026-07-18,False,
100000001411870100,terminal,0.5,6,0.6601,v0: признаки конечного получателя: входов 2 на 900 тыс. KZT; исходящих в выгрузке 0; достижим от 2 seed,False,1,2,0,900000.0,0.0,4,0,0.0,0.0,0.00047804,0.0,2,2,2026-07-16,2026-07-23,False,
100000001415126100,terminal,0.5,19,0.5839,"v0: признаки конечного получателя: входов 1 на 27 тыс. KZT; исходящих в выгрузке 0; достижим от 7 seed; seed, входы неполны",True,0,1,0,27000.0,0.0,1,0,0.0,0.0,0.00040962,0.0,7,1,2026-07-02,2026-07-02,False,seed_inflow_incomplete
100000001418900100,terminal,0.5,1,0.3096,v0: признаки конечного получателя: входов 1 на 40 тыс. KZT; исходящих в выгрузке 0; достижим от 1 seed,False,2,1,0,40140.0,0.0,2,0,0.0,0.0,0.0002992,0.0,1,2,2026-07-18,2026-07-28,False,
100000001420847100,terminal,0.5,18,0.3349,v0: признаки конечного получателя: входов 1 на 20 тыс. KZT; исходящих в выгрузке 0; достижим от 7 seed,False,2,1,0,20000.0,0.0,2,0,0.0,0.0,0.00030283,0.0,7,2,2026-07-06,2026-07-30,False,
100000001427082100,peripheral,0.3,20,0.7385,"v0: признаков роли мало: входов 1 (5 тыс. KZT), выходов 5 (125 тыс. KZT); достижим от 7 seed",False,3,1,5,5000.0,124900.0,1,6,5000.0,0.04,0.00043925,7.847e-05,7,7,2026-07-07,2026-07-20,False,
100000001429930100,terminal,0.5,12,0.5408,"v0: признаки конечного получателя: входов 1 на 26 тыс. KZT; исходящих в выгрузке 0; достижим от 7 seed; seed, входы неполны",True,0,1,0,26000.0,0.0,1,0,0.0,0.0,0.0003508,0.0,7,1,2026-07-23,2026-07-23,False,seed_inflow_incomplete
100000001439416100,peripheral,0.3,0,0.6283,"v0: признаков роли мало: входов 1 (10 тыс. KZT), выходов 2 (165 тыс. KZT); достижим от 7 seed",False,3,1,2,10000.0,165000.0,1,3,10000.0,0.0606,0.0003409,1.981e-05,7,4,2026-07-01,2026-07-27,False,
100000001445848100,peripheral,0.3,33,0.7349,"v0: признаков роли мало: входов 1 (546 тыс. KZT), выходов 1 (352 тыс. KZT); достижим от 7 seed",False,3,1,1,546000.0,351850.0,13,14,351850.0,0.6444,0.00070202,0.0,7,19,2026-07-02,2026-07-28,False,
100000001463701100,terminal,0.5,11,0.714,v0: признаки конечного получателя: входов 2 на 621 тыс. KZT; исходящих в выгрузке 0; достижим от 8 seed,False,1,2,0,621000.0,0.0,2,0,0.0,0.0,0.00057221,0.0,8,1,2026-07-20,2026-07-20,False,
100000001471706100,peripheral,0.3,19,0.5432,"v0: признаков роли мало: входов 1 (377 тыс. KZT), выходов 0 (0 KZT); достижим от 8 seed; граница выгрузки (глубина 4)",False,4,1,0,377000.0,0.0,8,0,0.0,0.0,0.00054013,0.0,8,7,2026-07-07,2026-07-23,True,depth4_boundary
100000001477796100,terminal,0.5,2,0.4159,v0: признаки конечного получателя: входов 1 на 182 тыс. KZT; исходящих в выгрузке 0; достижим от 1 seed,False,1,1,0,182000.0,0.0,1,0,0.0,0.0,0.00033066,0.0,1,1,2026-07-28,2026-07-28,False,
100000001484381100,terminal,0.5,7,0.5547,v0: признаки конечного получателя: входов 2 на 96 тыс. KZT; исходящих в выгрузке 0; достижим от 7 seed,False,3,2,0,95585.0,0.0,4,0,0.0,0.0,0.00032131,0.0,7,3,2026-07-06,2026-07-20,False,
100000001490461100,peripheral,0.3,7,0.5534,"v0: признаков роли мало: входов 1 (20 тыс. KZT), выходов 1 (5 тыс. KZT); достижим от 9 seed",False,2,1,1,20000.0,5000.0,1,1,5000.0,0.25,0.00032099,2.199e-05,9,2,2026-07-04,2026-07-16,False,
100000001498732100,peripheral,0.3,49,0.2008,"v0: признаков роли мало: входов 1 (6 тыс. KZT), выходов 0 (0 KZT); достижим от 7 seed; граница выгрузки (глубина 4)",False,4,1,0,5500.0,0.0,1,0,0.0,0.0,0.00028941,0.0,7,1,2026-07-20,2026-07-20,True,depth4_boundary
100000001524952100,terminal,0.5,0,0.3445,v0: признаки конечного получателя: входов 1 на 104 тыс. KZT; исходящих в выгрузке 0; достижим от 7 seed,False,1,1,0,103807.0,0.0,1,0,0.0,0.0,0.00030505,0.0,7,1,2026-07-05,2026-07-05,False,
100000001526235100,coordinator,0.65,24,0.8572,"v0: признаки gather-scatter: входов 3 на 82 тыс. KZT, выходов 8 на 433 тыс. KZT; betweenness 0.0003; достижим от 7 seed",False,2,3,8,82000.0,432750.0,4,9,82000.0,0.1895,0.00087786,0.0002566,7,11,2026-07-03,2026-07-31,False,
100000001527186100,terminal,0.5,2,0.4871,v0: признаки конечного получателя: входов 1 на 678 тыс. KZT; исходящих в выгрузке 0; достижим от 10 seed,False,1,1,0,678000.0,0.0,2,0,0.0,0.0,0.00042133,0.0,10,1,2026-07-24,2026-07-24,False,
100000001530709100,terminal,0.5,0,0.1808,v0: признаки конечного получателя: входов 1 на 54 тыс. KZT; исходящих в выгрузке 0; достижим от 7 seed,False,3,1,0,53961.0,0.0,1,0,0.0,0.0,0.00028861,0.0,7,1,2026-07-16,2026-07-16,False,
100000001530740100,terminal,0.5,4,0.5246,v0: признаки конечного получателя: входов 1 на 15 тыс. KZT; исходящих в выгрузке 0; достижим от 7 seed,False,2,1,0,15000.0,0.0,1,0,0.0,0.0,0.00052982,0.0,7,1,2026-07-02,2026-07-02,False,
100000001530983100,coordinator,0.8833,4,0.7091,"v0: признаки gather-scatter: входов 4 на 564 тыс. KZT, выходов 11 на 1,8 млн KZT; betweenness 0.0003; достижим от 7 seed",False,1,4,11,564158.0,1829538.0,4,17,564158.0,0.3084,0.00035609,0.00033207,7,12,2026-07-03,2026-07-22,False,
100000001533161100,peripheral,0.3,42,0.4065,"v0: признаков роли мало: входов 1 (100 тыс. KZT), выходов 0 (0 KZT); достижим от 7 seed; граница выгрузки (глубина 4)",False,4,1,0,100000.0,0.0,1,0,0.0,0.0,0.00032444,0.0,7,1,2026-07-21,2026-07-21,True,depth4_boundary
100000001534244100,peripheral,0.3,8,0.629,"v0: признаков роли мало: входов 2 (366 тыс. KZT), выходов 1 (45 тыс. KZT); достижим от 8 seed",False,3,2,1,366000.0,45000.0,2,1,45000.0,0.123,0.00034151,2.16e-05,8,2,2026-07-02,2026-07-28,False,
100000001537524100,peripheral,0.3,13,0.3053,"v0: признаков роли мало: входов 1 (150 тыс. KZT), выходов 0 (0 KZT); достижим от 8 seed; граница выгрузки (глубина 4)",False,4,1,0,150000.0,0.0,1,0,0.0,0.0,0.00029867,0.0,8,1,2026-07-30,2026-07-30,True,depth4_boundary
100000001538095100,terminal,0.5,13,0.5676,v0: признаки конечного получателя: входов 2 на 280 тыс. KZT; исходящих в выгрузке 0; достижим от 9 seed,False,3,2,0,280000.0,0.0,2,0,0.0,0.0,0.00033014,0.0,9,1,2026-07-28,2026-07-28,False,
100000001541418100,terminal,0.5,8,0.4918,v0: признаки конечного получателя: входов 2 на 97 тыс. KZT; исходящих в выгрузке 0; достижим от 7 seed,False,2,2,0,96900.0,0.0,2,0,0.0,0.0,0.00030353,0.0,7,2,2026-07-11,2026-07-18,False,
100000001549194100,terminal,0.5,14,0.3056,v0: признаки конечного получателя: входов 1 на 46 тыс. KZT; исходящих в выгрузке 0; достижим от 7 seed,False,3,1,0,46500.0,0.0,1,0,0.0,0.0,0.00029871,0.0,7,1,2026-07-08,2026-07-08,False,
100000001550388100,terminal,0.5,0,0.2779,v0: признаки конечного получателя: входов 1 на 50 тыс. KZT; исходящих в выгрузке 0; достижим от 7 seed,False,1,1,0,50000.0,0.0,1,0,0.0,0.0,0.00029495,0.0,7,1,2026-07-18,2026-07-18,False,
100000001550419100,terminal,0.5,14,0.2435,v0: признаки конечного получателя: входов 1 на 23 тыс. KZT; исходящих в выгрузке 0; достижим от 7 seed,False,3,1,0,23000.0,0.0,1,0,0.0,0.0,0.00029207,0.0,7,1,2026-07-21,2026-07-21,False,
100000001554432100,terminal,0.5,2,0.2898,v0: признаки конечного получателя: входов 1 на 54 тыс. KZT; исходящих в выгрузке 0; достижим от 10 seed,False,1,1,0,53920.0,0.0,1,0,0.0,0.0,0.00029637,0.0,10,1,2026-07-24,2026-07-24,False,
100000001557930100,terminal,0.5,6,0.2448,v0: признаки конечного получателя: входов 1 на 35 тыс. KZT; исходящих в выгрузке 0; достижим от 1 seed,False,2,1,0,34610.0,0.0,1,0,0.0,0.0,0.00029213,0.0,1,1,2026-07-30,2026-07-30,False,
100000001567366100,terminal,0.5,4,0.4615,v0: признаки конечного получателя: входов 1 на 824 тыс. KZT; исходящих в выгрузке 0; достижим от 7 seed,False,1,1,0,824070.0,0.0,4,0,0.0,0.0,0.00037417,0.0,7,4,2026-07-10,2026-07-21,False,
100000001578517100,terminal,0.5,4,0.2212,v0: признаки конечного получателя: входов 1 на 30 тыс. KZT; исходящих в выгрузке 0; достижим от 7 seed,False,2,1,0,30000.0,0.0,1,0,0.0,0.0,0.00029054,0.0,7,1,2026-07-03,2026-07-03,False,
100000001584286100,terminal,0.5,13,0.5649,v0: признаки конечного получателя: входов 2 на 739 тыс. KZT; исходящих в выгрузке 0; достижим от 8 seed,False,2,2,0,738699.0,0.0,3,0,0.0,0.0,0.00032848,0.0,8,2,2026-07-16,2026-07-17,False,
100000001590795100,peripheral,0.3,7,0.1737,"v0: признаков роли мало: входов 1 (5 тыс. KZT), выходов 0 (0 KZT); достижим от 1 seed; граница выгрузки (глубина 4)",False,4,1,0,5060.0,0.0,1,0,0.0,0.0,0.00028828,0.0,1,1,2026-07-27,2026-07-27,True,depth4_boundary
100000001597424100,terminal,0.5,14,0.3093,v0: признаки конечного получателя: входов 1 на 48 тыс. KZT; исходящих в выгрузке 0; достижим от 7 seed,False,3,1,0,48100.0,0.0,1,0,0.0,0.0,0.00029916,0.0,7,1,2026-07-01,2026-07-01,False,
100000001597505100,peripheral,0.3,31,0.5351,"v0: признаков роли мало: входов 1 (26 тыс. KZT), выходов 1 (13 тыс. KZT); достижим от 8 seed",False,2,1,1,26460.0,12920.0,1,1,12920.0,0.4883,0.00031476,9.79e-06,8,2,2026-07-06,2026-07-30,False,
100000001598625100,peripheral,0.3,3,0.4916,"v0: признаков роли мало: входов 1 (25 тыс. KZT), выходов 0 (0 KZT); достижим от 7 seed; граница выгрузки (глубина 4)",False,4,1,0,25000.0,0.0,1,0,0.0,0.0,0.00042888,0.0,7,1,2026-07-08,2026-07-08,True,depth4_boundary
100000001600934100,peripheral,0.3,3,0.7754,"v0: признаков роли мало: входов 1 (180 тыс. KZT), выходов 1 (11 тыс. KZT); достижим от 7 seed",False,3,1,1,180300.0,11000.0,2,1,11000.0,0.061,0.00236685,0.0,7,3,2026-07-07,2026-07-25,False,
100000001601320100,transit,0.6897,6,0.79,"v0: признаки транзита: вход 44 тыс. KZT, выход 46 тыс. KZT; доля прохода 0.94, входов 2, выходов 1; достижим от 1 seed",False,2,2,1,43500.0,46200.0,2,1,43500.0,0.9416,0.00081176,9.9e-07,1,3,2026-07-18,2026-07-27,False,
100000001609499100,consolidator,0.375,0,0.6339,v0: признаки консолидации (fan-in): входов 3 на 263 тыс. KZT; выходов 2 на 21 тыс. KZT; достижим от 7 seed,False,1,3,2,263113.0,21000.0,3,2,21000.0,0.0798,0.00032091,0.00018422,7,5,2026-07-06,2026-07-11,False,
100000001611488100,terminal,0.5,5,0.7493,v0: признаки конечного получателя: входов 2 на 779 тыс. KZT; исходящих в выгрузке 0; достижим от 7 seed,False,3,2,0,779300.0,0.0,3,0,0.0,0.0,0.00087754,0.0,7,3,2026-07-09,2026-07-28,False,
100000001616816100,consolidator,0.625,6,0.977,"v0: признаки консолидации (fan-in): входов 5 на 176 тыс. KZT; выходов 3 на 181 тыс. KZT; достижим от 10 seed; seed, входы неполны",True,0,5,3,176195.0,181326.0,12,10,176195.0,0.9717,0.00243466,0.0001047,10,12,2026-07-01,2026-07-22,False,seed_inflow_incomplete
100000001632325100,terminal,0.5,1,0.3069,v0: признаки конечного получателя: входов 1 на 86 тыс. KZT; исходящих в выгрузке 0; достижим от 1 seed,False,3,1,0,85600.0,0.0,3,0,0.0,0.0,0.00029893,0.0,1,2,2026-07-02,2026-07-07,False,
100000001633685100,consolidator,0.375,0,0.5467,v0: признаки консолидации (fan-in): входов 3 на 45 тыс. KZT; выходов 0 на 0 KZT; достижим от 7 seed,False,2,3,0,45000.0,0.0,3,0,0.0,0.0,0.00030619,0.0,7,3,2026-07-12,2026-07-17,False,
100000001637376100,peripheral,0.3,5,0.3525,"v0: признаков роли мало: входов 1 (117 тыс. KZT), выходов 1 (234 тыс. KZT); достижим от 7 seed",False,3,1,1,116700.0,234250.0,1,2,116700.0,0.4982,0.00028935,1.922e-05,7,2,2026-07-22,2026-07-29,False,
100000001639766100,terminal,0.5,6,0.5765,v0: признаки конечного получателя: входов 1 на 20 тыс. KZT; исходящих в выгрузке 0; достижим от 1 seed,False,3,1,0,20000.0,0.0,1,0,0.0,0.0,0.00065066,0.0,1,1,2026-07-27,2026-07-27,False,
100000001641789100,terminal,0.5,6,0.5115,v0: признаки конечного получателя: входов 1 на 18 тыс. KZT; исходящих в выгрузке 0; достижим от 11 seed,False,1,1,0,17826.0,0.0,1,0,0.0,0.0,0.00048958,0.0,11,1,2026-07-13,2026-07-13,False,
100000001641951100,terminal,0.5,3,0.3948,v0: признаки конечного получателя: входов 1 на 25 тыс. KZT; исходящих в выгрузке 0; достижим от 11 seed,False,2,1,0,25000.0,0.0,4,0,0.0,0.0,0.00031906,0.0,11,4,2026-07-08,2026-07-28,False,
100000001648936100,terminal,0.5,6,0.3365,v0: признаки конечного получателя: входов 1 на 93 тыс. KZT; исходящих в выгрузке 0; достижим от 1 seed,False,2,1,0,92740.0,0.0,1,0,0.0,0.0,0.00030315,0.0,1,1,2026-07-29,2026-07-29,False,
100000001650895100,peripheral,0.3,7,0.5125,"v0: признаков роли мало: входов 1 (154 тыс. KZT), выходов 1 (10 тыс. KZT); достижим от 9 seed",False,3,1,1,153500.0,10000.0,1,1,10000.0,0.0651,0.00030927,2.199e-05,9,2,2026-07-10,2026-07-19,False,
100000001660397100,transit,0.9588,0,0.5123,"v0: признаки транзита: вход 49 тыс. KZT, выход 49 тыс. KZT; доля прохода 0.99, входов 2, выходов 3; достижим от 7 seed",False,1,2,3,48600.0,49000.0,2,4,48600.0,0.9918,0.00029515,0.0005033,7,4,2026-07-07,2026-07-15,False,
100000001669260100,peripheral,0.3,3,0.558,"v0: признаков роли мало: входов 1 (500 тыс. KZT), выходов 0 (0 KZT); достижим от 1 seed; граница выгрузки (глубина 4)",False,4,1,0,500000.0,0.0,1,0,0.0,0.0,0.00056012,0.0,1,1,2026-07-08,2026-07-08,True,depth4_boundary
100000001674850100,terminal,0.5,9,0.532,v0: признаки конечного получателя: входов 2 на 237 тыс. KZT; исходящих в выгрузке 0; достижим от 8 seed,False,3,2,0,237000.0,0.0,2,0,0.0,0.0,0.00031409,0.0,8,1,2026-07-17,2026-07-17,False,
100000001677389100,peripheral,0.3,16,0.3339,"v0: признаков роли мало: входов 1 (11 тыс. KZT), выходов 1 (5 тыс. KZT); достижим от 7 seed",False,3,1,1,11000.0,5400.0,1,1,5400.0,0.4909,0.00028863,1.922e-05,7,2,2026-07-02,2026-07-18,False,
100000001677929100,consolidator,0.375,6,0.8599,v0: признаки консолидации (fan-in): входов 3 на 127 тыс. KZT; выходов 2 на 286 тыс. KZT; достижим от 1 seed,False,2,3,2,126777.0,286098.0,3,4,126777.0,0.4431,0.00333409,1.19e-06,1,6,2026-07-02,2026-07-27,False,
100000001680944100,terminal,0.5,17,0.4357,v0: признаки конечного получателя: входов 1 на 393 тыс. KZT; исходящих в выгрузке 0; достижим от 9 seed,False,3,1,0,393000.0,0.0,1,0,0.0,0.0,0.00034559,0.0,9,1,2026-07-31,2026-07-31,False,
100000001684867100,terminal,0.5,4,0.1895,v0: признаки конечного получателя: входов 1 на 31 тыс. KZT; исходящих в выгрузке 0; достижим от 7 seed,False,1,1,0,30550.0,0.0,1,0,0.0,0.0,0.00028885,0.0,7,1,2026-07-14,2026-07-14,False,
100000001686328100,terminal,0.5,8,0.3841,v0: признаки конечного получателя: входов 1 на 140 тыс. KZT; исходящих в выгрузке 0; достижим от 9 seed,False,3,1,0,140000.0,0.0,1,0,0.0,0.0,0.00031505,0.0,9,1,2026-07-30,2026-07-30,False,
100000001688676100,terminal,0.5,18,0.3578,v0: признаки конечного получателя: входов 1 на 134 тыс. KZT; исходящих в выгрузке 0; достижим от 7 seed,False,3,1,0,133700.0,0.0,1,0,0.0,0.0,0.00030843,0.0,7,1,2026-07-26,2026-07-26,False,
100000001689968100,consolidator,0.375,5,0.6261,v0: признаки консолидации (fan-in): входов 3 на 344 тыс. KZT; выходов 0 на 0 KZT; достижим от 7 seed,False,3,3,0,344333.75,0.0,3,0,0.0,0.0,0.00033914,0.0,7,3,2026-07-03,2026-07-20,False,
100000001690439100,terminal,0.5,5,0.5071,v0: признаки конечного получателя: входов 1 на 14 тыс. KZT; исходящих в выгрузке 0; достижим от 7 seed,False,3,1,0,14200.0,0.0,1,0,0.0,0.0,0.00047707,0.0,7,1,2026-07-01,2026-07-01,False,
100000001690558100,terminal,0.5,18,0.4855,v0: признаки конечного получателя: входов 1 на 740 тыс. KZT; исходящих в выгрузке 0; достижим от 7 seed,False,3,1,0,740000.0,0.0,1,0,0.0,0.0,0.00041212,0.0,7,1,2026-07-19,2026-07-19,False,
100000001696818100,terminal,0.5,2,0.3062,v0: признаки конечного получателя: входов 1 на 54 тыс. KZT; исходящих в выгрузке 0; достижим от 1 seed,False,1,1,0,53550.0,0.0,1,0,0.0,0.0,0.00029884,0.0,1,1,2026-07-27,2026-07-27,False,
100000001697501100,coordinator,1.0,1,0.8375,"v0: признаки gather-scatter: входов 3 на 124 тыс. KZT, выходов 38 на 1,5 млн KZT; betweenness 0.0002; достижим от 1 seed",False,1,3,38,123700.0,1482606.0,3,55,123700.0,0.0834,0.0005916,0.00020548,1,24,2026-07-01,2026-07-31,False,
100000001703168100,peripheral,0.3,2,0.4044,"v0: признаков роли мало: входов 1 (45 тыс. KZT), выходов 1 (90 тыс. KZT); достижим от 7 seed",False,2,1,1,45000.0,90000.0,1,1,45000.0,0.5,0.00029266,1.922e-05,7,2,2026-07-23,2026-07-25,False,
100000001714173100,terminal,0.5,17,0.5609,v0: признаки конечного получателя: входов 1 на 639 тыс. KZT; исходящих в выгрузке 0; достижим от 9 seed,False,3,1,0,638905.0,0.0,6,0,0.0,0.0,0.00057068,0.0,9,3,2026-07-11,2026-07-13,False,
100000001714413100,terminal,0.5,5,0.2642,v0: признаки конечного получателя: входов 1 на 250 тыс. KZT; исходящих в выгрузке 0; достижим от 7 seed,False,3,1,0,250172.0,0.0,1,0,0.0,0.0,0.00029368,0.0,7,1,2026-07-24,2026-07-24,False,
100000001714883100,peripheral,0.3,7,0.1977,"v0: признаков роли мало: входов 1 (7 тыс. KZT), выходов 0 (0 KZT); достижим от 1 seed; граница выгрузки (глубина 4)",False,4,1,0,6900.0,0.0,1,0,0.0,0.0,0.00028926,0.0,1,1,2026-07-29,2026-07-29,True,depth4_boundary
100000001716579100,terminal,0.5,1,0.1788,v0: признаки конечного получателя: входов 1 на 14 тыс. KZT; исходящих в выгрузке 0; достижим от 1 seed,False,1,1,0,13916.0,0.0,1,0,0.0,0.0,0.00028849,0.0,1,1,2026-07-03,2026-07-03,False,
100000001724740100,peripheral,0.3,8,0.5382,"v0: признаков роли мало: входов 1 (185 тыс. KZT), выходов 0 (0 KZT); достижим от 9 seed; граница выгрузки (глубина 4)",False,4,1,0,185000.0,0.0,4,0,0.0,0.0,0.00053648,0.0,9,2,2026-07-25,2026-07-26,True,depth4_boundary
100000001726614100,terminal,0.5,0,0.3009,v0: признаки конечного получателя: входов 1 на 139 тыс. KZT; исходящих в выгрузке 0; достижим от 7 seed,False,3,1,0,138717.0,0.0,1,0,0.0,0.0,0.00029787,0.0,7,1,2026-07-13,2026-07-13,False,
100000001732159100,peripheral,0.3,9,0.9475,"v0: признаков роли мало: входов 2 (2,4 млн KZT), выходов 4 (1,5 млн KZT); достижим от 9 seed; seed, входы неполны",True,0,2,4,2378100.0,1505966.0,30,23,1505966.0,0.6333,0.00109506,2.027e-05,9,18,2026-07-01,2026-07-21,False,seed_inflow_incomplete
100000001733216100,peripheral,0.3,0,0.4834,"v0: признаков роли мало: входов 1 (60 тыс. KZT), выходов 0 (0 KZT); достижим от 7 seed; граница выгрузки (глубина 4)",False,4,1,0,60000.0,0.0,2,0,0.0,0.0,0.00040765,0.0,7,1,2026-07-22,2026-07-22,True,depth4_boundary
100000001733687100,terminal,0.5,8,0.3509,v0: признаки конечного получателя: входов 1 на 300 тыс. KZT; исходящих в выгрузке 0; достижим от 8 seed,False,3,1,0,300000.0,0.0,1,0,0.0,0.0,0.00030662,0.0,8,1,2026-07-30,2026-07-30,False,
100000001737722100,terminal,0.5,2,0.3939,v0: признаки конечного получателя: входов 1 на 60 тыс. KZT; исходящих в выгрузке 0; достижим от 8 seed,False,2,1,0,60460.0,0.0,1,0,0.0,0.0,0.00031878,0.0,8,1,2026-07-24,2026-07-24,False,
100000001740277100,peripheral,0.3,6,0.6117,"v0: признаков роли мало: входов 1 (9 тыс. KZT), выходов 1 (5 тыс. KZT); достижим от 1 seed",False,3,1,1,8700.0,5000.0,1,1,5000.0,0.5747,0.00036969,0.0,1,2,2026-07-08,2026-07-10,False,
100000001745217100,terminal,0.5,0,0.2126,v0: признаки конечного получателя: входов 1 на 50 тыс. KZT; исходящих в выгрузке 0; достижим от 7 seed,False,3,1,0,50000.0,0.0,1,0,0.0,0.0,0.00029,0.0,7,1,2026-07-13,2026-07-13,False,
100000001746925100,peripheral,0.3,2,0.4573,"v0: признаков роли мало: входов 1 (65 тыс. KZT), выходов 1 (5 тыс. KZT); достижим от 10 seed",False,1,1,1,65250.0,5000.0,1,1,5000.0,0.0766,0.00029863,0.00011889,10,2,2026-07-03,2026-07-17,False,
100000001782980100,peripheral,0.3,28,0.6119,"v0: признаков роли мало: входов 1 (50 тыс. KZT), выходов 1 (596 тыс. KZT); достижим от 1 seed",False,2,1,1,50000.0,596200.0,1,3,50000.0,0.0839,0.00037028,5.9e-07,1,4,2026-07-04,2026-07-21,False,
100000001784279100,terminal,0.5,0,0.185,v0: признаки конечного получателя: входов 1 на 36 тыс. KZT; исходящих в выгрузке 0; достижим от 7 seed,False,3,1,0,35674.0,0.0,1,0,0.0,0.0,0.00028873,0.0,7,1,2026-07-14,2026-07-14,False,
100000001785161100,terminal,0.5,29,0.5687,v0: признаки конечного получателя: входов 2 на 30 тыс. KZT; исходящих в выгрузке 0; достижим от 7 seed,False,3,2,0,30000.0,0.0,2,0,0.0,0.0,0.00033122,0.0,7,2,2026-07-10,2026-07-31,False,
100000001788284100,peripheral,0.3,24,0.553,"v0: признаков роли мало: входов 1 (8 тыс. KZT), выходов 5 (297 тыс. KZT); достижим от 7 seed",False,3,1,5,8000.0,296700.0,1,8,8000.0,0.027,0.00029938,5.944e-05,7,6,2026-07-03,2026-07-30,False,
100000001805543100,terminal,0.5,4,0.2406,v0: признаки конечного получателя: входов 1 на 59 тыс. KZT; исходящих в выгрузке 0; достижим от 7 seed,False,1,1,0,59000.0,0.0,1,0,0.0,0.0,0.00029191,0.0,7,1,2026-07-06,2026-07-06,False,
100000001808684100,peripheral,0.3,6,0.7596,"v0: признаков роли мало: входов 1 (48 тыс. KZT), выходов 1 (38 тыс. KZT); достижим от 1 seed",False,3,1,1,48400.0,37700.0,3,2,37700.0,0.7789,0.0011691,0.0,1,4,2026-07-02,2026-07-29,False,
100000001816678100,peripheral,0.3,2,0.3625,"v0: признаков роли мало: входов 1 (60 тыс. KZT), выходов 0 (0 KZT); достижим от 7 seed; граница выгрузки (глубина 4)",False,4,1,0,60000.0,0.0,1,0,0.0,0.0,0.00030966,0.0,7,1,2026-07-25,2026-07-25,True,depth4_boundary
100000001818442100,terminal,0.5,7,0.3267,v0: признаки конечного получателя: входов 1 на 42 тыс. KZT; исходящих в выгрузке 0; достижим от 7 seed,False,3,1,0,42215.0,0.0,1,0,0.0,0.0,0.0003013,0.0,7,1,2026-07-06,2026-07-06,False,
100000001819396100,terminal,0.5,25,0.4108,v0: признаки конечного получателя: входов 1 на 166 тыс. KZT; исходящих в выгрузке 0; достижим от 7 seed,False,3,1,0,166080.0,0.0,1,0,0.0,0.0,0.00032722,0.0,7,1,2026-07-16,2026-07-16,False,
100000001822623100,terminal,0.5,21,0.405,v0: признаки конечного получателя: входов 1 на 201 тыс. KZT; исходящих в выгрузке 0; достижим от 7 seed,False,2,1,0,201300.0,0.0,1,0,0.0,0.0,0.00032349,0.0,7,1,2026-07-17,2026-07-17,False,
100000001822650100,peripheral,0.3,8,0.3478,"v0: признаков роли мало: входов 1 (112 тыс. KZT), выходов 0 (0 KZT); достижим от 8 seed; граница выгрузки (глубина 4)",False,4,1,0,112000.0,0.0,1,0,0.0,0.0,0.0003059,0.0,8,1,2026-07-31,2026-07-31,True,depth4_boundary
100000001825934100,peripheral,0.3,35,0.6588,"v0: признаков роли мало: входов 1 (40 тыс. KZT), выходов 1 (97 тыс. KZT); достижим от 1 seed",False,3,1,1,40000.0,97000.0,1,1,40000.0,0.4124,0.00047587,9.9e-07,1,2,2026-07-19,2026-07-24,False,
100000001831496100,peripheral,0.3,11,0.4035,"v0: признаков роли мало: входов 1 (25 тыс. KZT), выходов 1 (373 тыс. KZT); достижим от 7 seed",False,3,1,1,25000.0,373000.0,1,1,25000.0,0.067,0.00029264,1.85e-06,7,2,2026-07-02,2026-07-20,False,
100000001835625100,terminal,0.5,5,0.1663,v0: признаки конечного получателя: входов 1 на 75 тыс. KZT; исходящих в выгрузке 0; достижим от 7 seed,False,3,1,0,75130.0,0.0,1,0,0.0,0.0,0.000288,0.0,7,1,2026-07-16,2026-07-16,False,
100000001837130100,terminal,0.5,0,0.3242,v0: признаки конечного получателя: входов 1 на 173 тыс. KZT; исходящих в выгрузке 0; достижим от 7 seed,False,3,1,0,172900.0,0.0,1,0,0.0,0.0,0.0003009,0.0,7,1,2026-07-13,2026-07-13,False,
100000001845505100,peripheral,0.3,3,0.5665,"v0: признаков роли мало: входов 1 (20 тыс. KZT), выходов 0 (0 KZT); достижим от 7 seed; граница выгрузки (глубина 4)",False,4,1,0,20000.0,0.0,1,0,0.0,0.0,0.00059238,0.0,7,1,2026-07-26,2026-07-26,True,depth4_boundary
100000001848426100,terminal,0.5,6,0.3403,v0: признаки конечного получателя: входов 1 на 96 тыс. KZT; исходящих в выгрузке 0; достижим от 1 seed,False,2,1,0,95530.0,0.0,1,0,0.0,0.0,0.00030368,0.0,1,1,2026-07-28,2026-07-28,False,
100000001851289100,terminal,0.5,4,0.2976,v0: признаки конечного получателя: входов 1 на 110 тыс. KZT; исходящих в выгрузке 0; достижим от 7 seed,False,1,1,0,109510.0,0.0,3,0,0.0,0.0,0.00029734,0.0,7,1,2026-07-18,2026-07-18,False,
100000001852140100,terminal,0.5,56,0.5907,v0: признаки конечного получателя: входов 1 на 30 тыс. KZT; исходящих в выгрузке 0; достижим от 1 seed,False,3,1,0,30000.0,0.0,1,0,0.0,0.0,0.00080472,0.0,1,1,2026-07-03,2026-07-03,False,
100000001853812100,terminal,0.5,3,0.3158,v0: признаки конечного получателя: входов 1 на 70 тыс. KZT; исходящих в выгрузке 0; достижим от 7 seed,False,3,1,0,70000.0,0.0,1,0,0.0,0.0,0.00029981,0.0,7,1,2026-07-10,2026-07-10,False,
100000001857829100,coordinator,1.0,3,0.8396,"v0: признаки gather-scatter: входов 6 на 889 тыс. KZT, выходов 16 на 2,4 млн KZT; betweenness 0.0020; достижим от 7 seed",False,2,6,16,888535.0,2390993.0,9,16,888535.0,0.3716,0.00062048,0.0019596,7,9,2026-07-10,2026-07-30,False,
100000001860090100,terminal,0.5,6,0.465,v0: признаки конечного получателя: входов 1 на 5 тыс. KZT; исходящих в выгрузке 0; достижим от 1 seed,False,3,1,0,5000.0,0.0,1,0,0.0,0.0,0.00037804,0.0,1,1,2026-07-31,2026-07-31,False,
100000001870116100,terminal,0.5,1,0.2226,v0: признаки конечного получателя: входов 1 на 24 тыс. KZT; исходящих в выгрузке 0; достижим от 1 seed,False,1,1,0,24000.0,0.0,1,0,0.0,0.0,0.00029061,0.0,1,1,2026-07-27,2026-07-27,False,
100000001872484100,peripheral,0.3,54,0.8433,"v0: признаков роли мало: входов 1 (871 тыс. KZT), выходов 3 (515 тыс. KZT); достижим от 1 seed",False,1,1,3,871400.0,514580.0,13,9,514580.0,0.5905,0.00227398,5.9e-07,1,18,2026-07-01,2026-07-31,False,
100000001875167100,terminal,0.5,5,0.3916,"v0: признаки конечного получателя: входов 1 на 1,0 млн KZT; исходящих в выгрузке 0; достижим от 7 seed",False,3,1,0,1000000.0,0.0,2,0,0.0,0.0,0.00031798,0.0,7,1,2026-07-27,2026-07-27,False,
100000001875239100,consolidator,0.375,8,0.6181,v0: признаки консолидации (fan-in): входов 3 на 712 тыс. KZT; выходов 0 на 0 KZT; достижим от 9 seed,False,3,3,0,712000.0,0.0,3,0,0.0,0.0,0.00033398,0.0,9,1,2026-07-22,2026-07-22,False,
100000001884825100,consolidator,0.375,8,0.6272,v0: признаки консолидации (fan-in): входов 3 на 495 тыс. KZT; выходов 0 на 0 KZT; достижим от 8 seed,False,3,3,0,495000.0,0.0,3,0,0.0,0.0,0.0003401,0.0,8,2,2026-07-17,2026-07-26,False,
100000001887715100,consolidator,0.375,17,0.8068,"v0: признаки консолидации (fan-in): входов 3 на 1,3 млн KZT; выходов 1 на 750 тыс. KZT; достижим от 9 seed",False,3,3,1,1331500.0,750000.0,4,1,750000.0,0.5633,0.00073093,2.259e-05,9,1,2026-07-31,2026-07-31,False,
100000001893287100,peripheral,0.3,6,0.7242,"v0: признаков роли мало: входов 1 (18 тыс. KZT), выходов 1 (153 тыс. KZT); достижим от 1 seed",False,3,1,1,18000.0,152700.0,3,14,18000.0,0.1179,0.00061845,0.0,1,12,2026-07-02,2026-07-18,False,
100000001899164100,consolidator,0.5,10,0.8557,v0: признаки консолидации (fan-in): входов 4 на 292 тыс. KZT; выходов 3 на 76 тыс. KZT; достижим от 8 seed,False,1,4,3,291675.0,76500.0,5,3,76500.0,0.2623,0.00117656,0.00012662,8,6,2026-07-01,2026-07-31,False,
100000001904863100,terminal,0.5,14,0.5089,v0: признаки конечного получателя: входов 1 на 500 тыс. KZT; исходящих в выгрузке 0; достижим от 11 seed,False,2,1,0,500000.0,0.0,1,0,0.0,0.0,0.0004818,0.0,11,1,2026-07-30,2026-07-30,False,
100000001924185100,terminal,0.5,11,0.5165,v0: признаки конечного получателя: входов 2 на 151 тыс. KZT; исходящих в выгрузке 0; достижим от 11 seed,False,1,2,0,151000.0,0.0,2,0,0.0,0.0,0.00031022,0.0,11,2,2026-07-19,2026-07-21,False,
100000001927599100,terminal,0.5,7,0.5634,v0: признаки конечного получателя: входов 2 на 188 тыс. KZT; исходящих в выгрузке 0; достижим от 9 seed,False,3,2,0,188000.0,0.0,2,0,0.0,0.0,0.00032726,0.0,9,1,2026-07-08,2026-07-08,False,
100000001929088100,terminal,0.5,6,0.5427,v0: признаки конечного получателя: входов 2 на 396 тыс. KZT; исходящих в выгрузке 0; достижим от 2 seed,False,1,2,0,396010.0,0.0,2,0,0.0,0.0,0.00031759,0.0,2,2,2026-07-17,2026-07-31,False,
100000001934935100,terminal,0.5,0,0.2468,v0: признаки конечного получателя: входов 1 на 119 тыс. KZT; исходящих в выгрузке 0; достижим от 7 seed,False,3,1,0,118935.0,0.0,1,0,0.0,0.0,0.00029227,0.0,7,1,2026-07-27,2026-07-27,False,
100000001937767100,peripheral,0.3,14,0.8319,"v0: признаков роли мало: входов 1 (53 тыс. KZT), выходов 4 (1,9 млн KZT); достижим от 11 seed",False,1,1,4,53000.0,1933000.0,1,6,53000.0,0.0274,0.00089214,5.67e-05,11,4,2026-07-14,2026-07-30,False,
100000001952325100,terminal,0.5,1,0.3302,v0: признаки конечного получателя: входов 1 на 78 тыс. KZT; исходящих в выгрузке 0; достижим от 1 seed,False,1,1,0,77888.0,0.0,2,0,0.0,0.0,0.00030192,0.0,1,2,2026-07-14,2026-07-27,False,
100000001953577100,terminal,0.5,1,0.1886,v0: признаки конечного получателя: входов 1 на 16 тыс. KZT; исходящих в выгрузке 0; достижим от 1 seed,False,1,1,0,15600.0,0.0,1,0,0.0,0.0,0.00028884,0.0,1,1,2026-07-20,2026-07-20,False,
100000001954534100,peripheral,0.3,0,0.6083,"v0: признаков роли мало: входов 1 (13 тыс. KZT), выходов 1 (40 тыс. KZT); достижим от 7 seed",False,3,1,1,13000.0,40000.0,1,1,13000.0,0.325,0.00036595,1.962e-05,7,2,2026-07-04,2026-07-25,False,
100000001954903100,terminal,0.5,7,0.3038,v0: признаки конечного получателя: входов 1 на 27 тыс. KZT; исходящих в выгрузке 0; достижим от 1 seed,False,2,1,0,27118.0,0.0,1,0,0.0,0.0,0.00029849,0.0,1,1,2026-07-20,2026-07-20,False,
100000001957974100,peripheral,0.3,14,0.3985,"v0: признаков роли мало: входов 1 (500 тыс. KZT), выходов 0 (0 KZT); достижим от 7 seed; граница выгрузки (глубина 4)",False,4,1,0,500000.0,0.0,1,0,0.0,0.0,0.00032014,0.0,7,1,2026-07-24,2026-07-24,True,depth4_boundary
100000001960517100,terminal,0.5,6,0.4495,v0: признаки конечного получателя: входов 1 на 200 тыс. KZT; исходящих в выгрузке 0; достижим от 2 seed,False,1,1,0,200000.0,0.0,1,0,0.0,0.0,0.00035922,0.0,2,1,2026-07-11,2026-07-11,False,
100000001961048100,terminal,0.5,29,0.3418,v0: признаки конечного получателя: входов 1 на 150 тыс. KZT; исходящих в выгрузке 0; достижим от 7 seed,False,2,1,0,150000.0,0.0,1,0,0.0,0.0,0.00030431,0.0,7,1,2026-07-17,2026-07-17,False,
100000001965374100,peripheral,0.3,22,0.8435,"v0: признаков роли мало: входов 2 (1,8 млн KZT), выходов 3 (3,1 млн KZT); достижим от 1 seed",False,2,2,3,1759720.0,3082100.0,8,5,1759720.0,0.5709,0.00128166,1.59e-06,1,9,2026-07-01,2026-07-25,False,
100000001969496100,terminal,0.5,14,0.2426,v0: признаки конечного получателя: входов 1 на 23 тыс. KZT; исходящих в выгрузке 0; достижим от 7 seed,False,3,1,0,22740.0,0.0,1,0,0.0,0.0,0.000292,0.0,7,1,2026-07-17,2026-07-17,False,
100000001985793100,terminal,0.5,26,0.4606,v0: признаки конечного получателя: входов 1 на 420 тыс. KZT; исходящих в выгрузке 0; достижим от 1 seed,False,2,1,0,420000.0,0.0,1,0,0.0,0.0,0.00037266,0.0,1,1,2026-07-20,2026-07-20,False,
100000001987030100,peripheral,0.3,15,0.4644,"v0: признаков роли мало: входов 2 (31 тыс. KZT), выходов 1 (19 тыс. KZT); достижим от 7 seed",False,1,2,1,30864.0,19000.0,2,1,19000.0,0.6156,0.00029387,5.707e-05,7,3,2026-07-13,2026-07-27,False,
100000001991973100,peripheral,0.3,7,0.2931,"v0: признаков роли мало: входов 1 (21 тыс. KZT), выходов 0 (0 KZT); достижим от 1 seed; граница выгрузки (глубина 4)",False,4,1,0,20800.0,0.0,1,0,0.0,0.0,0.0002967,0.0,1,1,2026-07-24,2026-07-24,True,depth4_boundary
100000002015633100,terminal,0.5,5,0.1828,v0: признаки конечного получателя: входов 1 на 95 тыс. KZT; исходящих в выгрузке 0; достижим от 7 seed,False,3,1,0,94970.0,0.0,1,0,0.0,0.0,0.00028865,0.0,7,1,2026-07-09,2026-07-09,False,
100000002028158100,terminal,0.5,15,0.2927,v0: признаки конечного получателя: входов 1 на 35 тыс. KZT; исходящих в выгрузке 0; достижим от 7 seed,False,2,1,0,34800.0,0.0,1,0,0.0,0.0,0.00029664,0.0,7,1,2026-07-28,2026-07-28,False,
100000002032323100,peripheral,0.3,9,0.6339,"v0: признаков роли мало: входов 1 (300 тыс. KZT), выходов 1 (1,1 млн KZT); достижим от 7 seed",False,3,1,1,300000.0,1050000.0,1,2,300000.0,0.2857,0.00040405,1.962e-05,7,2,2026-07-13,2026-07-14,False,
100000002087788100,terminal,0.5,5,0.5782,v0: признаки конечного получателя: входов 1 на 100 тыс. KZT; исходящих в выгрузке 0; достижим от 7 seed,False,2,1,0,100500.0,0.0,1,0,0.0,0.0,0.00065857,0.0,7,1,2026-07-01,2026-07-01,False,
100000002095257100,terminal,0.5,10,0.4779,v0: признаки конечного получателя: входов 1 на 8 тыс. KZT; исходящих в выгрузке 0; достижим от 8 seed,False,3,1,0,8500.0,0.0,1,0,0.0,0.0,0.00039673,0.0,8,1,2026-07-17,2026-07-17,False,
100000002103448100,terminal,0.5,1,0.2091,v0: признаки конечного получателя: входов 1 на 27 тыс. KZT; исходящих в выгрузке 0; достижим от 1 seed,False,3,1,0,27000.0,0.0,1,0,0.0,0.0,0.00028978,0.0,1,1,2026-07-13,2026-07-13,False,
100000002109656100,terminal,0.5,13,0.3614,v0: признаки конечного получателя: входов 1 на 500 тыс. KZT; исходящих в выгрузке 0; достижим от 2 seed,False,3,1,0,500000.0,0.0,1,0,0.0,0.0,0.00030939,0.0,2,1,2026-07-17,2026-07-17,False,
100000002116705100,terminal,0.5,1,0.1746,v0: признаки конечного получателя: входов 1 на 18 тыс. KZT; исходящих в выгрузке 0; достижим от 1 seed,False,3,1,0,17600.0,0.0,1,0,0.0,0.0,0.00028832,0.0,1,1,2026-07-24,2026-07-24,False,
100000002119762100,peripheral,0.3,5,0.5242,"v0: признаков роли мало: входов 1 (77 тыс. KZT), выходов 0 (0 KZT); достижим от 7 seed; граница выгрузки (глубина 4)",False,4,1,0,77000.0,0.0,6,0,0.0,0.0,0.00052952,0.0,7,3,2026-07-18,2026-07-20,True,depth4_boundary
100000002121357100,peripheral,0.3,9,0.6067,"v0: признаков роли мало: входов 2 (255 тыс. KZT), выходов 1 (113 тыс. KZT); достижим от 8 seed",False,3,2,1,255300.0,113000.0,2,1,113000.0,0.4426,0.00032627,2.16e-05,8,3,2026-07-18,2026-07-22,False,
100000002126791100,peripheral,0.3,8,0.5613,"v0: признаков роли мало: входов 1 (1,3 млн KZT), выходов 0 (0 KZT); достижим от 9 seed; граница выгрузки (глубина 4)",False,4,1,0,1313000.0,0.0,3,0,0.0,0.0,0.00057168,0.0,9,3,2026-07-25,2026-07-31,True,depth4_boundary
100000002130400100,peripheral,0.3,35,0.3899,"v0: признаков роли мало: входов 1 (10 тыс. KZT), выходов 0 (0 KZT); достижим от 1 seed; граница выгрузки (глубина 4)",False,4,1,0,10000.0,0.0,1,0,0.0,0.0,0.00031755,0.0,1,1,2026-07-31,2026-07-31,True,depth4_boundary
100000002132479100,peripheral,0.3,14,0.7218,"v0: признаков роли мало: входов 1 (30 тыс. KZT), выходов 1 (20 тыс. KZT); достижим от 8 seed",False,2,1,1,30000.0,20000.0,2,1,20000.0,0.6667,0.00060602,0.0,8,3,2026-07-01,2026-07-09,False,
100000002152857100,peripheral,0.3,26,0.557,"v0: признаков роли мало: входов 1 (105 тыс. KZT), выходов 5 (1,2 млн KZT); достижим от 1 seed",False,1,1,5,105000.0,1230000.0,1,6,105000.0,0.0854,0.00029971,0.00031347,1,5,2026-07-07,2026-07-20,False,
100000002156381100,peripheral,0.3,11,0.8022,"v0: признаков роли мало: входов 2 (61 тыс. KZT), выходов 1 (22 тыс. KZT); достижим от 8 seed",False,2,2,1,61000.0,21800.0,7,3,21800.0,0.3574,0.00108078,4.24e-05,8,8,2026-07-01,2026-07-31,False,
100000002158488100,terminal,0.5,1,0.2464,v0: признаки конечного получателя: входов 1 на 32 тыс. KZT; исходящих в выгрузке 0; достижим от 1 seed,False,1,1,0,31723.0,0.0,1,0,0.0,0.0,0.00029223,0.0,1,1,2026-07-23,2026-07-23,False,
100000002170580100,terminal,0.5,7,0.447,v0: признаки конечного получателя: входов 1 на 150 тыс. KZT; исходящих в выгрузке 0; достижим от 1 seed,False,2,1,0,150000.0,0.0,1,0,0.0,0.0,0.00035704,0.0,1,1,2026-07-21,2026-07-21,False,
100000002173070100,terminal,0.5,4,0.2212,v0: признаки конечного получателя: входов 1 на 30 тыс. KZT; исходящих в выгрузке 0; достижим от 7 seed,False,2,1,0,30000.0,0.0,1,0,0.0,0.0,0.00029054,0.0,7,1,2026-07-03,2026-07-03,False,
100000002173161100,consolidator,0.375,4,0.6928,"v0: признаки консолидации (fan-in): входов 3 на 1,4 млн KZT; выходов 0 на 0 KZT; достижим от 9 seed",False,1,3,0,1427500.0,0.0,5,0,0.0,0.0,0.00043541,0.0,9,3,2026-07-19,2026-07-26,False,
100000002175422100,coordinator,0.55,30,0.8505,"v0: признаки gather-scatter: входов 3 на 68 тыс. KZT, выходов 6 на 1,6 млн KZT; betweenness 0.0002; достижим от 7 seed",False,2,3,6,68500.0,1621188.0,5,14,68500.0,0.0423,0.00084589,0.00015872,7,11,2026-07-01,2026-07-28,False,
100000002182176100,terminal,0.5,0,0.262,v0: признаки конечного получателя: входов 1 на 42 тыс. KZT; исходящих в выгрузке 0; достижим от 7 seed,False,1,1,0,42465.0,0.0,1,0,0.0,0.0,0.00029354,0.0,7,1,2026-07-05,2026-07-05,False,
100000002184107100,terminal,0.5,33,0.2154,v0: признаки конечного получателя: входов 1 на 6 тыс. KZT; исходящих в выгрузке 0; достижим от 7 seed,False,3,1,0,6066.0,0.0,1,0,0.0,0.0,0.0002902,0.0,7,1,2026-07-21,2026-07-21,False,
100000002185328100,peripheral,0.3,20,0.6751,"v0: признаков роли мало: входов 1 (15 тыс. KZT), выходов 4 (55 тыс. KZT); достижим от 7 seed",False,3,1,4,15000.0,55000.0,1,4,15000.0,0.2727,0.00035185,6.162e-05,7,5,2026-07-03,2026-07-31,False,
100000002188586100,peripheral,0.3,7,0.3165,"v0: признаков роли мало: входов 1 (38 тыс. KZT), выходов 0 (0 KZT); достижим от 7 seed; граница выгрузки (глубина 4)",False,4,1,0,38310.0,0.0,1,0,0.0,0.0,0.00029991,0.0,7,1,2026-07-28,2026-07-28,True,depth4_boundary
100000002188829100,terminal,0.5,2,0.4557,v0: признаки конечного получателя: входов 1 на 400 тыс. KZT; исходящих в выгрузке 0; достижим от 10 seed,False,1,1,0,400000.0,0.0,1,0,0.0,0.0,0.00036566,0.0,10,1,2026-07-26,2026-07-26,False,
100000002193259100,peripheral,0.3,10,0.8312,"v0: признаков роли мало: входов 2 (48 тыс. KZT), выходов 3 (58 тыс. KZT); достижим от 8 seed",False,2,2,3,48000.0,58000.0,2,3,48000.0,0.8276,0.00089084,6.44e-05,8,4,2026-07-08,2026-07-17,False,
100000002194320100,peripheral,0.3,15,0.5106,"v0: признаков роли мало: входов 1 (275 тыс. KZT), выходов 0 (0 KZT); достижим от 7 seed; граница выгрузки (глубина 4)",False,4,1,0,275000.0,0.0,1,0,0.0,0.0,0.00048657,0.0,7,1,2026-07-05,2026-07-05,True,depth4_boundary
100000002194329100,terminal,0.5,0,0.1516,v0: признаки конечного получателя: входов 1 на 25 тыс. KZT; исходящих в выгрузке 0; достижим от 7 seed,False,3,1,0,25170.0,0.0,1,0,0.0,0.0,0.00028699,0.0,7,1,2026-07-22,2026-07-22,False,
100000002199091100,terminal,0.5,1,0.3547,v0: признаки конечного получателя: входов 1 на 65 тыс. KZT; исходящих в выгрузке 0; достижим от 1 seed,False,2,1,0,65000.0,0.0,1,0,0.0,0.0,0.00030765,0.0,1,1,2026-07-23,2026-07-23,False,
100000002205022100,peripheral,0.3,53,0.7679,"v0: признаков роли мало: входов 1 (7 тыс. KZT), выходов 3 (518 тыс. KZT); достижим от 10 seed",False,2,1,3,7100.0,518000.0,1,3,7100.0,0.0137,0.00054564,5.451e-05,10,4,2026-07-17,2026-07-28,False,
100000002208836100,peripheral,0.3,5,0.4143,"v0: признаков роли мало: входов 1 (90 тыс. KZT), выходов 0 (0 KZT); достижим от 7 seed; граница выгрузки (глубина 4)",False,4,1,0,90000.0,0.0,1,0,0.0,0.0,0.00032982,0.0,7,1,2026-07-31,2026-07-31,True,depth4_boundary
100000002211413100,terminal,0.5,1,0.2597,v0: признаки конечного получателя: входов 1 на 37 тыс. KZT; исходящих в выгрузке 0; достижим от 1 seed,False,1,1,0,37000.0,0.0,1,0,0.0,0.0,0.00029334,0.0,1,1,2026-07-28,2026-07-28,False,
100000002212494100,terminal,0.5,30,0.4464,v0: признаки конечного получателя: входов 1 на 160 тыс. KZT; исходящих в выгрузке 0; достижим от 7 seed,False,3,1,0,160000.0,0.0,1,0,0.0,0.0,0.00035664,0.0,7,1,2026-07-21,2026-07-21,False,
100000002214207100,peripheral,0.3,35,0.5816,"v0: признаков роли мало: входов 1 (97 тыс. KZT), выходов 0 (0 KZT); достижим от 1 seed; граница выгрузки (глубина 4)",False,4,1,0,97000.0,0.0,1,0,0.0,0.0,0.00069061,0.0,1,1,2026-07-19,2026-07-19,True,depth4_boundary
100000002214301100,peripheral,0.3,0,0.3561,"v0: признаков роли мало: входов 1 (21 тыс. KZT), выходов 1 (8 тыс. KZT); достижим от 7 seed",False,1,1,1,21438.0,8000.0,1,1,8000.0,0.3732,0.00028959,9.61e-05,7,2,2026-07-01,2026-07-20,False,
100000002214383100,peripheral,0.3,1,0.5282,"v0: признаков роли мало: входов 1 (213 тыс. KZT), выходов 0 (0 KZT); достижим от 1 seed; граница выгрузки (глубина 4)",False,4,1,0,213000.0,0.0,1,0,0.0,0.0,0.00053087,0.0,1,1,2026-07-23,2026-07-23,True,depth4_boundary
100000002214570100,terminal,0.5,1,0.2302,v0: признаки конечного получателя: входов 1 на 26 тыс. KZT; исходящих в выгрузке 0; достижим от 1 seed,False,1,1,0,26471.0,0.0,1,0,0.0,0.0,0.00029113,0.0,1,1,2026-07-13,2026-07-13,False,
100000002214664100,peripheral,0.3,1,0.3005,"v0: признаков роли мало: входов 1 (8 тыс. KZT), выходов 1 (77 тыс. KZT); достижим от 1 seed",False,3,1,1,7950.0,76950.0,1,2,7950.0,0.1033,0.00028681,1.39e-06,1,1,2026-07-30,2026-07-30,False,
100000002216999100,terminal,0.5,1,0.1981,v0: признаки конечного получателя: входов 1 на 24 тыс. KZT; исходящих в выгрузке 0; достижим от 1 seed,False,3,1,0,23677.0,0.0,1,0,0.0,0.0,0.00028926,0.0,1,1,2026-07-20,2026-07-20,False,
100000002217161100,peripheral,0.3,33,0.8543,"v0: признаков роли мало: входов 2 (405 тыс. KZT), выходов 7 (995 тыс. KZT); достижим от 7 seed",False,2,2,7,404750.0,995132.0,15,19,404750.0,0.4067,0.00089157,0.00015515,7,21,2026-07-02,2026-07-31,False,
100000002217806100,peripheral,0.3,36,0.5022,"v0: признаков роли мало: входов 1 (55 тыс. KZT), выходов 0 (0 KZT); достижим от 7 seed; граница выгрузки (глубина 4)",False,4,1,0,55000.0,0.0,2,0,0.0,0.0,0.00046376,0.0,7,2,2026-07-05,2026-07-20,True,depth4_boundary
100000002224132100,consolidator,0.625,22,0.883,"v0: признаки консолидации (fan-in): входов 5 на 4,0 млн KZT; выходов 4 на 12,1 млн KZT; достижим от 2 seed",False,2,5,4,3951020.0,12115000.0,10,25,3951020.0,0.3261,0.00599573,6.24e-06,2,15,2026-07-02,2026-07-29,False,
100000002227960100,peripheral,0.3,20,0.3123,"v0: признаков роли мало: входов 1 (10 тыс. KZT), выходов 0 (0 KZT); достижим от 7 seed; граница выгрузки (глубина 4)",False,4,1,0,10000.0,0.0,1,0,0.0,0.0,0.00029944,0.0,7,1,2026-07-08,2026-07-08,True,depth4_boundary
100000002227989100,peripheral,0.3,20,0.4764,"v0: признаков роли мало: входов 1 (20 тыс. KZT), выходов 0 (0 KZT); достижим от 7 seed; граница выгрузки (глубина 4)",False,4,1,0,20000.0,0.0,1,0,0.0,0.0,0.00039446,0.0,7,1,2026-07-23,2026-07-23,True,depth4_boundary
100000002229615100,peripheral,0.3,20,0.5849,"v0: признаков роли мало: входов 1 (25 тыс. KZT), выходов 0 (0 KZT); достижим от 7 seed; граница выгрузки (глубина 4)",False,4,1,0,25000.0,0.0,1,0,0.0,0.0,0.0007185,0.0,7,1,2026-07-08,2026-07-08,True,depth4_boundary
100000002231144100,peripheral,0.3,20,0.4577,"v0: признаков роли мало: входов 1 (15 тыс. KZT), выходов 0 (0 KZT); достижим от 7 seed; граница выгрузки (глубина 4)",False,4,1,0,15000.0,0.0,1,0,0.0,0.0,0.00036724,0.0,7,1,2026-07-28,2026-07-28,True,depth4_boundary
100000002232266100,terminal,0.5,3,0.2751,v0: признаки конечного получателя: входов 1 на 45 тыс. KZT; исходящих в выгрузке 0; достижим от 7 seed,False,3,1,0,45000.0,0.0,1,0,0.0,0.0,0.00029472,0.0,7,1,2026-07-19,2026-07-19,False,
100000002236528100,terminal,0.5,6,0.3534,v0: признаки конечного получателя: входов 1 на 66 тыс. KZT; исходящих в выгрузке 0; достижим от 7 seed,False,3,1,0,66000.0,0.0,1,0,0.0,0.0,0.00030724,0.0,7,1,2026-07-10,2026-07-10,False,
100000002241986100,peripheral,0.3,37,0.5223,"v0: признаков роли мало: входов 1 (280 тыс. KZT), выходов 6 (3,1 млн KZT); достижим от 7 seed",False,3,1,6,280000.0,3077000.0,1,12,280000.0,0.091,0.00029464,0.00011532,7,12,2026-07-02,2026-07-31,False,
100000002242066100,peripheral,0.3,33,0.5351,"v0: признаков роли мало: входов 1 (60 тыс. KZT), выходов 0 (0 KZT); достижим от 7 seed; граница выгрузки (глубина 4)",False,4,1,0,60000.0,0.0,1,0,0.0,0.0,0.00053378,0.0,7,1,2026-07-03,2026-07-03,True,depth4_boundary
100000002242455100,peripheral,0.3,5,0.5322,"v0: признаков роли мало: входов 1 (110 тыс. KZT), выходов 0 (0 KZT); достижим от 7 seed; граница выгрузки (глубина 4)",False,4,1,0,110000.0,0.0,1,0,0.0,0.0,0.00053217,0.0,7,1,2026-07-03,2026-07-03,True,depth4_boundary
100000002243354100,terminal,0.5,1,0.2108,v0: признаки конечного получателя: входов 1 на 21 тыс. KZT; исходящих в выгрузке 0; достижим от 1 seed,False,1,1,0,20879.0,0.0,1,0,0.0,0.0,0.00028995,0.0,1,1,2026-07-15,2026-07-15,False,
100000002255058100,terminal,0.5,2,0.4897,v0: признаки конечного получателя: входов 1 на 492 тыс. KZT; исходящих в выгрузке 0; достижим от 1 seed,False,3,1,0,491500.0,0.0,2,0,0.0,0.0,0.00042613,0.0,1,2,2026-07-13,2026-07-24,False,
100000002257794100,terminal,0.5,23,0.5954,v0: признаки конечного получателя: входов 1 на 154 тыс. KZT; исходящих в выгрузке 0; достижим от 1 seed,False,3,1,0,154000.0,0.0,1,0,0.0,0.0,0.00086063,0.0,1,1,2026-07-13,2026-07-13,False,
100000002258492100,peripheral,0.3,19,0.5432,"v0: признаков роли мало: входов 1 (9 тыс. KZT), выходов 0 (0 KZT); достижим от 8 seed; граница выгрузки (глубина 4)",False,4,1,0,9000.0,0.0,1,0,0.0,0.0,0.00054013,0.0,8,1,2026-07-07,2026-07-07,True,depth4_boundary
100000002267998100,peripheral,0.3,21,0.8477,"v0: признаков роли мало: входов 2 (420 тыс. KZT), выходов 3 (1,1 млн KZT); достижим от 7 seed",False,2,2,3,420000.0,1115000.0,4,12,420000.0,0.3767,0.00158483,5.885e-05,7,12,2026-07-02,2026-07-28,False,
100000002284426100,terminal,0.5,5,0.1786,v0: признаки конечного получателя: входов 1 на 90 тыс. KZT; исходящих в выгрузке 0; достижим от 7 seed,False,3,1,0,90000.0,0.0,2,0,0.0,0.0,0.00028849,0.0,7,2,2026-07-08,2026-07-21,False,
100000002289937100,terminal,0.5,1,0.2084,v0: признаки конечного получателя: входов 1 на 20 тыс. KZT; исходящих в выгрузке 0; достижим от 1 seed,False,1,1,0,20000.0,0.0,1,0,0.0,0.0,0.00028977,0.0,1,1,2026-07-02,2026-07-02,False,
100000002293421100,transit,0.2683,0,0.823,"v0: признаки транзита: вход 41 тыс. KZT, выход 47 тыс. KZT; доля прохода 0.87, входов 2, выходов 2; достижим от 7 seed",False,2,2,2,41000.0,47000.0,6,5,41000.0,0.8723,0.00097483,1.962e-05,7,8,2026-07-01,2026-07-31,False,
100000002299948100,terminal,0.5,31,0.2553,v0: признаки конечного получателя: входов 1 на 7 тыс. KZT; исходящих в выгрузке 0; достижим от 8 seed,False,2,1,0,6750.0,0.0,1,0,0.0,0.0,0.00029302,0.0,8,1,2026-07-11,2026-07-11,False,
100000002301828100,terminal,0.5,16,0.2548,v0: признаки конечного получателя: входов 1 на 47 тыс. KZT; исходящих в выгрузке 0; достижим от 7 seed,False,3,1,0,46977.0,0.0,1,0,0.0,0.0,0.00029296,0.0,7,1,2026-07-19,2026-07-19,False,
100000002304943100,peripheral,0.3,20,0.3498,"v0: признаков роли мало: входов 1 (15 тыс. KZT), выходов 0 (0 KZT); достижим от 7 seed; граница выгрузки (глубина 4)",False,4,1,0,15000.0,0.0,1,0,0.0,0.0,0.00030637,0.0,7,1,2026-07-07,2026-07-07,True,depth4_boundary
100000002305007100,terminal,0.5,1,0.2709,v0: признаки конечного получателя: входов 1 на 56 тыс. KZT; исходящих в выгрузке 0; достижим от 1 seed,False,3,1,0,56000.0,0.0,1,0,0.0,0.0,0.00029431,0.0,1,1,2026-07-13,2026-07-13,False,
100000002305477100,peripheral,0.3,20,0.3765,"v0: признаков роли мало: входов 1 (20 тыс. KZT), выходов 0 (0 KZT); достижим от 7 seed; граница выгрузки (глубина 4)",False,4,1,0,20000.0,0.0,1,0,0.0,0.0,0.00031331,0.0,7,1,2026-07-18,2026-07-18,True,depth4_boundary
100000002306369100,peripheral,0.3,2,0.5579,"v0: признаков роли мало: входов 1 (73 тыс. KZT), выходов 6 (261 тыс. KZT); достижим от 7 seed",False,1,1,6,73166.0,260900.0,1,9,73166.0,0.2804,0.0002993,7.025e-05,7,5,2026-07-01,2026-07-24,False,
100000002308091100,terminal,0.5,13,0.5585,v0: признаки конечного получателя: входов 1 на 187 тыс. KZT; исходящих в выгрузке 0; достижим от 1 seed,False,3,1,0,186720.0,0.0,1,0,0.0,0.0,0.00056111,0.0,1,1,2026-07-07,2026-07-07,False,
100000002320495100,peripheral,0.3,16,0.5375,"v0: признаков роли мало: входов 1 (14 тыс. KZT), выходов 0 (0 KZT); достижим от 7 seed; граница выгрузки (глубина 4)",False,4,1,0,13526.27,0.0,1,0,0.0,0.0,0.00053542,0.0,7,1,2026-07-08,2026-07-08,True,depth4_boundary
100000002324543100,terminal,0.5,8,0.187,v0: признаки конечного получателя: входов 1 на 30 тыс. KZT; исходящих в выгрузке 0; достижим от 1 seed,False,1,1,0,30202.0,0.0,1,0,0.0,0.0,0.00028881,0.0,1,1,2026-07-19,2026-07-19,False,
100000002335358100,terminal,0.5,4,0.5705,v0: признаки конечного получателя: входов 1 на 140 тыс. KZT; исходящих в выгрузке 0; достижим от 7 seed,False,2,1,0,140000.0,0.0,2,0,0.0,0.0,0.00061249,0.0,7,2,2026-07-03,2026-07-04,False,
100000002340562100,terminal,0.5,6,0.528,v0: признаки конечного получателя: входов 1 на 37 тыс. KZT; исходящих в выгрузке 0; достижим от 1 seed,False,2,1,0,36650.0,0.0,2,0,0.0,0.0,0.00053086,0.0,1,2,2026-07-11,2026-07-19,False,
100000002343825100,consolidator,0.375,9,0.6535,v0: признаки консолидации (fan-in): входов 3 на 350 тыс. KZT; выходов 2 на 90 тыс. KZT; достижим от 8 seed,False,3,3,2,350000.0,89800.0,4,2,89800.0,0.2566,0.0003336,4.28e-05,8,3,2026-07-14,2026-07-21,False,
100000002346166100,terminal,0.5,1,0.1448,v0: признаки конечного получателя: входов 1 на 6 тыс. KZT; исходящих в выгрузке 0; достижим от 1 seed,False,3,1,0,6000.0,0.0,1,0,0.0,0.0,0.00028651,0.0,1,1,2026-07-23,2026-07-23,False,
100000002356167100,peripheral,0.3,5,0.4778,"v0: признаков роли мало: входов 1 (300 тыс. KZT), выходов 2 (30 тыс. KZT); достижим от 7 seed",False,3,1,2,300000.0,29500.0,1,3,29500.0,0.0983,0.00029529,3.844e-05,7,3,2026-07-03,2026-07-13,False,
100000002369443100,terminal,0.5,1,0.26,v0: признаки конечного получателя: входов 1 на 50 тыс. KZT; исходящих в выгрузке 0; достижим от 1 seed,False,3,1,0,50000.0,0.0,1,0,0.0,0.0,0.00029337,0.0,1,1,2026-07-27,2026-07-27,False,
100000002369454100,peripheral,0.3,3,0.4916,"v0: признаков роли мало: входов 1 (25 тыс. KZT), выходов 0 (0 KZT); достижим от 7 seed; граница выгрузки (глубина 4)",False,4,1,0,25000.0,0.0,1,0,0.0,0.0,0.00042888,0.0,7,1,2026-07-17,2026-07-17,True,depth4_boundary
100000002369510100,terminal,0.5,1,0.2347,v0: признаки конечного получателя: входов 1 на 37 тыс. KZT; исходящих в выгрузке 0; достижим от 1 seed,False,3,1,0,37150.0,0.0,1,0,0.0,0.0,0.00029137,0.0,1,1,2026-07-31,2026-07-31,False,
100000002369874100,consolidator,0.5,8,0.6458,v0: признаки консолидации (fan-in): входов 4 на 600 тыс. KZT; выходов 0 на 0 KZT; достижим от 9 seed,False,3,4,0,600000.0,0.0,4,0,0.0,0.0,0.00033735,0.0,9,1,2026-07-29,2026-07-29,False,
100000002371751100,peripheral,0.3,59,0.675,"v0: признаков роли мало: входов 1 (200 тыс. KZT), выходов 1 (250 тыс. KZT); достижим от 1 seed",False,1,1,1,200000.0,250000.0,5,1,200000.0,0.8,0.00052859,2e-07,1,4,2026-07-10,2026-07-13,False,
100000002371892100,peripheral,0.3,60,0.3505,"v0: признаков роли мало: входов 1 (44 тыс. KZT), выходов 0 (0 KZT); достижим от 7 seed; граница выгрузки (глубина 4)",False,4,1,0,43830.0,0.0,1,0,0.0,0.0,0.00030653,0.0,7,1,2026-07-21,2026-07-21,True,depth4_boundary
100000002373144100,peripheral,0.3,0,0.3597,"v0: признаков роли мало: входов 1 (46 тыс. KZT), выходов 1 (11 тыс. KZT); достижим от 7 seed",False,3,1,1,46468.0,10764.0,1,1,10764.0,0.2316,0.00028969,1.922e-05,7,2,2026-07-13,2026-07-18,False,
100000002373386100,terminal,0.5,1,0.1986,v0: признаки конечного получателя: входов 1 на 24 тыс. KZT; исходящих в выгрузке 0; достижим от 1 seed,False,3,1,0,24000.0,0.0,1,0,0.0,0.0,0.00028932,0.0,1,1,2026-07-29,2026-07-29,False,
100000002380341100,terminal,0.5,0,0.3594,v0: признаки конечного получателя: входов 1 на 58 тыс. KZT; исходящих в выгрузке 0; достижим от 7 seed,False,3,1,0,57566.4,0.0,1,0,0.0,0.0,0.00030914,0.0,7,1,2026-07-01,2026-07-01,False,
100000002391278100,peripheral,0.3,26,0.6259,"v0: признаков роли мало: входов 1 (30 тыс. KZT), выходов 1 (53 тыс. KZT); достижим от 1 seed",False,3,1,1,30000.0,52700.0,5,2,30000.0,0.5693,0.00039132,0.0,1,6,2026-07-15,2026-07-27,False,
100000002394199100,peripheral,0.3,6,0.778,"v0: признаков роли мало: входов 1 (277 тыс. KZT), выходов 1 (77 тыс. KZT); достижим от 1 seed",False,3,1,1,277398.0,76777.0,3,1,76777.0,0.2768,0.00296785,0.0,1,3,2026-07-02,2026-07-13,False,
100000002398779100,consolidator,1.0,0,0.878,"v0: признаки консолидации (fan-in): входов 13 на 1,1 млн KZT; выходов 1 на 66 тыс. KZT; достижим от 8 seed",False,2,13,1,1095690.0,66000.0,28,3,66000.0,0.0602,0.0016005,1.278e-05,8,5,2026-07-06,2026-07-10,False,
100000002404112100,peripheral,0.3,25,0.415,"v0: признаков роли мало: входов 1 (60 тыс. KZT), выходов 0 (0 KZT); достижим от 7 seed; граница выгрузки (глубина 4)",False,4,1,0,60000.0,0.0,1,0,0.0,0.0,0.00033008,0.0,7,1,2026-07-30,2026-07-30,True,depth4_boundary
100000002432143100,terminal,0.5,2,0.4223,v0: признаки конечного получателя: входов 1 на 81 тыс. KZT; исходящих в выгрузке 0; достижим от 9 seed,False,2,1,0,81310.0,0.0,1,0,0.0,0.0,0.00033526,0.0,9,1,2026-07-08,2026-07-08,False,
100000002433697100,transit,0.2308,5,0.3612,"v0: признаки транзита: вход 130 тыс. KZT, выход 110 тыс. KZT; доля прохода 0.85, входов 1, выходов 1; достижим от 7 seed",False,3,1,1,130000.0,110000.0,1,1,110000.0,0.8462,0.00028978,1.922e-05,7,1,2026-07-03,2026-07-03,False,
100000002435265100,terminal,0.5,0,0.2557,v0: признаки конечного получателя: входов 1 на 133 тыс. KZT; исходящих в выгрузке 0; достижим от 7 seed,False,3,1,0,132628.0,0.0,3,0,0.0,0.0,0.00029304,0.0,7,3,2026-07-05,2026-07-21,False,
100000002443664100,consolidator,0.375,13,0.6254,v0: признаки консолидации (fan-in): входов 3 на 557 тыс. KZT; выходов 0 на 0 KZT; достижим от 9 seed,False,2,3,0,556880.0,0.0,3,0,0.0,0.0,0.00033877,0.0,9,1,2026-07-26,2026-07-26,False,
100000002445750100,peripheral,0.3,0,0.6913,"v0: признаков роли мало: входов 1 (70 тыс. KZT), выходов 1 (10 тыс. KZT); достижим от 7 seed",False,2,1,1,70000.0,10000.0,1,1,10000.0,0.1429,0.00053729,1.942e-05,7,2,2026-07-01,2026-07-05,False,
100000002448088100,consolidator,0.375,20,0.7387,v0: признаки консолидации (fan-in): входов 3 на 20 тыс. KZT; выходов 1 на 25 тыс. KZT; достижим от 7 seed,False,3,3,1,20000.0,25000.0,3,1,20000.0,0.8,0.00050866,2.081e-05,7,2,2026-07-03,2026-07-08,False,
100000002454724100,terminal,0.5,29,0.326,v0: признаки конечного получателя: входов 1 на 125 тыс. KZT; исходящих в выгрузке 0; достижим от 7 seed,False,2,1,0,125000.0,0.0,3,0,0.0,0.0,0.00030119,0.0,7,3,2026-07-13,2026-07-15,False,
100000002457464100,terminal,0.5,2,0.403,v0: признаки конечного получателя: входов 1 на 67 тыс. KZT; исходящих в выгрузке 0; достижим от 8 seed,False,2,1,0,66647.0,0.0,1,0,0.0,0.0,0.00032217,0.0,8,1,2026-07-25,2026-07-25,False,
100000002459093100,peripheral,0.3,26,0.6234,"v0: признаков роли мало: входов 1 (500 тыс. KZT), выходов 1 (55 тыс. KZT); достижим от 1 seed",False,2,1,1,500000.0,55000.0,2,3,55000.0,0.11,0.00038925,1.19e-06,1,4,2026-07-04,2026-07-20,False,
100000002459163100,terminal,0.5,54,0.4512,v0: признаки конечного получателя: входов 1 на 20 тыс. KZT; исходящих в выгрузке 0; достижим от 1 seed,False,2,1,0,20180.0,0.0,1,0,0.0,0.0,0.00036112,0.0,1,1,2026-07-17,2026-07-17,False,
100000002459164100,terminal,0.5,0,0.5451,v0: признаки конечного получателя: входов 1 на 20 тыс. KZT; исходящих в выгрузке 0; достижим от 7 seed,False,3,1,0,20000.0,0.0,1,0,0.0,0.0,0.00054183,0.0,7,1,2026-07-31,2026-07-31,False,
100000002459240100,terminal,0.5,5,0.219,v0: признаки конечного получателя: входов 1 на 150 тыс. KZT; исходящих в выгрузке 0; достижим от 7 seed,False,3,1,0,150000.0,0.0,1,0,0.0,0.0,0.00029043,0.0,7,1,2026-07-03,2026-07-03,False,
100000002459832100,terminal,0.5,3,0.6277,v0: признаки конечного получателя: входов 2 на 881 тыс. KZT; исходящих в выгрузке 0; достижим от 7 seed,False,3,2,0,880606.0,0.0,2,0,0.0,0.0,0.00039319,0.0,7,2,2026-07-09,2026-07-23,False,
100000002462183100,terminal,0.5,43,0.4659,v0: признаки конечного получателя: входов 1 на 108 тыс. KZT; исходящих в выгрузке 0; достижим от 1 seed,False,1,1,0,107500.0,0.0,3,0,0.0,0.0,0.00038026,0.0,1,3,2026-07-04,2026-07-13,False,
100000002469065100,terminal,0.5,4,0.3932,v0: признаки конечного получателя: входов 1 на 200 тыс. KZT; исходящих в выгрузке 0; достижим от 7 seed,False,2,1,0,200000.0,0.0,1,0,0.0,0.0,0.0003187,0.0,7,1,2026-07-07,2026-07-07,False,
100000002472632100,peripheral,0.3,24,0.8,"v0: признаков роли мало: входов 2 (502 тыс. KZT), выходов 1 (20 тыс. KZT); достижим от 7 seed",False,3,2,1,502400.0,20000.0,3,1,20000.0,0.0398,0.00098562,2.001e-05,7,3,2026-07-10,2026-07-21,False,
100000002474570100,peripheral,0.3,7,0.195,"v0: признаков роли мало: входов 1 (7 тыс. KZT), выходов 0 (0 KZT); достижим от 1 seed; граница выгрузки (глубина 4)",False,4,1,0,6750.0,0.0,1,0,0.0,0.0,0.00028918,0.0,1,1,2026-07-24,2026-07-24,True,depth4_boundary
100000002475601100,terminal,0.5,3,0.3307,v0: признаки конечного получателя: входов 1 на 232 тыс. KZT; исходящих в выгрузке 0; достижим от 1 seed,False,3,1,0,232301.0,0.0,1,0,0.0,0.0,0.00030211,0.0,1,1,2026-07-09,2026-07-09,False,
100000002478829100,peripheral,0.3,20,0.4699,"v0: признаков роли мало: входов 1 (34 тыс. KZT), выходов 0 (0 KZT); достижим от 7 seed; граница выгрузки (глубина 4)",False,4,1,0,34000.0,0.0,1,0,0.0,0.0,0.00038733,0.0,7,1,2026-07-07,2026-07-07,True,depth4_boundary
100000002479804100,peripheral,0.3,2,0.4922,"v0: признаков роли мало: входов 1 (46 тыс. KZT), выходов 2 (35 тыс. KZT); достижим от 1 seed",False,1,1,2,46000.0,35300.0,1,2,35300.0,0.7674,0.00029697,1.78e-06,1,3,2026-07-10,2026-07-16,False,
100000002480800100,terminal,0.5,2,0.7278,v0: признаки конечного получателя: входов 2 на 569 тыс. KZT; исходящих в выгрузке 0; достижим от 10 seed,False,1,2,0,569251.0,0.0,2,0,0.0,0.0,0.00064108,0.0,10,1,2026-07-21,2026-07-21,False,
100000002481735100,terminal,0.5,4,0.453,v0: признаки конечного получателя: входов 1 на 22 тыс. KZT; исходящих в выгрузке 0; достижим от 7 seed,False,2,1,0,22436.0,0.0,2,0,0.0,0.0,0.0003627,0.0,7,2,2026-07-07,2026-07-29,False,
100000002481974100,peripheral,0.3,3,0.6384,"v0: признаков роли мало: входов 2 (89 тыс. KZT), выходов 2 (318 тыс. KZT); достижим от 7 seed",False,3,2,2,89447.0,318000.0,2,4,89447.0,0.2813,0.00033167,3.884e-05,7,5,2026-07-02,2026-07-18,False,
100000002487222100,peripheral,0.3,5,0.3649,"v0: признаков роли мало: входов 1 (90 тыс. KZT), выходов 0 (0 KZT); достижим от 7 seed; граница выгрузки (глубина 4)",False,4,1,0,90000.0,0.0,2,0,0.0,0.0,0.00031043,0.0,7,2,2026-07-04,2026-07-05,True,depth4_boundary
100000002488629100,terminal,0.5,6,0.312,v0: признаки конечного получателя: входов 1 на 73 тыс. KZT; исходящих в выгрузке 0; достижим от 1 seed,False,2,1,0,73050.0,0.0,1,0,0.0,0.0,0.00029941,0.0,1,1,2026-07-29,2026-07-29,False,
100000002489253100,terminal,0.5,4,0.33,v0: признаки конечного получателя: входов 1 на 51 тыс. KZT; исходящих в выгрузке 0; достижим от 7 seed,False,2,1,0,51000.0,0.0,1,0,0.0,0.0,0.00030184,0.0,7,1,2026-07-14,2026-07-14,False,
100000002492277100,terminal,0.5,2,0.354,v0: признаки конечного получателя: входов 1 на 138 тыс. KZT; исходящих в выгрузке 0; достижим от 7 seed,False,2,1,0,138500.0,0.0,1,0,0.0,0.0,0.0003074,0.0,7,1,2026-07-31,2026-07-31,False,
100000002505277100,peripheral,0.3,0,0.4834,"v0: признаков роли мало: входов 1 (60 тыс. KZT), выходов 0 (0 KZT); достижим от 7 seed; граница выгрузки (глубина 4)",False,4,1,0,60000.0,0.0,1,0,0.0,0.0,0.00040765,0.0,7,1,2026-07-08,2026-07-08,True,depth4_boundary
100000002506987100,peripheral,0.3,7,0.288,"v0: признаков роли мало: входов 1 (28 тыс. KZT), выходов 0 (0 KZT); достижим от 7 seed; граница выгрузки (глубина 4)",False,4,1,0,28200.0,0.0,1,0,0.0,0.0,0.00029613,0.0,7,1,2026-07-12,2026-07-12,True,depth4_boundary
100000002508637100,peripheral,0.3,3,0.5062,"v0: признаков роли мало: входов 1 (306 тыс. KZT), выходов 1 (8 тыс. KZT); достижим от 1 seed",False,3,1,1,306410.0,8000.0,1,1,8000.0,0.0261,0.00030739,7.9e-07,1,2,2026-07-15,2026-07-27,False,
100000002509598100,terminal,0.5,13,0.318,v0: признаки конечного получателя: входов 1 на 306 тыс. KZT; исходящих в выгрузке 0; достижим от 2 seed,False,3,1,0,305550.0,0.0,1,0,0.0,0.0,0.00030012,0.0,2,1,2026-07-18,2026-07-18,False,
100000002511581100,terminal,0.5,1,0.1746,v0: признаки конечного получателя: входов 1 на 18 тыс. KZT; исходящих в выгрузке 0; достижим от 1 seed,False,3,1,0,17600.0,0.0,1,0,0.0,0.0,0.00028832,0.0,1,1,2026-07-07,2026-07-07,False,
100000002511825100,terminal,0.5,0,0.3004,v0: признаки конечного получателя: входов 1 на 65 тыс. KZT; исходящих в выгрузке 0; достижим от 7 seed,False,1,1,0,65000.0,0.0,1,0,0.0,0.0,0.00029777,0.0,7,1,2026-07-01,2026-07-01,False,
100000002512742100,peripheral,0.3,7,0.1858,"v0: признаков роли мало: входов 1 (6 тыс. KZT), выходов 0 (0 KZT); достижим от 1 seed; граница выгрузки (глубина 4)",False,4,1,0,6000.0,0.0,1,0,0.0,0.0,0.00028878,0.0,1,1,2026-07-26,2026-07-26,True,depth4_boundary
100000002513028100,peripheral,0.3,57,0.5677,"v0: признаков роли мало: входов 1 (10 тыс. KZT), выходов 3 (333 тыс. KZT); достижим от 7 seed",False,3,1,3,9500.0,332709.0,1,24,9500.0,0.0286,0.0003056,6.063e-05,7,16,2026-07-03,2026-07-31,False,
100000002514975100,peripheral,0.3,25,0.5291,"v0: признаков роли мало: входов 1 (18 тыс. KZT), выходов 0 (0 KZT); достижим от 7 seed; граница выгрузки (глубина 4)",False,4,1,0,17920.0,0.0,1,0,0.0,0.0,0.00053104,0.0,7,1,2026-07-25,2026-07-25,True,depth4_boundary
100000002516862100,peripheral,0.3,57,0.4395,"v0: признаков роли мало: входов 1 (82 тыс. KZT), выходов 0 (0 KZT); достижим от 7 seed; граница выгрузки (глубина 4)",False,4,1,0,81710.0,0.0,5,0,0.0,0.0,0.00034944,0.0,7,3,2026-07-05,2026-07-28,True,depth4_boundary
100000002521039100,terminal,0.5,0,0.3452,v0: признаки конечного получателя: входов 1 на 349 тыс. KZT; исходящих в выгрузке 0; достижим от 7 seed,False,3,1,0,349370.0,0.0,1,0,0.0,0.0,0.00030525,0.0,7,1,2026-07-20,2026-07-20,False,
100000002527114100,coordinator,1.0,1,0.9651,"v0: признаки gather-scatter: входов 3 на 129 тыс. KZT, выходов 111 на 3,3 млн KZT; betweenness 0.0002; seed, входы неполны",True,0,3,111,129000.0,3289249.0,4,113,129000.0,0.0392,0.00081111,0.00019339,0,25,2026-07-01,2026-07-31,False,seed_inflow_incomplete
100000002528544100,terminal,0.5,3,0.3107,v0: признаки конечного получателя: входов 1 на 193 тыс. KZT; исходящих в выгрузке 0; достижим от 1 seed,False,3,1,0,192912.0,0.0,1,0,0.0,0.0,0.00029931,0.0,1,1,2026-07-10,2026-07-10,False,
100000002528978100,peripheral,0.3,7,0.2368,"v0: признаков роли мало: входов 1 (16 тыс. KZT), выходов 0 (0 KZT); достижим от 7 seed; граница выгрузки (глубина 4)",False,4,1,0,15900.0,0.0,1,0,0.0,0.0,0.00029152,0.0,7,1,2026-07-26,2026-07-26,True,depth4_boundary
100000002529877100,peripheral,0.3,13,0.3476,"v0: признаков роли мало: входов 1 (232 тыс. KZT), выходов 0 (0 KZT); достижим от 8 seed; граница выгрузки (глубина 4)",False,4,1,0,232000.0,0.0,1,0,0.0,0.0,0.00030583,0.0,8,1,2026-07-27,2026-07-27,True,depth4_boundary
100000002529880100,terminal,0.5,9,0.5013,v0: признаки конечного получателя: входов 2 на 147 тыс. KZT; исходящих в выгрузке 0; достижим от 8 seed,False,3,2,0,147000.0,0.0,2,0,0.0,0.0,0.00030613,0.0,8,1,2026-07-17,2026-07-17,False,
100000002530224100,terminal,0.5,8,0.2362,v0: признаки конечного получателя: входов 1 на 113 тыс. KZT; исходящих в выгрузке 0; достижим от 9 seed,False,3,1,0,113000.0,0.0,1,0,0.0,0.0,0.00029139,0.0,9,1,2026-07-22,2026-07-22,False,
100000002531406100,transit,0.8077,3,0.556,"v0: признаки транзита: вход 520 тыс. KZT, выход 500 тыс. KZT; доля прохода 0.96, входов 1, выходов 1; достижим от 1 seed",False,3,1,1,520000.0,500000.0,1,1,500000.0,0.9615,0.00032261,7.9e-07,1,2,2026-07-08,2026-07-09,False,
100000002534091100,terminal,0.5,3,0.29,v0: признаки конечного получателя: входов 1 на 22 тыс. KZT; исходящих в выгрузке 0; достижим от 7 seed,False,3,1,0,22200.0,0.0,1,0,0.0,0.0,0.00029637,0.0,7,1,2026-07-23,2026-07-23,False,
100000002537811100,peripheral,0.3,11,0.762,"v0: признаков роли мало: входов 1 (52 тыс. KZT), выходов 1 (15 тыс. KZT); достижим от 11 seed",False,3,1,1,52000.0,15000.0,1,1,15000.0,0.2885,0.00123138,2.635e-05,11,2,2026-07-01,2026-07-09,False,
100000002539625100,terminal,0.5,9,0.4346,v0: признаки конечного получателя: входов 1 на 95 тыс. KZT; исходящих в выгрузке 0; достижим от 9 seed,False,2,1,0,94700.0,0.0,1,0,0.0,0.0,0.00034502,0.0,9,1,2026-07-16,2026-07-16,False,
100000002540033100,peripheral,0.3,17,0.5669,"v0: признаков роли мало: входов 1 (10 тыс. KZT), выходов 0 (0 KZT); достижим от 9 seed; граница выгрузки (глубина 4)",False,4,1,0,10000.0,0.0,1,0,0.0,0.0,0.00059609,0.0,9,1,2026-07-29,2026-07-29,True,depth4_boundary
100000002540623100,terminal,0.5,7,0.4197,v0: признаки конечного получателя: входов 1 на 100 тыс. KZT; исходящих в выгрузке 0; достижим от 1 seed,False,2,1,0,100000.0,0.0,1,0,0.0,0.0,0.00033322,0.0,1,1,2026-07-21,2026-07-21,False,
100000002546921100,terminal,0.5,14,0.2319,v0: признаки конечного получателя: входов 1 на 20 тыс. KZT; исходящих в выгрузке 0; достижим от 7 seed,False,3,1,0,20000.0,0.0,1,0,0.0,0.0,0.00029122,0.0,7,1,2026-07-18,2026-07-18,False,
100000002547110100,consolidator,0.75,9,0.7937,"v0: признаки консолидации (fan-in): входов 6 на 1,5 млн KZT; выходов 0 на 0 KZT; достижим от 8 seed",False,3,6,0,1500000.0,0.0,10,0,0.0,0.0,0.00055163,0.0,8,2,2026-07-13,2026-07-16,False,
100000002548759100,terminal,0.5,8,0.5107,v0: признаки конечного получателя: входов 2 на 375 тыс. KZT; исходящих в выгрузке 0; достижим от 9 seed,False,3,2,0,375000.0,0.0,2,0,0.0,0.0,0.00030853,0.0,9,1,2026-07-28,2026-07-28,False,
100000002550141100,terminal,0.5,3,0.3558,v0: признаки конечного получателя: входов 1 на 101 тыс. KZT; исходящих в выгрузке 0; достижим от 7 seed,False,3,1,0,100586.0,0.0,1,0,0.0,0.0,0.00030779,0.0,7,1,2026-07-10,2026-07-10,False,
100000002554175100,terminal,0.5,7,0.2755,v0: признаки конечного получателя: входов 1 на 25 тыс. KZT; исходящих в выгрузке 0; достижим от 7 seed,False,3,1,0,24621.0,0.0,1,0,0.0,0.0,0.00029474,0.0,7,1,2026-07-05,2026-07-05,False,
100000002556775100,terminal,0.5,5,0.2803,v0: признаки конечного получателя: входов 1 на 300 тыс. KZT; исходящих в выгрузке 0; достижим от 7 seed,False,3,1,0,300000.0,0.0,1,0,0.0,0.0,0.00029529,0.0,7,1,2026-07-16,2026-07-16,False,
100000002558173100,terminal,0.5,31,0.2855,v0: признаки конечного получателя: входов 1 на 9 тыс. KZT; исходящих в выгрузке 0; достижим от 8 seed,False,2,1,0,9300.0,0.0,1,0,0.0,0.0,0.00029583,0.0,8,1,2026-07-23,2026-07-23,False,
100000002559089100,terminal,0.5,13,0.6272,v0: признаки конечного получателя: входов 2 на 715 тыс. KZT; исходящих в выгрузке 0; достижим от 9 seed,False,3,2,0,715000.0,0.0,2,0,0.0,0.0,0.00039243,0.0,9,1,2026-07-29,2026-07-29,False,
100000002565277100,terminal,0.5,2,0.4666,v0: признаки конечного получателя: входов 1 на 483 тыс. KZT; исходящих в выгрузке 0; достижим от 10 seed,False,1,1,0,483319.0,0.0,1,0,0.0,0.0,0.00038235,0.0,10,1,2026-07-27,2026-07-27,False,
100000002566204100,terminal,0.5,7,0.4063,v0: признаки конечного получателя: входов 1 на 81 тыс. KZT; исходящих в выгрузке 0; достижим от 1 seed,False,2,1,0,80805.0,0.0,1,0,0.0,0.0,0.00032407,0.0,1,1,2026-07-21,2026-07-21,False,
100000002567887100,terminal,0.5,5,0.1541,v0: признаки конечного получателя: входов 1 на 51 тыс. KZT; исходящих в выгрузке 0; достижим от 7 seed,False,3,1,0,50915.0,0.0,1,0,0.0,0.0,0.00028722,0.0,7,1,2026-07-16,2026-07-16,False,
100000002570206100,terminal,0.5,16,0.5449,v0: признаки конечного получателя: входов 2 на 167 тыс. KZT; исходящих в выгрузке 0; достижим от 7 seed,False,2,2,0,166959.6,0.0,2,0,0.0,0.0,0.00031851,0.0,7,2,2026-07-08,2026-07-23,False,
100000002575080100,transit,0.8077,15,0.7048,"v0: признаки транзита: вход 13 тыс. KZT, выход 12 тыс. KZT; доля прохода 0.96, входов 1, выходов 1; достижим от 7 seed",False,3,1,1,13000.0,12500.0,1,1,12500.0,0.9615,0.00055182,1.981e-05,7,1,2026-07-08,2026-07-08,False,
100000002578405100,distributor,1.0,1,0.8335,"v0: признаки распределения (fan-out): выходов 116 на 3,1 млн KZT; входов 2 на 1,2 млн KZT; достижим от 1 seed",False,2,2,116,1200351.0,3108352.0,7,120,1200351.0,0.3862,0.00057001,0.000171,1,22,2026-07-01,2026-07-31,False,
100000002578653100,terminal,0.5,44,0.3678,v0: признаки конечного получателя: входов 1 на 20 тыс. KZT; исходящих в выгрузке 0; достижим от 7 seed,False,3,1,0,20000.0,0.0,1,0,0.0,0.0,0.00031131,0.0,7,1,2026-07-18,2026-07-18,False,
100000002580377100,peripheral,0.3,4,0.3568,"v0: признаков роли мало: входов 1 (38 тыс. KZT), выходов 1 (5 тыс. KZT); достижим от 7 seed",False,1,1,1,37750.0,5000.0,2,1,5000.0,0.1325,0.00028963,1.922e-05,7,3,2026-07-14,2026-07-23,False,
100000002581346100,terminal,0.5,5,0.2273,v0: признаки конечного получателя: входов 1 на 166 тыс. KZT; исходящих в выгрузке 0; достижим от 7 seed,False,3,1,0,166400.0,0.0,1,0,0.0,0.0,0.00029096,0.0,7,1,2026-07-24,2026-07-24,False,
100000002589019100,terminal,0.5,10,0.2344,v0: признаки конечного получателя: входов 1 на 35 тыс. KZT; исходящих в выгрузке 0; достижим от 1 seed,False,1,1,0,34710.0,0.0,1,0,0.0,0.0,0.00029133,0.0,1,1,2026-07-11,2026-07-11,False,
100000002591469100,terminal,0.5,6,0.308,v0: признаки конечного получателя: входов 1 на 236 тыс. KZT; исходящих в выгрузке 0; достижим от 1 seed,False,1,1,0,235670.0,0.0,1,0,0.0,0.0,0.00029908,0.0,1,1,2026-07-16,2026-07-16,False,
100000002592567100,peripheral,0.3,4,0.336,"v0: признаков роли мало: входов 1 (5 тыс. KZT), выходов 2 (49 тыс. KZT); достижим от 7 seed",False,1,1,2,5297.0,48600.0,1,2,5297.0,0.109,0.00028614,0.00072025,7,3,2026-07-05,2026-07-16,False,
100000002593038100,terminal,0.5,10,0.5785,v0: признаки конечного получателя: входов 1 на 28 тыс. KZT; исходящих в выгрузке 0; достижим от 8 seed,False,2,1,0,28500.0,0.0,1,0,0.0,0.0,0.00065861,0.0,8,1,2026-07-09,2026-07-09,False,
100000002593344100,terminal,0.5,8,0.6016,v0: признаки конечного получателя: входов 2 на 431 тыс. KZT; исходящих в выгрузке 0; достижим от 9 seed,False,3,2,0,431000.0,0.0,2,0,0.0,0.0,0.00035896,0.0,9,1,2026-07-29,2026-07-29,False,
100000002594214100,peripheral,0.3,37,0.4575,"v0: признаков роли мало: входов 1 (1,0 млн KZT), выходов 0 (0 KZT); достижим от 7 seed; граница выгрузки (глубина 4)",False,4,1,0,1000000.0,0.0,1,0,0.0,0.0,0.00036706,0.0,7,1,2026-07-17,2026-07-17,True,depth4_boundary
100000002596035100,terminal,0.5,11,0.3996,v0: признаки конечного получателя: входов 1 на 232 тыс. KZT; исходящих в выгрузке 0; достижим от 8 seed,False,1,1,0,231570.0,0.0,1,0,0.0,0.0,0.00032069,0.0,8,1,2026-07-16,2026-07-16,False,
100000002596039100,peripheral,0.3,3,0.3423,"v0: признаков роли мало: входов 1 (280 тыс. KZT), выходов 0 (0 KZT); достижим от 7 seed; граница выгрузки (глубина 4)",False,4,1,0,280000.0,0.0,1,0,0.0,0.0,0.00030434,0.0,7,1,2026-07-16,2026-07-16,True,depth4_boundary
100000002597003100,peripheral,0.3,0,0.3425,"v0: признаков роли мало: входов 1 (18 тыс. KZT), выходов 1 (11 тыс. KZT); достижим от 7 seed",False,1,1,1,17700.0,11000.0,1,1,11000.0,0.6215,0.00028889,1.922e-05,7,2,2026-07-08,2026-07-17,False,
100000002597074100,peripheral,0.3,0,0.3652,"v0: признаков роли мало: входов 1 (8 тыс. KZT), выходов 0 (0 KZT); достижим от 7 seed; граница выгрузки (глубина 4)",False,4,1,0,8000.0,0.0,1,0,0.0,0.0,0.00031043,0.0,7,1,2026-07-24,2026-07-24,True,depth4_boundary
100000002597623100,terminal,0.5,0,0.1445,v0: признаки конечного получателя: входов 1 на 16 тыс. KZT; исходящих в выгрузке 0; достижим от 7 seed,False,3,1,0,16418.0,0.0,1,0,0.0,0.0,0.00028649,0.0,7,1,2026-07-20,2026-07-20,False,
100000002599729100,peripheral,0.3,0,0.5102,"v0: признаков роли мало: входов 1 (65 тыс. KZT), выходов 0 (0 KZT); достижим от 7 seed; граница выгрузки (глубина 4)",False,4,1,0,65000.0,0.0,2,0,0.0,0.0,0.00048579,0.0,7,2,2026-07-28,2026-07-29,True,depth4_boundary
100000002600345100,terminal,0.5,4,0.4364,v0: признаки конечного получателя: входов 2 на 52 тыс. KZT; исходящих в выгрузке 0; достижим от 7 seed,False,1,2,0,52400.0,0.0,2,0,0.0,0.0,0.00029572,0.0,7,2,2026-07-06,2026-07-08,False,
100000002603371100,terminal,0.5,0,0.2006,v0: признаки конечного получателя: входов 1 на 9 тыс. KZT; исходящих в выгрузке 0; достижим от 7 seed,False,3,1,0,9300.0,0.0,1,0,0.0,0.0,0.00028938,0.0,7,1,2026-07-03,2026-07-03,False,
100000002603478100,terminal,0.5,10,0.2018,v0: признаки конечного получателя: входов 1 на 24 тыс. KZT; исходящих в выгрузке 0; достижим от 1 seed,False,1,1,0,23500.0,0.0,1,0,0.0,0.0,0.00028947,0.0,1,1,2026-07-15,2026-07-15,False,
100000002603769100,consolidator,0.375,0,0.7422,"v0: признаки консолидации (fan-in): входов 3 на 1,2 млн KZT; выходов 0 на 0 KZT; достижим от 7 seed",False,1,3,0,1185368.0,0.0,3,0,0.0,0.0,0.00054154,0.0,7,3,2026-07-08,2026-07-14,False,
100000002605184100,terminal,0.5,15,0.4726,v0: признаки конечного получателя: входов 1 на 140 тыс. KZT; исходящих в выгрузке 0; достижим от 7 seed,False,2,1,0,140000.0,0.0,1,0,0.0,0.0,0.00039107,0.0,7,1,2026-07-29,2026-07-29,False,
100000002605308100,consolidator,0.375,14,0.7951,"v0: признаки консолидации (fan-in): входов 3 на 2,6 млн KZT; выходов 0 на 0 KZT; достижим от 11 seed",False,2,3,0,2569521.84,0.0,7,0,0.0,0.0,0.00088498,0.0,11,3,2026-07-24,2026-07-29,False,
100000002605548100,terminal,0.5,11,0.5334,v0: признаки конечного получателя: входов 2 на 117 тыс. KZT; исходящих в выгрузке 0; достижим от 10 seed,False,1,2,0,116695.0,0.0,2,0,0.0,0.0,0.00031432,0.0,10,2,2026-07-12,2026-07-20,False,
100000002606567100,peripheral,0.3,0,0.323,"v0: признаков роли мало: входов 1 (14 тыс. KZT), выходов 1 (53 тыс. KZT); достижим от 7 seed",False,1,1,1,14095.0,53000.0,1,1,14095.0,0.2659,0.00028821,1.922e-05,7,2,2026-07-08,2026-07-09,False,
100000002609774100,peripheral,0.3,7,0.2949,"v0: признаков роли мало: входов 1 (8 тыс. KZT), выходов 1 (28 тыс. KZT); достижим от 7 seed",False,1,1,1,7700.0,27500.0,1,1,7700.0,0.28,0.0002864,0.0002797,7,2,2026-07-07,2026-07-19,False,
100000002611334100,peripheral,0.3,0,0.4978,"v0: признаков роли мало: входов 1 (48 тыс. KZT), выходов 1 (16 тыс. KZT); достижим от 7 seed",False,3,1,1,48288.0,15500.0,1,1,15500.0,0.321,0.00030534,1.922e-05,7,2,2026-07-02,2026-07-29,False,
100000002612809100,peripheral,0.3,35,0.7122,"v0: признаков роли мало: входов 1 (30 тыс. KZT), выходов 3 (114 тыс. KZT); достижим от 1 seed",False,3,1,3,30000.0,114000.0,2,4,30000.0,0.2632,0.00042829,1.59e-06,1,5,2026-07-22,2026-07-31,False,
100000002613776100,terminal,0.5,2,0.328,v0: признаки конечного получателя: входов 1 на 30 тыс. KZT; исходящих в выгрузке 0; достижим от 7 seed,False,2,1,0,30000.0,0.0,2,0,0.0,0.0,0.00030149,0.0,7,2,2026-07-10,2026-07-11,False,
100000002613929100,terminal,0.5,8,0.5894,v0: признаки конечного получателя: входов 1 на 29 тыс. KZT; исходящих в выгрузке 0; достижим от 8 seed,False,3,1,0,28560.0,0.0,1,0,0.0,0.0,0.00078093,0.0,8,1,2026-07-23,2026-07-23,False,
100000002614095100,terminal,0.5,1,0.1423,v0: признаки конечного получателя: входов 1 на 5 тыс. KZT; исходящих в выгрузке 0; достижим от 1 seed,False,3,1,0,5300.0,0.0,1,0,0.0,0.0,0.0002864,0.0,1,1,2026-07-09,2026-07-09,False,
100000002615479100,terminal,0.5,8,0.3596,v0: признаки конечного получателя: входов 1 на 220 тыс. KZT; исходящих в выгрузке 0; достижим от 1 seed,False,1,1,0,220000.0,0.0,1,0,0.0,0.0,0.0003092,0.0,1,1,2026-07-17,2026-07-17,False,
100000002618492100,terminal,0.5,11,0.611,v0: признаки конечного получателя: входов 2 на 296 тыс. KZT; исходящих в выгрузке 0; достижим от 8 seed,False,1,2,0,296500.0,0.0,2,0,0.0,0.0,0.00036903,0.0,8,2,2026-07-14,2026-07-21,False,
100000002621434100,terminal,0.5,8,0.2077,v0: признаки конечного получателя: входов 1 на 81 тыс. KZT; исходящих в выгрузке 0; достижим от 9 seed,False,3,1,0,81000.0,0.0,1,0,0.0,0.0,0.00028974,0.0,9,1,2026-07-25,2026-07-25,False,
100000002621915100,terminal,0.5,4,0.5313,v0: признаки конечного получателя: входов 1 на 5 тыс. KZT; исходящих в выгрузке 0; достижим от 7 seed,False,2,1,0,5000.0,0.0,1,0,0.0,0.0,0.00053204,0.0,7,1,2026-07-23,2026-07-23,False,
100000002621949100,terminal,0.5,2,0.393,v0: признаки конечного получателя: входов 1 на 165 тыс. KZT; исходящих в выгрузке 0; достижим от 10 seed,False,1,1,0,164612.0,0.0,1,0,0.0,0.0,0.00031853,0.0,10,1,2026-07-24,2026-07-24,False,
100000002622822100,peripheral,0.3,17,0.6,"v0: признаков роли мало: входов 1 (750 тыс. KZT), выходов 0 (0 KZT); достижим от 9 seed; граница выгрузки (глубина 4)",False,4,1,0,750000.0,0.0,1,0,0.0,0.0,0.00090769,0.0,9,1,2026-07-31,2026-07-31,True,depth4_boundary
100000002628146100,terminal,0.5,31,0.3952,v0: признаки конечного получателя: входов 1 на 30 тыс. KZT; исходящих в выгрузке 0; достижим от 8 seed,False,2,1,0,30500.0,0.0,2,0,0.0,0.0,0.00031922,0.0,8,1,2026-07-30,2026-07-30,False,
100000002628576100,peripheral,0.3,5,0.5893,"v0: признаков роли мало: входов 2 (728 тыс. KZT), выходов 2 (539 тыс. KZT); достижим от 7 seed",False,3,2,2,727882.0,539000.0,3,2,539000.0,0.7405,0.00031139,3.844e-05,7,2,2026-07-25,2026-07-31,False,
100000002632742100,terminal,0.5,9,0.5425,v0: признаки конечного получателя: входов 2 на 236 тыс. KZT; исходящих в выгрузке 0; достижим от 8 seed,False,3,2,0,235500.0,0.0,2,0,0.0,0.0,0.00031756,0.0,8,2,2026-07-17,2026-07-31,False,
100000002633108100,terminal,0.5,14,0.4635,v0: признаки конечного получателя: входов 1 на 320 тыс. KZT; исходящих в выгрузке 0; достижим от 7 seed,False,3,1,0,320000.0,0.0,3,0,0.0,0.0,0.00037602,0.0,7,3,2026-07-04,2026-07-16,False,
100000002633701100,terminal,0.5,8,0.3661,v0: признаки конечного получателя: входов 1 на 267 тыс. KZT; исходящих в выгрузке 0; достижим от 1 seed,False,2,1,0,266850.0,0.0,1,0,0.0,0.0,0.00031068,0.0,1,1,2026-07-31,2026-07-31,False,
100000002635746100,peripheral,0.3,7,0.1774,"v0: признаков роли мало: входов 1 (5 тыс. KZT), выходов 0 (0 KZT); достижим от 1 seed; граница выгрузки (глубина 4)",False,4,1,0,5300.0,0.0,1,0,0.0,0.0,0.00028841,0.0,1,1,2026-07-30,2026-07-30,True,depth4_boundary
100000002635780100,terminal,0.5,6,0.5549,v0: признаки конечного получателя: входов 1 на 163 тыс. KZT; исходящих в выгрузке 0; достижим от 9 seed,False,2,1,0,163000.02,0.0,1,0,0.0,0.0,0.00055539,0.0,9,1,2026-07-27,2026-07-27,False,
100000002644285100,terminal,0.5,13,0.3614,v0: признаки конечного получателя: входов 1 на 500 тыс. KZT; исходящих в выгрузке 0; достижим от 2 seed,False,3,1,0,500000.0,0.0,1,0,0.0,0.0,0.00030939,0.0,2,1,2026-07-04,2026-07-04,False,
100000002645046100,peripheral,0.3,7,0.2419,"v0: признаков роли мало: входов 1 (12 тыс. KZT), выходов 0 (0 KZT); достижим от 1 seed; граница выгрузки (глубина 4)",False,4,1,0,12000.0,0.0,1,0,0.0,0.0,0.00029199,0.0,1,1,2026-07-28,2026-07-28,True,depth4_boundary
100000002645609100,consolidator,0.5,0,0.6658,v0: признаки консолидации (fan-in): входов 4 на 547 тыс. KZT; выходов 0 на 0 KZT; достижим от 7 seed,False,1,4,0,546820.68,0.0,5,0,0.0,0.0,0.00035536,0.0,7,5,2026-07-01,2026-07-24,False,
100000002645993100,peripheral,0.3,0,0.5074,"v0: признаков роли мало: входов 2 (50 тыс. KZT), выходов 5 (87 тыс. KZT); достижим от 7 seed",False,3,2,5,49650.0,86980.0,4,9,49650.0,0.5708,0.00029331,9.388e-05,7,2,2026-07-07,2026-07-09,False,
100000002646745100,terminal,0.5,1,0.1588,v0: признаки конечного получателя: входов 1 на 12 тыс. KZT; исходящих в выгрузке 0; достижим от 1 seed,False,3,1,0,12300.0,0.0,1,0,0.0,0.0,0.00028749,0.0,1,1,2026-07-10,2026-07-10,False,
100000002646887100,terminal,0.5,9,0.2795,v0: признаки конечного получателя: входов 1 на 24 тыс. KZT; исходящих в выгрузке 0; достижим от 7 seed,False,3,1,0,24354.0,0.0,1,0,0.0,0.0,0.00029519,0.0,7,1,2026-07-09,2026-07-09,False,
100000002648315100,peripheral,0.3,6,0.4541,"v0: признаков роли мало: входов 1 (132 тыс. KZT), выходов 2 (76 тыс. KZT); достижим от 1 seed",False,1,1,2,132000.0,76000.0,1,3,76000.0,0.5758,0.00029314,4e-07,1,4,2026-07-17,2026-07-25,False,
100000002653187100,peripheral,0.3,10,0.5057,"v0: признаков роли мало: входов 1 (15 тыс. KZT), выходов 0 (0 KZT); достижим от 8 seed; граница выгрузки (глубина 4)",False,4,1,0,15000.0,0.0,1,0,0.0,0.0,0.00047328,0.0,8,1,2026-07-31,2026-07-31,True,depth4_boundary
100000002653948100,terminal,0.5,5,0.1757,v0: признаки конечного получателя: входов 1 на 85 тыс. KZT; исходящих в выгрузке 0; достижим от 7 seed,False,3,1,0,85200.0,0.0,1,0,0.0,0.0,0.00028833,0.0,7,1,2026-07-03,2026-07-03,False,
100000002659103100,peripheral,0.3,42,0.4403,"v0: признаков роли мало: входов 1 (165 тыс. KZT), выходов 0 (0 KZT); достижим от 7 seed; граница выгрузки (глубина 4)",False,4,1,0,165000.0,0.0,1,0,0.0,0.0,0.00034971,0.0,7,1,2026-07-07,2026-07-07,True,depth4_boundary
100000002659265100,peripheral,0.3,8,0.3974,"v0: признаков роли мало: входов 1 (141 тыс. KZT), выходов 0 (0 KZT); достижим от 8 seed; граница выгрузки (глубина 4)",False,4,1,0,141000.0,0.0,1,0,0.0,0.0,0.0003197,0.0,8,1,2026-07-27,2026-07-27,True,depth4_boundary
100000002660298100,peripheral,0.3,7,0.2964,"v0: признаков роли мало: входов 1 (31 тыс. KZT), выходов 0 (0 KZT); достижим от 7 seed; граница выгрузки (глубина 4)",False,4,1,0,30900.0,0.0,1,0,0.0,0.0,0.00029714,0.0,7,1,2026-07-23,2026-07-23,True,depth4_boundary
100000002662768100,terminal,0.5,2,0.3503,v0: признаки конечного получателя: входов 1 на 84 тыс. KZT; исходящих в выгрузке 0; достижим от 1 seed,False,1,1,0,84300.0,0.0,1,0,0.0,0.0,0.00030646,0.0,1,1,2026-07-27,2026-07-27,False,
100000002663511100,terminal,0.5,0,0.3618,v0: признаки конечного получателя: входов 1 на 269 тыс. KZT; исходящих в выгрузке 0; достижим от 7 seed,False,3,1,0,268940.0,0.0,1,0,0.0,0.0,0.00030942,0.0,7,1,2026-07-13,2026-07-13,False,
100000002666248100,terminal,0.5,2,0.3138,v0: признаки конечного получателя: входов 1 на 70 тыс. KZT; исходящих в выгрузке 0; достижим от 10 seed,False,1,1,0,70032.0,0.0,1,0,0.0,0.0,0.00029959,0.0,10,1,2026-07-20,2026-07-20,False,
100000002670463100,peripheral,0.3,7,0.3323,"v0: признаков роли мало: входов 1 (32 тыс. KZT), выходов 0 (0 KZT); достижим от 1 seed; граница выгрузки (глубина 4)",False,4,1,0,31500.0,0.0,1,0,0.0,0.0,0.00030243,0.0,1,1,2026-07-25,2026-07-25,True,depth4_boundary
100000002670860100,terminal,0.5,13,0.5116,v0: признаки конечного получателя: входов 2 на 450 тыс. KZT; исходящих в выгрузке 0; достижим от 3 seed,False,1,2,0,450000.0,0.0,2,0,0.0,0.0,0.00030895,0.0,3,2,2026-07-04,2026-07-21,False,
100000002670960100,terminal,0.5,13,0.3581,v0: признаки конечного получателя: входов 1 на 480 тыс. KZT; исходящих в выгрузке 0; достижим от 2 seed,False,3,1,0,480310.0,0.0,1,0,0.0,0.0,0.00030845,0.0,2,1,2026-07-01,2026-07-01,False,
100000002671326100,peripheral,0.3,9,0.5736,"v0: признаков роли мало: входов 1 (1,1 млн KZT), выходов 0 (0 KZT); достижим от 7 seed; граница выгрузки (глубина 4)",False,4,1,0,1050000.0,0.0,2,0,0.0,0.0,0.00062945,0.0,7,2,2026-07-13,2026-07-14,True,depth4_boundary
100000002671806100,terminal,0.5,10,0.1619,v0: признаки конечного получателя: входов 1 на 12 тыс. KZT; исходящих в выгрузке 0; достижим от 1 seed,False,1,1,0,12440.0,0.0,1,0,0.0,0.0,0.00028763,0.0,1,1,2026-07-15,2026-07-15,False,
100000002677201100,peripheral,0.3,9,0.5113,"v0: признаков роли мало: входов 1 (150 тыс. KZT), выходов 1 (88 тыс. KZT); достижим от 8 seed",False,3,1,1,150000.0,87750.0,1,1,87750.0,0.585,0.00030891,2.14e-05,8,2,2026-07-18,2026-07-27,False,
100000002679516100,consolidator,0.375,10,0.6074,v0: признаки консолидации (fan-in): входов 3 на 102 тыс. KZT; выходов 0 на 0 KZT; достижим от 10 seed,False,1,3,0,102335.0,0.0,3,0,0.0,0.0,0.00032683,0.0,10,3,2026-07-01,2026-07-13,False,
100000002680477100,terminal,0.5,13,0.2735,v0: признаки конечного получателя: входов 1 на 25 тыс. KZT; исходящих в выгрузке 0; достижим от 1 seed,False,2,1,0,25000.0,0.0,1,0,0.0,0.0,0.00029456,0.0,1,1,2026-07-27,2026-07-27,False,
100000002681449100,peripheral,0.3,9,0.4996,"v0: признаков роли мало: входов 2 (95 тыс. KZT), выходов 2 (133 тыс. KZT); достижим от 7 seed",False,1,2,2,94638.0,133000.0,2,2,94638.0,0.7116,0.00029514,1.765e-05,7,3,2026-07-02,2026-07-19,False,
100000002681544100,terminal,0.5,6,0.5754,v0: признаки конечного получателя: входов 2 на 166 тыс. KZT; исходящих в выгрузке 0; достижим от 7 seed,False,3,2,0,166072.0,0.0,2,0,0.0,0.0,0.00033572,0.0,7,1,2026-07-15,2026-07-15,False,
100000002686226100,peripheral,0.3,16,0.5778,"v0: признаков роли мало: входов 1 (430 тыс. KZT), выходов 0 (0 KZT); достижим от 7 seed; граница выгрузки (глубина 4)",False,4,1,0,430000.0,0.0,2,0,0.0,0.0,0.00065462,0.0,7,2,2026-07-22,2026-07-24,True,depth4_boundary
100000002689717100,peripheral,0.3,7,0.3387,"v0: признаков роли мало: входов 1 (48 тыс. KZT), выходов 0 (0 KZT); достижим от 7 seed; граница выгрузки (глубина 4)",False,4,1,0,47500.0,0.0,1,0,0.0,0.0,0.00030335,0.0,7,1,2026-07-27,2026-07-27,True,depth4_boundary
100000002691583100,terminal,0.5,25,0.4472,v0: признаки конечного получателя: входов 1 на 285 тыс. KZT; исходящих в выгрузке 0; достижим от 7 seed,False,3,1,0,285200.0,0.0,1,0,0.0,0.0,0.00035709,0.0,7,1,2026-07-16,2026-07-16,False,
100000002691858100,terminal,0.5,31,0.4323,v0: признаки конечного получателя: входов 1 на 52 тыс. KZT; исходящих в выгрузке 0; достижим от 8 seed,False,2,1,0,51500.0,0.0,1,0,0.0,0.0,0.00034238,0.0,8,1,2026-07-15,2026-07-15,False,
100000002692044100,terminal,0.5,10,0.3289,v0: признаки конечного получателя: входов 1 на 97 тыс. KZT; исходящих в выгрузке 0; достижим от 1 seed,False,1,1,0,97000.0,0.0,1,0,0.0,0.0,0.00030167,0.0,1,1,2026-07-12,2026-07-12,False,
100000002692750100,consolidator,0.375,6,0.8415,v0: признаки консолидации (fan-in): входов 3 на 113 тыс. KZT; выходов 1 на 77 тыс. KZT; достижим от 7 seed,False,2,3,1,112830.0,77000.0,3,8,77000.0,0.6824,0.00201424,1.981e-05,7,10,2026-07-03,2026-07-30,False,
100000002695812100,peripheral,0.3,7,0.4019,"v0: признаков роли мало: входов 1 (95 тыс. KZT), выходов 0 (0 KZT); достижим от 7 seed; граница выгрузки (глубина 4)",False,4,1,0,95000.0,0.0,1,0,0.0,0.0,0.00032113,0.0,7,1,2026-07-23,2026-07-23,True,depth4_boundary
100000002696152100,peripheral,0.3,11,0.8067,"v0: признаков роли мало: входов 1 (22 тыс. KZT), выходов 2 (69 тыс. KZT); достижим от 8 seed",False,3,1,2,21800.0,69000.0,3,8,21800.0,0.3159,0.00120506,2.14e-05,8,10,2026-07-01,2026-07-31,False,
100000002697752100,terminal,0.5,3,0.5663,v0: признаки конечного получателя: входов 2 на 191 тыс. KZT; исходящих в выгрузке 0; достижим от 7 seed,False,3,2,0,190785.0,0.0,2,0,0.0,0.0,0.00032958,0.0,7,2,2026-07-06,2026-07-10,False,
100000002700161100,peripheral,0.3,48,0.5998,"v0: признаков роли мало: входов 1 (39 тыс. KZT), выходов 0 (0 KZT); достижим от 10 seed; граница выгрузки (глубина 4)",False,4,1,0,39000.0,0.0,1,0,0.0,0.0,0.00090266,0.0,10,1,2026-07-21,2026-07-21,True,depth4_boundary
100000002702968100,peripheral,0.3,7,0.2984,"v0: признаков роли мало: входов 1 (32 тыс. KZT), выходов 0 (0 KZT); достижим от 7 seed; граница выгрузки (глубина 4)",False,4,1,0,31600.0,0.0,1,0,0.0,0.0,0.0002974,0.0,7,1,2026-07-13,2026-07-13,True,depth4_boundary
100000002703376100,terminal,0.5,0,0.2531,v0: признаки конечного получателя: входов 1 на 47 тыс. KZT; исходящих в выгрузке 0; достижим от 7 seed,False,2,1,0,46501.0,0.0,1,0,0.0,0.0,0.0002928,0.0,7,1,2026-07-05,2026-07-05,False,
100000002704875100,consolidator,0.375,3,0.5818,v0: признаки консолидации (fan-in): входов 3 на 245 тыс. KZT; выходов 0 на 0 KZT; достижим от 7 seed,False,1,3,0,244891.0,0.0,4,0,0.0,0.0,0.00031507,0.0,7,4,2026-07-17,2026-07-21,False,
100000002705460100,terminal,0.5,4,0.5565,v0: признаки конечного получателя: входов 1 на 95 тыс. KZT; исходящих в выгрузке 0; достижим от 7 seed,False,3,1,0,95000.0,0.0,1,0,0.0,0.0,0.00055773,0.0,7,1,2026-07-02,2026-07-02,False,
100000002706810100,peripheral,0.3,7,0.3623,"v0: признаков роли мало: входов 1 (45 тыс. KZT), выходов 0 (0 KZT); достижим от 1 seed; граница выгрузки (глубина 4)",False,4,1,0,45000.0,0.0,1,0,0.0,0.0,0.00030965,0.0,1,1,2026-07-29,2026-07-29,True,depth4_boundary
100000002707106100,peripheral,0.3,14,0.1456,"v0: признаков роли мало: входов 1 (15 тыс. KZT), выходов 0 (0 KZT); достижим от 7 seed; граница выгрузки (глубина 4)",False,4,1,0,15000.0,0.0,2,0,0.0,0.0,0.00028661,0.0,7,2,2026-07-08,2026-07-14,True,depth4_boundary
100000002708624100,terminal,0.5,24,0.413,v0: признаки конечного получателя: входов 1 на 25 тыс. KZT; исходящих в выгрузке 0; достижим от 7 seed,False,3,1,0,25000.0,0.0,1,0,0.0,0.0,0.00032874,0.0,7,1,2026-07-24,2026-07-24,False,
100000002710570100,terminal,0.5,30,0.5413,v0: признаки конечного получателя: входов 1 на 225 тыс. KZT; исходящих в выгрузке 0; достижим от 7 seed,False,2,1,0,225015.0,0.0,1,0,0.0,0.0,0.00053913,0.0,7,1,2026-07-15,2026-07-15,False,
100000002712416100,terminal,0.5,13,0.4864,v0: признаки конечного получателя: входов 2 на 117 тыс. KZT; исходящих в выгрузке 0; достижим от 9 seed,False,3,2,0,116800.0,0.0,2,0,0.0,0.0,0.00030266,0.0,9,2,2026-07-14,2026-07-22,False,
100000002713074100,peripheral,0.3,16,0.6912,"v0: признаков роли мало: входов 2 (700 тыс. KZT), выходов 1 (430 тыс. KZT); достижим от 7 seed",False,3,2,1,700000.0,430000.0,2,2,430000.0,0.6143,0.00043361,1.922e-05,7,3,2026-07-10,2026-07-24,False,
100000002713974100,peripheral,0.3,3,0.4148,"v0: признаков роли мало: входов 1 (50 тыс. KZT), выходов 0 (0 KZT); достижим от 7 seed; граница выгрузки (глубина 4)",False,4,1,0,50000.0,0.0,1,0,0.0,0.0,0.00032995,0.0,7,1,2026-07-11,2026-07-11,True,depth4_boundary
100000002718366100,consolidator,0.75,8,0.8226,"v0: признаки консолидации (fan-in): входов 6 на 2,5 млн KZT; выходов 0 на 0 KZT; достижим от 9 seed",False,2,6,0,2525000.0,0.0,10,0,0.0,0.0,0.0006812,0.0,9,5,2026-07-03,2026-07-28,False,
100000002720627100,terminal,0.5,11,0.3856,v0: признаки конечного получателя: входов 1 на 199 тыс. KZT; исходящих в выгрузке 0; достижим от 8 seed,False,1,1,0,199300.0,0.0,1,0,0.0,0.0,0.0003158,0.0,8,1,2026-07-21,2026-07-21,False,
100000002721825100,terminal,0.5,0,0.5298,v0: признаки конечного получателя: входов 1 на 11 тыс. KZT; исходящих в выгрузке 0; достижим от 7 seed,False,2,1,0,11000.0,0.0,1,0,0.0,0.0,0.00053141,0.0,7,1,2026-07-08,2026-07-08,False,
100000002722108100,terminal,0.5,13,0.4056,v0: признаки конечного получателя: входов 1 на 800 тыс. KZT; исходящих в выгрузке 0; достижим от 2 seed,False,3,1,0,800000.0,0.0,2,0,0.0,0.0,0.00032367,0.0,2,2,2026-07-19,2026-07-20,False,
100000002723439100,peripheral,0.3,11,0.5533,"v0: признаков роли мало: входов 1 (18 тыс. KZT), выходов 0 (0 KZT); достижим от 8 seed; граница выгрузки (глубина 4)",False,4,1,0,18000.0,0.0,2,0,0.0,0.0,0.00055262,0.0,8,2,2026-07-02,2026-07-27,True,depth4_boundary
100000002723538100,coordinator,0.85,3,0.663,"v0: признаки gather-scatter: входов 3 на 106 тыс. KZT, выходов 12 на 560 тыс. KZT; betweenness 0.0003; достижим от 7 seed",False,2,3,12,105647.0,560499.0,3,14,105647.0,0.1885,0.00032031,0.00029089,7,11,2026-07-06,2026-07-30,False,
100000002723674100,peripheral,0.3,20,0.4103,"v0: признаков роли мало: входов 1 (30 тыс. KZT), выходов 0 (0 KZT); достижим от 7 seed; граница выгрузки (глубина 4)",False,4,1,0,30000.0,0.0,1,0,0.0,0.0,0.00032717,0.0,7,1,2026-07-08,2026-07-08,True,depth4_boundary
100000002726055100,peripheral,0.3,20,0.4294,"v0: признаков роли мало: входов 1 (10 тыс. KZT), выходов 0 (0 KZT); достижим от 7 seed; граница выгрузки (глубина 4)",False,4,1,0,10000.0,0.0,1,0,0.0,0.0,0.00034001,0.0,7,1,2026-07-31,2026-07-31,True,depth4_boundary
100000002727288100,terminal,0.5,15,0.4561,v0: признаки конечного получателя: входов 1 на 16 тыс. KZT; исходящих в выгрузке 0; достижим от 7 seed,False,3,1,0,16000.0,0.0,1,0,0.0,0.0,0.00036617,0.0,7,1,2026-07-18,2026-07-18,False,
100000002728246100,peripheral,0.3,5,0.5407,"v0: признаков роли мало: входов 1 (10 тыс. KZT), выходов 0 (0 KZT); достижим от 7 seed; граница выгрузки (глубина 4)",False,4,1,0,10000.0,0.0,1,0,0.0,0.0,0.00053864,0.0,7,1,2026-07-27,2026-07-27,True,depth4_boundary
100000002729875100,peripheral,0.3,7,0.3794,"v0: признаков роли мало: входов 1 (76 тыс. KZT), выходов 0 (0 KZT); достижим от 7 seed; граница выгрузки (глубина 4)",False,4,1,0,76000.0,0.0,1,0,0.0,0.0,0.00031402,0.0,7,1,2026-07-21,2026-07-21,True,depth4_boundary
100000002731501100,coordinator,0.6,23,0.7679,"v0: признаки gather-scatter: входов 3 на 570 тыс. KZT, выходов 7 на 834 тыс. KZT; betweenness 0.0000; достижим от 1 seed",False,1,3,7,570370.0,833960.0,7,20,570370.0,0.6839,0.00048558,4.46e-06,1,17,2026-07-02,2026-07-30,False,
100000002733083100,peripheral,0.3,7,0.2335,"v0: признаков роли мало: входов 1 (15 тыс. KZT), выходов 0 (0 KZT); достижим от 7 seed; граница выгрузки (глубина 4)",False,4,1,0,15200.0,0.0,1,0,0.0,0.0,0.00029126,0.0,7,1,2026-07-20,2026-07-20,True,depth4_boundary
100000002733905100,consolidator,0.375,1,0.8586,v0: признаки консолидации (fan-in): входов 3 на 100 тыс. KZT; выходов 2 на 718 тыс. KZT; достижим от 1 seed,False,2,3,2,100000.0,717839.0,5,3,100000.0,0.1393,0.00291696,1.78e-06,1,5,2026-07-01,2026-07-24,False,
100000002734815100,peripheral,0.3,8,0.3712,"v0: признаков роли мало: входов 1 (110 тыс. KZT), выходов 0 (0 KZT); достижим от 8 seed; граница выгрузки (глубина 4)",False,4,1,0,110000.0,0.0,1,0,0.0,0.0,0.0003122,0.0,8,1,2026-07-25,2026-07-25,True,depth4_boundary
100000002736033100,peripheral,0.3,16,0.4317,"v0: признаков роли мало: входов 1 (35 тыс. KZT), выходов 1 (11 тыс. KZT); достижим от 7 seed",False,3,1,1,34530.0,11000.0,1,1,11000.0,0.3186,0.00029518,1.922e-05,7,2,2026-07-09,2026-07-29,False,
100000002736316100,consolidator,0.375,0,0.6652,v0: признаки консолидации (fan-in): входов 3 на 267 тыс. KZT; выходов 0 на 0 KZT; достижим от 7 seed,False,3,3,0,266921.0,0.0,3,0,0.0,0.0,0.00038382,0.0,7,2,2026-07-04,2026-07-17,False,
100000002737980100,terminal,0.5,4,0.2811,v0: признаки конечного получателя: входов 1 на 33 тыс. KZT; исходящих в выгрузке 0; достижим от 7 seed,False,3,1,0,32900.0,0.0,1,0,0.0,0.0,0.00029542,0.0,7,1,2026-07-13,2026-07-13,False,
100000002738256100,transit,0.1744,50,0.6699,"v0: признаки транзита: вход 150 тыс. KZT, выход 175 тыс. KZT; доля прохода 0.86, входов 1, выходов 1; достижим от 1 seed",False,2,1,1,150200.0,175000.0,1,1,150200.0,0.8583,0.00050731,0.0,1,2,2026-07-08,2026-07-09,False,
100000002741024100,coordinator,0.7167,0,0.8852,"v0: признаки gather-scatter: входов 5 на 818 тыс. KZT, выходов 6 на 435 тыс. KZT; betweenness 0.0001; достижим от 7 seed",False,2,5,6,817980.85,434989.0,9,7,434989.0,0.5318,0.00285519,0.00011869,7,12,2026-07-01,2026-07-31,False,
100000002742067100,terminal,0.5,15,0.2041,v0: признаки конечного получателя: входов 1 на 13 тыс. KZT; исходящих в выгрузке 0; достижим от 7 seed,False,2,1,0,12730.0,0.0,1,0,0.0,0.0,0.00028962,0.0,7,1,2026-07-30,2026-07-30,False,
100000002744581100,terminal,0.5,6,0.4077,v0: признаки конечного получателя: входов 1 на 12 тыс. KZT; исходящих в выгрузке 0; достижим от 1 seed,False,2,1,0,12000.0,0.0,1,0,0.0,0.0,0.00032496,0.0,1,1,2026-07-21,2026-07-21,False,
100000002748040100,peripheral,0.3,7,0.2473,"v0: признаков роли мало: входов 1 (18 тыс. KZT), выходов 0 (0 KZT); достижим от 7 seed; граница выгрузки (глубина 4)",False,4,1,0,18000.0,0.0,1,0,0.0,0.0,0.00029231,0.0,7,1,2026-07-14,2026-07-14,True,depth4_boundary
100000002748180100,peripheral,0.3,13,0.4099,"v0: признаков роли мало: входов 1 (10 тыс. KZT), выходов 8 (680 тыс. KZT); достижим от 1 seed",False,1,1,8,9900.0,679743.0,1,9,9900.0,0.0146,0.00028721,8.52e-06,1,6,2026-07-07,2026-07-31,False,
100000002748511100,peripheral,0.3,4,0.56,"v0: признаков роли мало: входов 1 (20 тыс. KZT), выходов 0 (0 KZT); достижим от 7 seed; граница выгрузки (глубина 4)",False,4,1,0,20000.0,0.0,1,0,0.0,0.0,0.00056749,0.0,7,1,2026-07-26,2026-07-26,True,depth4_boundary
100000002748532100,consolidator,0.375,17,0.6615,v0: признаки консолидации (fan-in): входов 3 на 356 тыс. KZT; выходов 2 на 647 тыс. KZT; достижим от 9 seed,False,2,3,2,355575.0,646685.0,3,7,355575.0,0.5498,0.00033911,3.111e-05,9,7,2026-07-07,2026-07-31,False,
100000002748581100,terminal,0.5,14,0.2969,v0: признаки конечного получателя: входов 1 на 41 тыс. KZT; исходящих в выгрузке 0; достижим от 7 seed,False,3,1,0,41180.0,0.0,1,0,0.0,0.0,0.00029721,0.0,7,1,2026-07-09,2026-07-09,False,
100000002748761100,terminal,0.5,13,0.4052,v0: признаки конечного получателя: входов 1 на 797 тыс. KZT; исходящих в выгрузке 0; достижим от 2 seed,False,3,1,0,796800.0,0.0,3,0,0.0,0.0,0.00032352,0.0,2,2,2026-07-03,2026-07-11,False,
100000002750332100,terminal,0.5,8,0.1479,v0: признаки конечного получателя: входов 1 на 11 тыс. KZT; исходящих в выгрузке 0; достижим от 1 seed,False,1,1,0,11360.0,0.0,1,0,0.0,0.0,0.00028679,0.0,1,1,2026-07-17,2026-07-17,False,
100000002750956100,terminal,0.5,0,0.2722,v0: признаки конечного получателя: входов 1 на 47 тыс. KZT; исходящих в выгрузке 0; достижим от 7 seed,False,1,1,0,47416.0,0.0,1,0,0.0,0.0,0.00029447,0.0,7,1,2026-07-04,2026-07-04,False,
100000002752565100,peripheral,0.3,3,0.4266,"v0: признаков роли мало: входов 1 (57 тыс. KZT), выходов 0 (0 KZT); достижим от 7 seed; граница выгрузки (глубина 4)",False,4,1,0,57000.0,0.0,1,0,0.0,0.0,0.00033824,0.0,7,1,2026-07-26,2026-07-26,True,depth4_boundary
100000002753146100,terminal,0.5,13,0.4061,v0: признаки конечного получателя: входов 1 на 804 тыс. KZT; исходящих в выгрузке 0; достижим от 2 seed,False,3,1,0,803540.0,0.0,3,0,0.0,0.0,0.00032384,0.0,2,2,2026-07-10,2026-07-20,False,
100000002755292100,terminal,0.5,5,0.2457,v0: признаки конечного получателя: входов 1 на 203 тыс. KZT; исходящих в выгрузке 0; достижим от 7 seed,False,3,1,0,203400.0,0.0,1,0,0.0,0.0,0.00029216,0.0,7,1,2026-07-16,2026-07-16,False,
100000002757240100,terminal,0.5,2,0.3881,v0: признаки конечного получателя: входов 1 на 51 тыс. KZT; исходящих в выгрузке 0; достижим от 9 seed,False,2,1,0,51183.0,0.0,1,0,0.0,0.0,0.00031685,0.0,9,1,2026-07-19,2026-07-19,False,
100000002757791100,terminal,0.5,26,0.3672,v0: признаки конечного получателя: входов 1 на 73 тыс. KZT; исходящих в выгрузке 0; достижим от 1 seed,False,3,1,0,73050.0,0.0,1,0,0.0,0.0,0.00031104,0.0,1,1,2026-07-03,2026-07-03,False,
100000002757797100,terminal,0.5,10,0.3311,v0: признаки конечного получателя: входов 1 на 100 тыс. KZT; исходящих в выгрузке 0; достижим от 1 seed,False,1,1,0,100000.0,0.0,1,0,0.0,0.0,0.00030216,0.0,1,1,2026-07-14,2026-07-14,False,
100000002760175100,terminal,0.5,11,0.379,v0: признаки конечного получателя: входов 1 на 187 тыс. KZT; исходящих в выгрузке 0; достижим от 8 seed,False,1,1,0,187410.0,0.0,1,0,0.0,0.0,0.00031399,0.0,8,1,2026-07-16,2026-07-16,False,
100000002762076100,peripheral,0.3,6,0.5066,"v0: признаков роли мало: входов 2 (140 тыс. KZT), выходов 1 (30 тыс. KZT); достижим от 2 seed",False,1,2,1,140350.0,30000.0,2,1,30000.0,0.2138,0.00029915,4e-07,2,3,2026-07-05,2026-07-13,False,
100000002769809100,terminal,0.5,18,0.4648,v0: признаки конечного получателя: входов 1 на 113 тыс. KZT; исходящих в выгрузке 0; достижим от 7 seed,False,3,1,0,113422.0,0.0,1,0,0.0,0.0,0.00037774,0.0,7,1,2026-07-14,2026-07-14,False,
100000002773323100,peripheral,0.3,9,0.6056,"v0: признаков роли мало: входов 2 (285 тыс. KZT), выходов 1 (1,2 млн KZT); достижим от 8 seed",False,3,2,1,285000.0,1171644.0,2,2,285000.0,0.2432,0.0003255,2.14e-05,8,3,2026-07-15,2026-07-31,False,
100000002774456100,terminal,0.5,11,0.2582,v0: признаки конечного получателя: входов 1 на 50 тыс. KZT; исходящих в выгрузке 0; достижим от 8 seed,False,1,1,0,50363.0,0.0,1,0,0.0,0.0,0.00029321,0.0,8,1,2026-07-02,2026-07-02,False,
100000002778085100,terminal,0.5,4,0.2526,v0: признаки конечного получателя: входов 1 на 66 тыс. KZT; исходящих в выгрузке 0; достижим от 7 seed,False,1,1,0,66208.0,0.0,1,0,0.0,0.0,0.00029269,0.0,7,1,2026-07-04,2026-07-04,False,
100000002779485100,terminal,0.5,3,0.5476,v0: признаки конечного получателя: входов 1 на 91 тыс. KZT; исходящих в выгрузке 0; достижим от 7 seed,False,2,1,0,91000.0,0.0,2,0,0.0,0.0,0.00054691,0.0,7,2,2026-07-01,2026-07-12,False,
100000002781227100,transit,0.4441,61,0.8559,"v0: признаки транзита: вход 191 тыс. KZT, выход 212 тыс. KZT; доля прохода 0.90, входов 2, выходов 3; достижим от 1 seed",False,1,2,3,191167.62,212420.0,8,10,191167.62,0.9,0.00232659,0.00013296,1,10,2026-07-01,2026-07-29,False,
100000002784085100,terminal,0.5,8,0.3525,v0: признаки конечного получателя: входов 1 на 200 тыс. KZT; исходящих в выгрузке 0; достижим от 1 seed,False,1,1,0,200000.0,0.0,1,0,0.0,0.0,0.00030705,0.0,1,1,2026-07-29,2026-07-29,False,
100000002791494100,peripheral,0.3,7,0.391,"v0: признаков роли мало: входов 1 (86 тыс. KZT), выходов 0 (0 KZT); достижим от 7 seed; граница выгрузки (глубина 4)",False,4,1,0,85860.0,0.0,1,0,0.0,0.0,0.00031771,0.0,7,1,2026-07-27,2026-07-27,True,depth4_boundary
100000002793851100,terminal,0.5,4,0.1472,v0: признаки конечного получателя: входов 1 на 11 тыс. KZT; исходящих в выгрузке 0; достижим от 7 seed,False,1,1,0,11052.0,0.0,1,0,0.0,0.0,0.00028676,0.0,7,1,2026-07-04,2026-07-04,False,
100000002793881100,consolidator,0.375,8,0.6603,v0: признаки консолидации (fan-in): входов 3 на 786 тыс. KZT; выходов 0 на 0 KZT; достижим от 9 seed,False,3,3,0,785600.0,0.0,3,0,0.0,0.0,0.00037508,0.0,9,1,2026-07-31,2026-07-31,False,
100000002794197100,terminal,0.5,6,0.1561,v0: признаки конечного получателя: входов 1 на 30 тыс. KZT; исходящих в выгрузке 0; достижим от 1 seed,False,1,1,0,30100.0,0.0,1,0,0.0,0.0,0.0002873,0.0,1,1,2026-07-18,2026-07-18,False,
100000002794374100,peripheral,0.3,45,0.4541,"v0: признаков роли мало: входов 1 (111 тыс. KZT), выходов 0 (0 KZT); достижим от 9 seed; граница выгрузки (глубина 4)",False,4,1,0,111000.0,0.0,1,0,0.0,0.0,0.00036376,0.0,9,1,2026-07-31,2026-07-31,True,depth4_boundary
100000002796853100,peripheral,0.3,61,0.7742,"v0: признаков роли мало: входов 1 (199 тыс. KZT), выходов 1 (46 тыс. KZT); достижим от 1 seed",False,2,1,1,199000.0,46167.62,8,5,46167.62,0.232,0.0021136,0.0,1,7,2026-07-12,2026-07-29,False,
100000002799941100,terminal,0.5,18,0.4706,v0: признаки конечного получателя: входов 1 на 600 тыс. KZT; исходящих в выгрузке 0; достижим от 7 seed,False,3,1,0,600000.0,0.0,1,0,0.0,0.0,0.00038818,0.0,7,1,2026-07-23,2026-07-23,False,
100000002807334100,terminal,0.5,5,0.1563,v0: признаки конечного получателя: входов 1 на 55 тыс. KZT; исходящих в выгрузке 0; достижим от 7 seed,False,3,1,0,54715.0,0.0,1,0,0.0,0.0,0.00028734,0.0,7,1,2026-07-05,2026-07-05,False,
100000002809568100,terminal,0.5,0,0.1577,v0: признаки конечного получателя: входов 1 на 10 тыс. KZT; исходящих в выгрузке 0; достижим от 7 seed,False,1,1,0,10000.0,0.0,1,0,0.0,0.0,0.00028745,0.0,7,1,2026-07-05,2026-07-05,False,
100000002809896100,terminal,0.5,7,0.3153,v0: признаки конечного получателя: входов 1 на 38 тыс. KZT; исходящих в выгрузке 0; достижим от 7 seed,False,3,1,0,38000.0,0.0,1,0,0.0,0.0,0.00029973,0.0,7,1,2026-07-04,2026-07-04,False,
100000002810870100,terminal,0.5,1,0.2513,v0: признаки конечного получателя: входов 1 на 34 тыс. KZT; исходящих в выгрузке 0; достижим от 1 seed,False,1,1,0,33677.0,0.0,1,0,0.0,0.0,0.00029264,0.0,1,1,2026-07-02,2026-07-02,False,
100000002812641100,peripheral,0.3,8,0.7734,"v0: признаков роли мало: входов 1 (10 тыс. KZT), выходов 1 (7 тыс. KZT); достижим от 8 seed",False,2,1,1,10000.0,7023.95,1,1,7023.95,0.7024,0.00206385,0.0,8,2,2026-07-20,2026-07-21,False,
100000002815005100,terminal,0.5,8,0.3945,v0: признаки конечного получателя: входов 1 на 476 тыс. KZT; исходящих в выгрузке 0; достижим от 8 seed,False,3,1,0,476500.0,0.0,1,0,0.0,0.0,0.00031901,0.0,8,1,2026-07-29,2026-07-29,False,
100000002818726100,terminal,0.5,12,0.2039,v0: признаки конечного получателя: входов 1 на 11 тыс. KZT; исходящих в выгрузке 0; достижим от 7 seed,False,3,1,0,10879.0,0.0,1,0,0.0,0.0,0.0002896,0.0,7,1,2026-07-22,2026-07-22,False,
100000002820010100,terminal,0.5,6,0.2328,v0: признаки конечного получателя: входов 1 на 30 тыс. KZT; исходящих в выгрузке 0; достижим от 1 seed,False,2,1,0,30000.0,0.0,1,0,0.0,0.0,0.00029126,0.0,1,1,2026-07-31,2026-07-31,False,
100000002821425100,terminal,0.5,13,0.3051,v0: признаки конечного получателя: входов 1 на 275 тыс. KZT; исходящих в выгрузке 0; достижим от 2 seed,False,3,1,0,275000.0,0.0,1,0,0.0,0.0,0.00029867,0.0,2,1,2026-07-11,2026-07-11,False,
100000002822472100,terminal,0.5,13,0.5242,v0: признаки конечного получателя: входов 2 на 267 тыс. KZT; исходящих в выгрузке 0; достижим от 8 seed,False,3,2,0,266722.0,0.0,2,0,0.0,0.0,0.00031224,0.0,8,2,2026-07-02,2026-07-07,False,
100000002824176100,terminal,0.5,6,0.427,v0: признаки конечного получателя: входов 1 на 144 тыс. KZT; исходящих в выгрузке 0; достижим от 2 seed,False,1,1,0,144000.0,0.0,1,0,0.0,0.0,0.0003386,0.0,2,1,2026-07-13,2026-07-13,False,
100000002826669100,terminal,0.5,0,0.5066,v0: признаки конечного получателя: входов 1 на 160 тыс. KZT; исходящих в выгрузке 0; достижим от 7 seed,False,2,1,0,159900.0,0.0,4,0,0.0,0.0,0.00047624,0.0,7,4,2026-07-11,2026-07-16,False,
100000002830055100,terminal,0.5,1,0.1791,v0: признаки конечного получателя: входов 1 на 14 тыс. KZT; исходящих в выгрузке 0; достижим от 1 seed,False,1,1,0,14000.0,0.0,1,0,0.0,0.0,0.00028851,0.0,1,1,2026-07-15,2026-07-15,False,
100000002831727100,peripheral,0.3,18,0.3763,"v0: признаков роли мало: входов 1 (6 тыс. KZT), выходов 1 (77 тыс. KZT); достижим от 7 seed",False,2,1,1,6000.0,77000.0,1,3,6000.0,0.0779,0.00029075,1.922e-05,7,4,2026-07-04,2026-07-25,False,
100000002832753100,peripheral,0.3,15,0.588,"v0: признаков роли мало: входов 1 (12 тыс. KZT), выходов 0 (0 KZT); достижим от 7 seed; граница выгрузки (глубина 4)",False,4,1,0,12500.0,0.0,1,0,0.0,0.0,0.00075553,0.0,7,1,2026-07-08,2026-07-08,True,depth4_boundary
100000002835874100,peripheral,0.3,8,0.2589,"v0: признаков роли мало: входов 1 (59 тыс. KZT), выходов 0 (0 KZT); достижим от 8 seed; граница выгрузки (глубина 4)",False,4,1,0,58700.0,0.0,1,0,0.0,0.0,0.00029329,0.0,8,1,2026-07-16,2026-07-16,True,depth4_boundary
100000002836052100,terminal,0.5,3,0.3469,v0: признаки конечного получателя: входов 1 на 15 тыс. KZT; исходящих в выгрузке 0; достижим от 11 seed,False,2,1,0,15000.0,0.0,1,0,0.0,0.0,0.00030567,0.0,11,1,2026-07-03,2026-07-03,False,
100000002836736100,terminal,0.5,6,0.6524,v0: признаки конечного получателя: входов 2 на 509 тыс. KZT; исходящих в выгрузке 0; достижим от 3 seed,False,1,2,0,509000.0,0.0,2,0,0.0,0.0,0.00045179,0.0,3,1,2026-07-16,2026-07-16,False,
100000002838519100,terminal,0.5,14,0.306,v0: признаки конечного получателя: входов 1 на 47 тыс. KZT; исходящих в выгрузке 0; достижим от 7 seed,False,3,1,0,46900.0,0.0,1,0,0.0,0.0,0.00029883,0.0,7,1,2026-07-18,2026-07-18,False,
100000002838861100,consolidator,0.625,8,0.864,v0: признаки консолидации (fan-in): входов 5 на 555 тыс. KZT; выходов 1 на 10 тыс. KZT; достижим от 8 seed,False,1,5,1,554523.95,10000.0,5,1,10000.0,0.018,0.00211992,1.942e-05,8,5,2026-07-11,2026-07-22,False,
100000002842321100,terminal,0.5,5,0.2242,v0: признаки конечного получателя: входов 1 на 160 тыс. KZT; исходящих в выгрузке 0; достижим от 7 seed,False,3,1,0,160000.0,0.0,1,0,0.0,0.0,0.00029075,0.0,7,1,2026-07-02,2026-07-02,False,
100000002842337100,terminal,0.5,6,0.457,v0: признаки конечного получателя: входов 1 на 50 тыс. KZT; исходящих в выгрузке 0; достижим от 1 seed,False,2,1,0,50000.0,0.0,1,0,0.0,0.0,0.00036666,0.0,1,1,2026-07-27,2026-07-27,False,
100000002844652100,terminal,0.5,6,0.1928,v0: признаки конечного получателя: входов 1 на 61 тыс. KZT; исходящих в выгрузке 0; достижим от 1 seed,False,1,1,0,61360.0,0.0,1,0,0.0,0.0,0.00028909,0.0,1,1,2026-07-07,2026-07-07,False,
100000002844897100,terminal,0.5,8,0.1468,v0: признаки конечного получателя: входов 1 на 11 тыс. KZT; исходящих в выгрузке 0; достижим от 1 seed,False,1,1,0,10800.0,0.0,1,0,0.0,0.0,0.00028673,0.0,1,1,2026-07-21,2026-07-21,False,
100000002845605100,terminal,0.5,0,0.2902,v0: признаки конечного получателя: входов 1 на 58 тыс. KZT; исходящих в выгрузке 0; достижим от 7 seed,False,1,1,0,57567.0,0.0,1,0,0.0,0.0,0.00029637,0.0,7,1,2026-07-02,2026-07-02,False,
100000002847207100,terminal,0.5,2,0.2762,v0: признаки конечного получателя: входов 1 на 46 тыс. KZT; исходящих в выгрузке 0; достижим от 10 seed,False,1,1,0,46243.0,0.0,1,0,0.0,0.0,0.00029483,0.0,10,1,2026-07-17,2026-07-17,False,
100000002849158100,consolidator,0.375,8,0.6444,"v0: признаки консолидации (fan-in): входов 3 на 723 тыс. KZT; выходов 1 на 1,3 млн KZT; достижим от 9 seed",False,3,3,1,723000.0,1313000.0,3,3,723000.0,0.5506,0.00033625,2.279e-05,9,3,2026-07-25,2026-07-31,False,
100000002852402100,terminal,0.5,15,0.4101,v0: признаки конечного получателя: входов 1 на 55 тыс. KZT; исходящих в выгрузке 0; достижим от 7 seed,False,2,1,0,55000.0,0.0,1,0,0.0,0.0,0.00032702,0.0,7,1,2026-07-30,2026-07-30,False,
100000002858835100,terminal,0.5,1,0.223,v0: признаки конечного получателя: входов 1 на 24 тыс. KZT; исходящих в выгрузке 0; достижим от 1 seed,False,1,1,0,24400.0,0.0,1,0,0.0,0.0,0.00029069,0.0,1,1,2026-07-06,2026-07-06,False,
100000002860934100,peripheral,0.3,27,0.5638,"v0: признаков роли мало: входов 1 (280 тыс. KZT), выходов 0 (0 KZT); достижим от 7 seed; граница выгрузки (глубина 4)",False,4,1,0,279500.0,0.0,4,0,0.0,0.0,0.00058144,0.0,7,4,2026-07-06,2026-07-29,True,depth4_boundary
100000002861485100,terminal,0.5,4,0.1848,v0: признаки конечного получателя: входов 1 на 29 тыс. KZT; исходящих в выгрузке 0; достижим от 7 seed,False,1,1,0,29323.0,0.0,1,0,0.0,0.0,0.00028872,0.0,7,1,2026-07-22,2026-07-22,False,
100000002862113100,terminal,0.5,14,0.3076,v0: признаки конечного получателя: входов 1 на 47 тыс. KZT; исходящих в выгрузке 0; достижим от 7 seed,False,3,1,0,47405.0,0.0,2,0,0.0,0.0,0.00029897,0.0,7,2,2026-07-03,2026-07-04,False,
100000002863356100,peripheral,0.3,1,0.4762,"v0: признаков роли мало: входов 1 (45 тыс. KZT), выходов 1 (20 тыс. KZT); достижим от 1 seed",False,2,1,1,45000.0,20000.0,1,1,20000.0,0.4444,0.00030085,1.39e-06,1,2,2026-07-18,2026-07-20,False,
100000002864256100,terminal,0.5,2,0.3738,v0: признаки конечного получателя: входов 1 на 136 тыс. KZT; исходящих в выгрузке 0; достижим от 10 seed,False,1,1,0,135780.0,0.0,1,0,0.0,0.0,0.00031276,0.0,10,1,2026-07-22,2026-07-22,False,
100000002864680100,terminal,0.5,10,0.2766,v0: признаки конечного получателя: входов 1 на 56 тыс. KZT; исходящих в выгрузке 0; достижим от 1 seed,False,1,1,0,55932.0,0.0,1,0,0.0,0.0,0.00029485,0.0,1,1,2026-07-13,2026-07-13,False,
100000002870463100,consolidator,0.375,6,0.8406,v0: признаки консолидации (fan-in): входов 3 на 207 тыс. KZT; выходов 1 на 10 тыс. KZT; достижим от 7 seed,False,2,3,1,207000.0,10000.0,4,1,10000.0,0.0483,0.00192998,1.942e-05,7,4,2026-07-14,2026-07-30,False,
100000002870937100,terminal,0.5,6,0.217,v0: признаки конечного получателя: входов 1 на 84 тыс. KZT; исходящих в выгрузке 0; достижим от 1 seed,False,1,1,0,83700.0,0.0,1,0,0.0,0.0,0.00029037,0.0,1,1,2026-07-04,2026-07-04,False,
100000002871199100,terminal,0.5,14,0.2446,v0: признаки конечного получателя: входов 1 на 23 тыс. KZT; исходящих в выгрузке 0; достижим от 7 seed,False,3,1,0,23186.0,0.0,1,0,0.0,0.0,0.00029212,0.0,7,1,2026-07-06,2026-07-06,False,
100000002872399100,terminal,0.5,6,0.5827,"v0: признаки конечного получателя: входов 1 на 1,1 млн KZT; исходящих в выгрузке 0; достижим от 1 seed",False,3,1,0,1090000.0,0.0,9,0,0.0,0.0,0.00070577,0.0,1,8,2026-07-03,2026-07-28,False,
100000002876914100,peripheral,0.3,7,0.2419,"v0: признаков роли мало: входов 1 (12 тыс. KZT), выходов 0 (0 KZT); достижим от 1 seed; граница выгрузки (глубина 4)",False,4,1,0,12000.0,0.0,1,0,0.0,0.0,0.00029199,0.0,1,1,2026-07-25,2026-07-25,True,depth4_boundary
100000002877262100,terminal,0.5,9,0.3167,v0: признаки конечного получателя: входов 1 на 100 тыс. KZT; исходящих в выгрузке 0; достижим от 8 seed,False,3,1,0,100000.0,0.0,1,0,0.0,0.0,0.00029992,0.0,8,1,2026-07-13,2026-07-13,False,
100000002878467100,terminal,0.5,9,0.5336,v0: признаки конечного получателя: входов 2 на 200 тыс. KZT; исходящих в выгрузке 0; достижим от 8 seed,False,3,2,0,200000.0,0.0,2,0,0.0,0.0,0.0003144,0.0,8,2,2026-07-13,2026-07-17,False,
100000002878483100,peripheral,0.3,7,0.1858,"v0: признаков роли мало: входов 1 (6 тыс. KZT), выходов 0 (0 KZT); достижим от 1 seed; граница выгрузки (глубина 4)",False,4,1,0,6000.0,0.0,1,0,0.0,0.0,0.00028878,0.0,1,1,2026-07-24,2026-07-24,True,depth4_boundary
100000002881669100,terminal,0.5,10,0.1831,v0: признаки конечного получателя: входов 1 на 19 тыс. KZT; исходящих в выгрузке 0; достижим от 1 seed,False,1,1,0,18600.0,0.0,1,0,0.0,0.0,0.00028866,0.0,1,1,2026-07-13,2026-07-13,False,
100000002883402100,consolidator,0.375,8,0.5195,v0: признаки консолидации (fan-in): входов 3 на 300 тыс. KZT; выходов 0 на 0 KZT; достижим от 10 seed,False,3,3,0,300000.0,0.0,3,0,0.0,0.0,0.00030066,0.0,10,3,2026-07-16,2026-07-30,False,
100000002884708100,peripheral,0.3,9,0.5587,"v0: признаков роли мало: входов 1 (1,2 млн KZT), выходов 0 (0 KZT); достижим от 8 seed; граница выгрузки (глубина 4)",False,4,1,0,1171644.0,0.0,2,0,0.0,0.0,0.00056258,0.0,8,2,2026-07-30,2026-07-31,True,depth4_boundary
100000002886166100,terminal,0.5,23,0.4072,v0: признаки конечного получателя: входов 1 на 185 тыс. KZT; исходящих в выгрузке 0; достижим от 1 seed,False,3,1,0,185000.0,0.0,3,0,0.0,0.0,0.00032459,0.0,1,2,2026-07-28,2026-07-29,False,
100000002890167100,terminal,0.5,4,0.3024,v0: признаки конечного получателя: входов 1 на 118 тыс. KZT; исходящих в выгрузке 0; достижим от 7 seed,False,1,1,0,118150.0,0.0,1,0,0.0,0.0,0.00029827,0.0,7,1,2026-07-10,2026-07-10,False,
100000002891765100,terminal,0.5,14,0.3265,v0: признаки конечного получателя: входов 1 на 56 тыс. KZT; исходящих в выгрузке 0; достижим от 7 seed,False,3,1,0,55576.0,0.0,1,0,0.0,0.0,0.00030128,0.0,7,1,2026-07-03,2026-07-03,False,
100000002893020100,terminal,0.5,7,0.2486,v0: признаки конечного получателя: входов 1 на 18 тыс. KZT; исходящих в выгрузке 0; достижим от 7 seed,False,3,1,0,18340.0,0.0,1,0,0.0,0.0,0.0002924,0.0,7,1,2026-07-03,2026-07-03,False,
100000002894076100,consolidator,0.5,6,0.688,"v0: признаки консолидации (fan-in): входов 4 на 1,1 млн KZT; выходов 0 на 0 KZT; достижим от 10 seed",False,1,4,0,1122782.0,0.0,6,0,0.0,0.0,0.00038268,0.0,10,3,2026-07-10,2026-07-26,False,
100000002896506100,peripheral,0.3,5,0.3783,"v0: признаков роли мало: входов 1 (45 тыс. KZT), выходов 0 (0 KZT); достижим от 7 seed; граница выгрузки (глубина 4)",False,4,1,0,45000.0,0.0,1,0,0.0,0.0,0.00031363,0.0,7,1,2026-07-19,2026-07-19,True,depth4_boundary
100000002901457100,peripheral,0.3,0,0.6829,"v0: признаков роли мало: входов 1 (340 тыс. KZT), выходов 3 (119 тыс. KZT); достижим от 7 seed",False,3,1,3,340000.0,119000.0,1,3,119000.0,0.35,0.00037427,7.569e-05,7,4,2026-07-05,2026-07-27,False,
100000002904919100,peripheral,0.3,0,0.379,"v0: признаков роли мало: входов 1 (60 тыс. KZT), выходов 1 (6 тыс. KZT); достижим от 7 seed",False,3,1,1,60325.0,5500.0,1,1,5500.0,0.0912,0.00029092,1.922e-05,7,2,2026-07-25,2026-07-26,False,
100000002906470100,terminal,0.5,18,0.356,v0: признаки конечного получателя: входов 1 на 130 тыс. KZT; исходящих в выгрузке 0; достижим от 7 seed,False,3,1,0,130000.0,0.0,1,0,0.0,0.0,0.0003078,0.0,7,1,2026-07-26,2026-07-26,False,
100000002908521100,terminal,0.5,1,0.2498,v0: признаки конечного получателя: входов 1 на 44 тыс. KZT; исходящих в выгрузке 0; достижим от 1 seed,False,3,1,0,44500.0,0.0,1,0,0.0,0.0,0.00029251,0.0,1,1,2026-07-31,2026-07-31,False,
100000002911170100,terminal,0.5,29,0.4039,v0: признаки конечного получателя: входов 1 на 300 тыс. KZT; исходящих в выгрузке 0; достижим от 7 seed,False,2,1,0,300000.0,0.0,2,0,0.0,0.0,0.00032305,0.0,7,2,2026-07-15,2026-07-17,False,
100000002913340100,terminal,0.5,1,0.1971,v0: признаки конечного получателя: входов 1 на 24 тыс. KZT; исходящих в выгрузке 0; достижим от 1 seed,False,3,1,0,23600.0,0.0,1,0,0.0,0.0,0.00028925,0.0,1,1,2026-07-21,2026-07-21,False,
100000002914245100,terminal,0.5,3,0.2835,v0: признаки конечного получателя: входов 1 на 141 тыс. KZT; исходящих в выгрузке 0; достижим от 1 seed,False,3,1,0,140611.0,0.0,1,0,0.0,0.0,0.00029558,0.0,1,1,2026-07-06,2026-07-06,False,
100000002916006100,peripheral,0.3,19,0.2317,"v0: признаков роли мало: входов 0 (0 KZT), выходов 1 (32 тыс. KZT); seed, входы неполны",True,0,0,1,0.0,32000.0,0,1,0.0,0.0,0.00028557,0.0,0,1,2026-07-06,2026-07-06,False,seed_inflow_incomplete
100000002921047100,peripheral,0.3,6,0.586,"v0: признаков роли мало: входов 2 (338 тыс. KZT), выходов 1 (163 тыс. KZT); достижим от 9 seed",False,1,2,1,338000.0,163000.02,2,1,163000.02,0.4822,0.00031705,2.16e-05,9,2,2026-07-10,2026-07-27,False,
100000002922000100,peripheral,0.3,42,0.5011,"v0: признаков роли мало: входов 1 (448 тыс. KZT), выходов 0 (0 KZT); достижим от 7 seed; граница выгрузки (глубина 4)",False,4,1,0,448000.0,0.0,1,0,0.0,0.0,0.00045972,0.0,7,1,2026-07-11,2026-07-11,True,depth4_boundary
100000002926970100,terminal,0.5,7,0.3887,v0: признаки конечного получателя: входов 1 на 85 тыс. KZT; исходящих в выгрузке 0; достижим от 7 seed,False,3,1,0,85000.0,0.0,1,0,0.0,0.0,0.00031724,0.0,7,1,2026-07-09,2026-07-09,False,
100000002933386100,peripheral,0.3,2,0.7293,"v0: признаков роли мало: входов 1 (15 тыс. KZT), выходов 1 (58 тыс. KZT); достижим от 7 seed",False,3,1,1,15000.0,58000.0,1,1,15000.0,0.2586,0.00065278,2.001e-05,7,2,2026-07-13,2026-07-27,False,
100000002934441100,terminal,0.5,0,0.4858,v0: признаки конечного получателя: входов 2 на 61 тыс. KZT; исходящих в выгрузке 0; достижим от 7 seed,False,1,2,0,60845.6,0.0,2,0,0.0,0.0,0.00030248,0.0,7,1,2026-07-02,2026-07-02,False,
100000002936322100,terminal,0.5,3,0.609,v0: признаки конечного получателя: входов 2 на 787 тыс. KZT; исходящих в выгрузке 0; достижим от 7 seed,False,3,2,0,787133.0,0.0,2,0,0.0,0.0,0.00036638,0.0,7,2,2026-07-03,2026-07-31,False,
100000002938501100,peripheral,0.3,4,0.296,"v0: признаков роли мало: входов 1 (8 тыс. KZT), выходов 1 (5 тыс. KZT); достижим от 7 seed",False,1,1,1,8395.0,5000.0,1,1,5000.0,0.5956,0.00028647,1.794e-05,7,2,2026-07-06,2026-07-08,False,
100000002939838100,consolidator,0.375,4,0.6774,v0: признаки консолидации (fan-in): входов 3 на 571 тыс. KZT; выходов 0 на 0 KZT; достижим от 10 seed,False,1,3,0,571233.0,0.0,3,0,0.0,0.0,0.00040003,0.0,10,3,2026-07-16,2026-07-31,False,
100000002941114100,peripheral,0.3,11,0.8151,"v0: признаков роли мало: входов 2 (129 тыс. KZT), выходов 1 (15 тыс. KZT); достижим от 8 seed",False,1,2,1,128510.0,15000.0,15,1,15000.0,0.1167,0.00181463,2.061e-05,8,12,2026-07-01,2026-07-30,False,
100000002943472100,terminal,0.5,9,0.3636,v0: признаки конечного получателя: входов 1 на 170 тыс. KZT; исходящих в выгрузке 0; достижим от 8 seed,False,3,1,0,170000.0,0.0,1,0,0.0,0.0,0.00030996,0.0,8,1,2026-07-13,2026-07-13,False,
100000002945031100,terminal,0.5,12,0.2299,v0: признаки конечного получателя: входов 1 на 15 тыс. KZT; исходящих в выгрузке 0; достижим от 7 seed,False,3,1,0,15000.0,0.0,1,0,0.0,0.0,0.00029112,0.0,7,1,2026-07-08,2026-07-08,False,
100000002945626100,consolidator,0.375,8,0.6232,v0: признаки консолидации (fan-in): входов 3 на 584 тыс. KZT; выходов 0 на 0 KZT; достижим от 9 seed,False,3,3,0,584000.0,0.0,3,0,0.0,0.0,0.00033776,0.0,9,2,2026-07-22,2026-07-29,False,
100000002947299100,terminal,0.5,2,0.425,v0: признаки конечного получателя: входов 1 на 85 тыс. KZT; исходящих в выгрузке 0; достижим от 9 seed,False,2,1,0,85000.0,0.0,1,0,0.0,0.0,0.00033751,0.0,9,1,2026-07-15,2026-07-15,False,
100000002948492100,terminal,0.5,14,0.2466,v0: признаки конечного получателя: входов 1 на 24 тыс. KZT; исходящих в выгрузке 0; достижим от 7 seed,False,3,1,0,23660.0,0.0,1,0,0.0,0.0,0.00029226,0.0,7,1,2026-07-21,2026-07-21,False,
100000002951898100,terminal,0.5,14,0.294,v0: признаки конечного получателя: входов 1 на 40 тыс. KZT; исходящих в выгрузке 0; достижим от 7 seed,False,3,1,0,39990.0,0.0,1,0,0.0,0.0,0.00029687,0.0,7,1,2026-07-08,2026-07-08,False,
100000002952631100,terminal,0.5,4,0.2237,v0: признаки конечного получателя: входов 1 на 48 тыс. KZT; исходящих в выгрузке 0; достижим от 7 seed,False,1,1,0,48050.0,0.0,1,0,0.0,0.0,0.00029074,0.0,7,1,2026-07-04,2026-07-04,False,
100000002952756100,terminal,0.5,7,0.4581,v0: признаки конечного получателя: входов 1 на 47 тыс. KZT; исходящих в выгрузке 0; достижим от 1 seed,False,3,1,0,47000.0,0.0,1,0,0.0,0.0,0.00036771,0.0,1,1,2026-07-07,2026-07-07,False,
100000002954780100,terminal,0.5,8,0.2488,v0: признаки конечного получателя: входов 1 на 133 тыс. KZT; исходящих в выгрузке 0; достижим от 9 seed,False,3,1,0,133400.0,0.0,1,0,0.0,0.0,0.00029244,0.0,9,1,2026-07-29,2026-07-29,False,
100000002956769100,consolidator,0.375,13,0.6659,v0: признаки консолидации (fan-in): входов 3 на 840 тыс. KZT; выходов 0 на 0 KZT; достижим от 9 seed,False,3,3,0,840000.0,0.0,3,0,0.0,0.0,0.00038478,0.0,9,1,2026-07-31,2026-07-31,False,
100000002956779100,terminal,0.5,2,0.481,v0: признаки конечного получателя: входов 1 на 411 тыс. KZT; исходящих в выгрузке 0; достижим от 1 seed,False,3,1,0,411000.0,0.0,1,0,0.0,0.0,0.00040311,0.0,1,1,2026-07-27,2026-07-27,False,
100000002956898100,terminal,0.5,15,0.6168,v0: признаки конечного получателя: входов 2 на 290 тыс. KZT; исходящих в выгрузке 0; достижим от 7 seed,False,2,2,0,290240.0,0.0,2,0,0.0,0.0,0.00037684,0.0,7,2,2026-07-11,2026-07-29,False,
100000002957306100,terminal,0.5,11,0.5968,v0: признаки конечного получателя: входов 2 на 398 тыс. KZT; исходящих в выгрузке 0; достижим от 11 seed,False,1,2,0,398490.0,0.0,2,0,0.0,0.0,0.00035519,0.0,11,2,2026-07-19,2026-07-24,False,
100000002957787100,coordinator,1.0,0,0.8415,"v0: признаки gather-scatter: входов 4 на 85 тыс. KZT, выходов 34 на 1,3 млн KZT; betweenness 0.0043; достижим от 7 seed",False,2,4,34,84956.0,1276153.96,7,41,84956.0,0.0666,0.00061383,0.00427665,7,8,2026-07-01,2026-07-08,False,
100000002958139100,terminal,0.5,8,0.3191,v0: признаки конечного получателя: входов 1 на 210 тыс. KZT; исходящих в выгрузке 0; достижим от 8 seed,False,3,1,0,209500.0,0.0,2,0,0.0,0.0,0.00030027,0.0,8,2,2026-07-22,2026-07-25,False,
100000002958286100,terminal,0.5,8,0.3758,v0: признаки конечного получателя: входов 1 на 257 тыс. KZT; исходящих в выгрузке 0; достижим от 1 seed,False,1,1,0,257000.0,0.0,1,0,0.0,0.0,0.00031317,0.0,1,1,2026-07-20,2026-07-20,False,
100000002958343100,peripheral,0.3,6,0.7713,"v0: признаков роли мало: входов 1 (2,9 млн KZT), выходов 2 (1,4 млн KZT); достижим от 1 seed",False,2,1,2,2900000.0,1390000.0,4,17,1390000.0,0.4793,0.00062951,4e-07,1,15,2026-07-01,2026-07-29,False,
100000002958345100,terminal,0.5,13,0.3185,v0: признаки конечного получателя: входов 1 на 307 тыс. KZT; исходящих в выгрузке 0; достижим от 2 seed,False,3,1,0,307000.0,0.0,1,0,0.0,0.0,0.00030019,0.0,2,1,2026-07-15,2026-07-15,False,
100000002963189100,peripheral,0.3,14,0.7413,"v0: признаков роли мало: входов 1 (490 тыс. KZT), выходов 7 (5,2 млн KZT); достижим от 7 seed",False,3,1,7,490000.0,5219000.0,3,15,490000.0,0.0939,0.00042407,8.541e-05,7,7,2026-07-08,2026-07-25,False,
100000002964966100,terminal,0.5,2,0.4775,v0: признаки конечного получателя: входов 1 на 200 тыс. KZT; исходящих в выгрузке 0; достижим от 8 seed,False,2,1,0,200000.0,0.0,1,0,0.0,0.0,0.00039542,0.0,8,1,2026-07-14,2026-07-14,False,
100000002968096100,peripheral,0.3,3,0.3965,"v0: признаков роли мало: входов 1 (70 тыс. KZT), выходов 0 (0 KZT); достижим от 7 seed; граница выгрузки (глубина 4)",False,4,1,0,70000.0,0.0,1,0,0.0,0.0,0.00031948,0.0,7,1,2026-07-28,2026-07-28,True,depth4_boundary
100000002969048100,terminal,0.5,6,0.3487,v0: признаки конечного получателя: входов 1 на 108 тыс. KZT; исходящих в выгрузке 0; достижим от 1 seed,False,2,1,0,108470.0,0.0,1,0,0.0,0.0,0.00030613,0.0,1,1,2026-07-31,2026-07-31,False,
100000002970466100,peripheral,0.3,0,0.3472,"v0: признаков роли мало: входов 1 (23 тыс. KZT), выходов 2 (93 тыс. KZT); достижим от 7 seed",False,3,1,2,23317.0,93000.0,1,3,23317.0,0.2507,0.00028688,3.844e-05,7,4,2026-07-22,2026-07-29,False,
100000002971593100,peripheral,0.3,5,0.5264,"v0: признаков роли мало: входов 1 (49 тыс. KZT), выходов 0 (0 KZT); достижим от 7 seed; граница выгрузки (глубина 4)",False,4,1,0,49050.0,0.0,1,0,0.0,0.0,0.00053038,0.0,7,1,2026-07-02,2026-07-02,True,depth4_boundary
100000002973903100,consolidator,0.375,10,0.5858,v0: признаки консолидации (fan-in): входов 3 на 93 тыс. KZT; выходов 0 на 0 KZT; достижим от 8 seed,False,1,3,0,92880.0,0.0,3,0,0.0,0.0,0.00031687,0.0,8,3,2026-07-14,2026-07-23,False,
100000002974256100,terminal,0.5,10,0.5311,v0: признаки конечного получателя: входов 1 на 7 тыс. KZT; исходящих в выгрузке 0; достижим от 1 seed,False,2,1,0,7200.0,0.0,1,0,0.0,0.0,0.00053191,0.0,1,1,2026-07-25,2026-07-25,False,
100000002975287100,terminal,0.5,16,0.1954,v0: признаки конечного получателя: входов 1 на 15 тыс. KZT; исходящих в выгрузке 0; достижим от 7 seed,False,3,1,0,15000.0,0.0,1,0,0.0,0.0,0.00028919,0.0,7,1,2026-07-08,2026-07-08,False,
100000002975437100,peripheral,0.3,30,0.673,"v0: признаков роли мало: входов 1 (530 тыс. KZT), выходов 1 (8 тыс. KZT); достижим от 7 seed",False,3,1,1,530000.0,8500.0,2,1,8500.0,0.016,0.00052101,0.0,7,2,2026-07-18,2026-07-22,False,
100000002981489100,peripheral,0.3,5,0.1759,"v0: признаков роли мало: входов 1 (10 тыс. KZT), выходов 0 (0 KZT); достижим от 7 seed; граница выгрузки (глубина 4)",False,4,1,0,10000.0,0.0,1,0,0.0,0.0,0.00028833,0.0,7,1,2026-07-04,2026-07-04,True,depth4_boundary
100000002981527100,terminal,0.5,8,0.3398,v0: признаки конечного получателя: входов 1 на 168 тыс. KZT; исходящих в выгрузке 0; достижим от 1 seed,False,1,1,0,168000.0,0.0,1,0,0.0,0.0,0.00030361,0.0,1,1,2026-07-20,2026-07-20,False,
100000002982252100,terminal,0.5,1,0.2097,v0: признаки конечного получателя: входов 1 на 20 тыс. KZT; исходящих в выгрузке 0; достижим от 1 seed,False,1,1,0,20320.0,0.0,1,0,0.0,0.0,0.00028983,0.0,1,1,2026-07-21,2026-07-21,False,
100000002983426100,terminal,0.5,7,0.3934,v0: признаки конечного получателя: входов 1 на 89 тыс. KZT; исходящих в выгрузке 0; достижим от 7 seed,False,3,1,0,88945.0,0.0,1,0,0.0,0.0,0.00031871,0.0,7,1,2026-07-06,2026-07-06,False,
100000002983879100,terminal,0.5,2,0.6003,v0: признаки конечного получателя: входов 2 на 200 тыс. KZT; исходящих в выгрузке 0; достижим от 9 seed,False,2,2,0,200050.0,0.0,2,0,0.0,0.0,0.00035808,0.0,9,2,2026-07-15,2026-07-16,False,
100000002984403100,peripheral,0.3,24,0.5505,"v0: признаков роли мало: входов 1 (20 тыс. KZT), выходов 1 (25 тыс. KZT); достижим от 7 seed",False,3,1,1,20000.0,25000.0,1,1,20000.0,0.8,0.0003201,2.001e-05,7,2,2026-07-21,2026-07-26,False,
100000002986245100,peripheral,0.3,7,0.1826,"v0: признаков роли мало: входов 1 (6 тыс. KZT), выходов 0 (0 KZT); достижим от 1 seed; граница выгрузки (глубина 4)",False,4,1,0,5750.0,0.0,1,0,0.0,0.0,0.00028865,0.0,1,1,2026-07-26,2026-07-26,True,depth4_boundary
100000002988894100,peripheral,0.3,2,0.6585,"v0: признаков роли мало: входов 1 (306 тыс. KZT), выходов 3 (78 тыс. KZT); достижим от 10 seed",False,1,1,3,306121.0,77500.0,1,3,77500.0,0.2532,0.00034687,7.133e-05,10,3,2026-07-05,2026-07-23,False,
100000002989353100,peripheral,0.3,13,0.5589,"v0: признаков роли мало: входов 1 (500 тыс. KZT), выходов 2 (321 тыс. KZT); достижим от 2 seed",False,3,1,2,500000.0,321160.0,2,2,321160.0,0.6423,0.00030939,2.77e-06,2,3,2026-07-11,2026-07-21,False,
100000002990675100,terminal,0.5,5,0.1545,v0: признаки конечного получателя: входов 1 на 51 тыс. KZT; исходящих в выгрузке 0; достижим от 7 seed,False,3,1,0,51143.0,0.0,1,0,0.0,0.0,0.00028723,0.0,7,1,2026-07-19,2026-07-19,False,
100000002991079100,peripheral,0.3,4,0.6746,"v0: признаков роли мало: входов 2 (149 тыс. KZT), выходов 1 (11 тыс. KZT); достижим от 7 seed",False,1,2,1,148900.0,11000.0,3,1,11000.0,0.0739,0.00039517,1.981e-05,7,2,2026-07-06,2026-07-23,False,
100000002992171100,terminal,0.5,1,0.1819,v0: признаки конечного получателя: входов 1 на 15 тыс. KZT; исходящих в выгрузке 0; достижим от 1 seed,False,1,1,0,14627.0,0.0,1,0,0.0,0.0,0.00028864,0.0,1,1,2026-07-16,2026-07-16,False,
100000002994441100,peripheral,0.3,3,0.5538,"v0: признаков роли мало: входов 1 (5 тыс. KZT), выходов 0 (0 KZT); достижим от 7 seed; граница выгрузки (глубина 4)",False,4,1,0,5000.0,0.0,1,0,0.0,0.0,0.00055327,0.0,7,1,2026-07-13,2026-07-13,True,depth4_boundary
100000002999140100,peripheral,0.3,10,0.2021,"v0: признаков роли мало: входов 1 (10 тыс. KZT), выходов 0 (0 KZT); достижим от 7 seed; граница выгрузки (глубина 4)",False,4,1,0,10000.0,0.0,2,0,0.0,0.0,0.00028948,0.0,7,2,2026-07-07,2026-07-10,True,depth4_boundary
100000003001138100,peripheral,0.3,27,0.3892,"v0: признаков роли мало: входов 1 (30 тыс. KZT), выходов 0 (0 KZT); достижим от 7 seed; граница выгрузки (глубина 4)",False,4,1,0,30000.0,0.0,1,0,0.0,0.0,0.00031733,0.0,7,1,2026-07-15,2026-07-15,True,depth4_boundary
100000003001564100,peripheral,0.3,4,0.3212,"v0: признаков роли мало: входов 1 (24 тыс. KZT), выходов 1 (180 тыс. KZT); достижим от 7 seed",False,1,1,1,23520.0,180000.0,1,1,23520.0,0.1307,0.0002881,1.922e-05,7,2,2026-07-03,2026-07-08,False,
100000003001661100,peripheral,0.3,27,0.7892,"v0: признаков роли мало: входов 1 (110 тыс. KZT), выходов 5 (440 тыс. KZT); достижим от 7 seed",False,3,1,5,110000.0,439500.0,1,8,110000.0,0.2503,0.00054649,8.322e-05,7,9,2026-07-02,2026-07-29,False,
100000003003821100,terminal,0.5,2,0.496,v0: признаки конечного получателя: входов 1 на 40 тыс. KZT; исходящих в выгрузке 0; достижим от 10 seed,False,2,1,0,40000.0,0.0,1,0,0.0,0.0,0.00043794,0.0,10,1,2026-07-05,2026-07-05,False,
100000003004487100,consolidator,0.5,30,0.6829,v0: признаки консолидации (fan-in): входов 4 на 184 тыс. KZT; выходов 2 на 265 тыс. KZT; достижим от 7 seed,False,1,4,2,183702.8,265015.0,9,3,183702.8,0.6932,0.00035087,0.0001928,7,9,2026-07-01,2026-07-28,False,
100000003005167100,peripheral,0.3,7,0.1988,"v0: признаков роли мало: входов 1 (7 тыс. KZT), выходов 0 (0 KZT); достижим от 1 seed; граница выгрузки (глубина 4)",False,4,1,0,7000.0,0.0,1,0,0.0,0.0,0.00028932,0.0,1,1,2026-07-26,2026-07-26,True,depth4_boundary
100000003006633100,terminal,0.5,33,0.258,v0: признаки конечного получателя: входов 1 на 10 тыс. KZT; исходящих в выгрузке 0; достижим от 7 seed,False,3,1,0,10000.0,0.0,1,0,0.0,0.0,0.0002932,0.0,7,1,2026-07-10,2026-07-10,False,
100000003009900100,terminal,0.5,7,0.2373,v0: признаки конечного получателя: входов 1 на 16 тыс. KZT; исходящих в выгрузке 0; достижим от 7 seed,False,3,1,0,15998.0,0.0,1,0,0.0,0.0,0.00029153,0.0,7,1,2026-07-02,2026-07-02,False,
100000003010908100,peripheral,0.3,7,0.4797,"v0: признаков роли мало: входов 1 (17 тыс. KZT), выходов 0 (0 KZT); достижим от 7 seed; граница выгрузки (глубина 4)",False,4,1,0,17000.0,0.0,1,0,0.0,0.0,0.00039941,0.0,7,1,2026-07-17,2026-07-17,True,depth4_boundary
100000003014659100,terminal,0.5,11,0.4121,v0: признаки конечного получателя: входов 1 на 280 тыс. KZT; исходящих в выгрузке 0; достижим от 8 seed,False,1,1,0,280000.0,0.0,1,0,0.0,0.0,0.00032804,0.0,8,1,2026-07-20,2026-07-20,False,
100000003016438100,peripheral,0.3,9,0.5403,"v0: признаков роли мало: входов 1 (200 тыс. KZT), выходов 1 (300 тыс. KZT); достижим от 8 seed",False,3,1,1,200000.0,300000.0,1,3,200000.0,0.6667,0.00031668,2.14e-05,8,3,2026-07-08,2026-07-17,False,
100000003016635100,coordinator,1.0,4,0.9804,"v0: признаки gather-scatter: входов 8 на 587 тыс. KZT, выходов 73 на 9,4 млн KZT; betweenness 0.0072; достижим от 6 seed; seed, входы неполны",True,0,8,73,586981.0,9414081.0,36,151,586981.0,0.0624,0.00118964,0.00721547,6,21,2026-07-03,2026-07-23,False,seed_inflow_incomplete
100000003016773100,terminal,0.5,9,0.3834,v0: признаки конечного получателя: входов 1 на 47 тыс. KZT; исходящих в выгрузке 0; достижим от 9 seed,False,2,1,0,46555.0,0.0,1,0,0.0,0.0,0.0003148,0.0,9,1,2026-07-13,2026-07-13,False,
100000003022835100,terminal,0.5,2,0.3657,v0: признаки конечного получателя: входов 1 на 125 тыс. KZT; исходящих в выгрузке 0; достижим от 10 seed,False,1,1,0,125000.0,0.0,1,0,0.0,0.0,0.0003106,0.0,10,1,2026-07-27,2026-07-27,False,
100000003024542100,terminal,0.5,2,0.3914,v0: признаки конечного получателя: входов 1 на 8 тыс. KZT; исходящих в выгрузке 0; достижим от 10 seed,False,2,1,0,8500.0,0.0,1,0,0.0,0.0,0.00031795,0.0,10,1,2026-07-14,2026-07-14,False,
100000003025903100,peripheral,0.3,5,0.5218,"v0: признаков роли мало: входов 1 (386 тыс. KZT), выходов 0 (0 KZT); достижим от 7 seed; граница выгрузки (глубина 4)",False,4,1,0,386300.0,0.0,6,0,0.0,0.0,0.00052645,0.0,7,6,2026-07-05,2026-07-29,True,depth4_boundary
100000003031003100,consolidator,0.375,13,0.5665,v0: признаки консолидации (fan-in): входов 3 на 280 тыс. KZT; выходов 0 на 0 KZT; достижим от 9 seed,False,3,3,0,280090.0,0.0,3,0,0.0,0.0,0.0003115,0.0,9,2,2026-07-20,2026-07-31,False,
100000003031633100,terminal,0.5,8,0.3821,v0: признаки конечного получателя: входов 1 на 414 тыс. KZT; исходящих в выгрузке 0; достижим от 8 seed,False,3,1,0,414000.0,0.0,2,0,0.0,0.0,0.00031463,0.0,8,1,2026-07-26,2026-07-26,False,
100000003031761100,terminal,0.5,3,0.3921,v0: признаки конечного получателя: входов 1 на 460 тыс. KZT; исходящих в выгрузке 0; достижим от 1 seed,False,3,1,0,460408.0,0.0,1,0,0.0,0.0,0.00031836,0.0,1,1,2026-07-07,2026-07-07,False,
100000003031890100,terminal,0.5,23,0.4742,v0: признаки конечного получателя: входов 1 на 215 тыс. KZT; исходящих в выгрузке 0; достижим от 1 seed,False,2,1,0,215000.0,0.0,10,0,0.0,0.0,0.00039212,0.0,1,10,2026-07-04,2026-07-29,False,
100000003034546100,terminal,0.5,8,0.4165,v0: признаки конечного получателя: входов 1 на 487 тыс. KZT; исходящих в выгрузке 0; достижим от 1 seed,False,2,1,0,486715.0,0.0,2,0,0.0,0.0,0.00033137,0.0,1,2,2026-07-29,2026-07-30,False,
100000003035737100,peripheral,0.3,5,0.663,"v0: признаков роли мало: входов 2 (809 тыс. KZT), выходов 1 (7 тыс. KZT); достижим от 7 seed",False,3,2,1,809170.0,6544.53,3,1,6544.53,0.0081,0.00037881,1.922e-05,7,4,2026-07-15,2026-07-24,False,
100000003036198100,terminal,0.5,2,0.165,v0: признаки конечного получателя: входов 1 на 15 тыс. KZT; исходящих в выгрузке 0; достижим от 7 seed,False,2,1,0,15000.0,0.0,1,0,0.0,0.0,0.00028793,0.0,7,1,2026-07-02,2026-07-02,False,
100000003037476100,consolidator,0.375,8,0.6472,v0: признаки консолидации (fan-in): входов 3 на 555 тыс. KZT; выходов 0 на 0 KZT; достижим от 8 seed; граница выгрузки (глубина 4),False,4,3,0,555000.0,0.0,3,0,0.0,0.0,0.00035935,0.0,8,2,2026-07-25,2026-07-30,True,depth4_boundary
100000003037660100,terminal,0.5,2,0.2887,v0: признаки конечного получателя: входов 1 на 53 тыс. KZT; исходящих в выгрузке 0; достижим от 10 seed,False,1,1,0,53000.0,0.0,1,0,0.0,0.0,0.00029618,0.0,10,1,2026-07-23,2026-07-23,False,
100000003039473100,terminal,0.5,4,0.3714,v0: признаки конечного получателя: входов 1 на 23 тыс. KZT; исходящих в выгрузке 0; достижим от 7 seed,False,2,1,0,23000.0,0.0,1,0,0.0,0.0,0.00031221,0.0,7,1,2026-07-19,2026-07-19,False,
100000003040087100,peripheral,0.3,7,0.2911,"v0: признаков роли мало: входов 1 (29 тыс. KZT), выходов 0 (0 KZT); достижим от 7 seed; граница выгрузки (глубина 4)",False,4,1,0,29000.0,0.0,1,0,0.0,0.0,0.00029642,0.0,7,1,2026-07-27,2026-07-27,True,depth4_boundary
100000003042994100,terminal,0.5,4,0.387,v0: признаки конечного получателя: входов 1 на 286 тыс. KZT; исходящих в выгрузке 0; достижим от 7 seed,False,1,1,0,286086.0,0.0,3,0,0.0,0.0,0.00031633,0.0,7,3,2026-07-03,2026-07-23,False,
100000003044431100,terminal,0.5,2,0.4853,v0: признаки конечного получателя: входов 2 на 60 тыс. KZT; исходящих в выгрузке 0; достижим от 7 seed,False,2,2,0,60000.0,0.0,2,0,0.0,0.0,0.00030246,0.0,7,2,2026-07-07,2026-07-10,False,
100000003044518100,terminal,0.5,6,0.1599,v0: признаки конечного получателя: входов 1 на 34 тыс. KZT; исходящих в выгрузке 0; достижим от 1 seed,False,1,1,0,34423.0,0.0,1,0,0.0,0.0,0.00028754,0.0,1,1,2026-07-20,2026-07-20,False,
100000003047800100,peripheral,0.3,13,0.4624,"v0: признаков роли мало: входов 1 (12 тыс. KZT), выходов 0 (0 KZT); достижим от 1 seed; граница выгрузки (глубина 4)",False,4,1,0,12212.0,0.0,1,0,0.0,0.0,0.00037457,0.0,1,1,2026-07-01,2026-07-01,True,depth4_boundary
100000003050771100,terminal,0.5,12,0.4597,v0: признаки конечного получателя: входов 1 на 229 тыс. KZT; исходящих в выгрузке 0; достижим от 7 seed,False,3,1,0,229000.0,0.0,1,0,0.0,0.0,0.00037034,0.0,7,1,2026-07-21,2026-07-21,False,
100000003054328100,peripheral,0.3,13,0.6207,"v0: признаков роли мало: входов 1 (140 тыс. KZT), выходов 2 (194 тыс. KZT); достижим от 1 seed",False,2,1,2,140000.0,193720.0,1,2,140000.0,0.7227,0.00033591,7.9e-07,1,2,2026-07-07,2026-07-29,False,
100000003057225100,terminal,0.5,4,0.3665,v0: признаки конечного получателя: входов 1 на 236 тыс. KZT; исходящих в выгрузке 0; достижим от 7 seed,False,1,1,0,236000.0,0.0,1,0,0.0,0.0,0.00031094,0.0,7,1,2026-07-17,2026-07-17,False,
100000003060187100,terminal,0.5,18,0.3278,v0: признаки конечного получателя: входов 1 на 93 тыс. KZT; исходящих в выгрузке 0; достижим от 7 seed,False,3,1,0,93046.0,0.0,1,0,0.0,0.0,0.00030148,0.0,7,1,2026-07-24,2026-07-24,False,
100000003060517100,terminal,0.5,16,0.4524,v0: признаки конечного получателя: входов 1 на 316 тыс. KZT; исходящих в выгрузке 0; достижим от 7 seed,False,3,1,0,315955.0,0.0,1,0,0.0,0.0,0.00036188,0.0,7,1,2026-07-05,2026-07-05,False,
100000003061115100,peripheral,0.3,0,0.5355,"v0: признаков роли мало: входов 1 (45 тыс. KZT), выходов 0 (0 KZT); достижим от 7 seed; граница выгрузки (глубина 4)",False,4,1,0,45000.0,0.0,1,0,0.0,0.0,0.0005339,0.0,7,1,2026-07-10,2026-07-10,True,depth4_boundary
100000003062895100,terminal,0.5,9,0.6355,v0: признаки конечного получателя: входов 2 на 328 тыс. KZT; исходящих в выгрузке 0; достижим от 9 seed,False,2,2,0,328444.0,0.0,2,0,0.0,0.0,0.00040765,0.0,9,2,2026-07-12,2026-07-21,False,
100000003066385100,terminal,0.5,0,0.3899,v0: признаки конечного получателя: входов 2 на 20 тыс. KZT; исходящих в выгрузке 0; достижим от 7 seed,False,1,2,0,20000.0,0.0,2,0,0.0,0.0,0.00029154,0.0,7,2,2026-07-08,2026-07-09,False,
100000003068941100,consolidator,0.375,0,0.6198,v0: признаки консолидации (fan-in): входов 3 на 94 тыс. KZT; выходов 1 на 25 тыс. KZT; достижим от 7 seed,False,2,3,1,94000.0,25000.0,3,2,25000.0,0.266,0.00032017,1.981e-05,7,4,2026-07-18,2026-07-30,False,
100000003069463100,peripheral,0.3,25,0.3303,"v0: признаков роли мало: входов 1 (12 тыс. KZT), выходов 1 (18 тыс. KZT); достижим от 7 seed",False,3,1,1,11500.0,17920.0,1,1,11500.0,0.6417,0.00028845,1.962e-05,7,2,2026-07-16,2026-07-25,False,
100000003071649100,terminal,0.5,8,0.2806,v0: признаки конечного получателя: входов 1 на 190 тыс. KZT; исходящих в выгрузке 0; достижим от 9 seed,False,3,1,0,189500.0,0.0,1,0,0.0,0.0,0.00029533,0.0,9,1,2026-07-22,2026-07-22,False,
100000003071930100,consolidator,0.375,8,0.6598,v0: признаки консолидации (fan-in): входов 3 на 478 тыс. KZT; выходов 1 на 5 тыс. KZT; достижим от 8 seed,False,1,3,1,477610.0,5000.0,4,1,5000.0,0.0105,0.00034837,4.28e-05,8,5,2026-07-22,2026-07-30,False,
100000003072205100,peripheral,0.3,8,0.5467,"v0: признаков роли мало: входов 2 (163 тыс. KZT), выходов 0 (0 KZT); достижим от 8 seed; граница выгрузки (глубина 4)",False,4,2,0,163000.0,0.0,2,0,0.0,0.0,0.00031897,0.0,8,1,2026-07-27,2026-07-27,True,depth4_boundary
100000003072676100,terminal,0.5,16,0.2577,v0: признаки конечного получателя: входов 1 на 32 тыс. KZT; исходящих в выгрузке 0; достижим от 7 seed,False,3,1,0,31545.0,0.0,1,0,0.0,0.0,0.00029319,0.0,7,1,2026-07-08,2026-07-08,False,
100000003073398100,terminal,0.5,6,0.3374,v0: признаки конечного получателя: входов 1 на 93 тыс. KZT; исходящих в выгрузке 0; достижим от 1 seed,False,2,1,0,92960.0,0.0,1,0,0.0,0.0,0.00030319,0.0,1,1,2026-07-30,2026-07-30,False,
100000003073635100,terminal,0.5,3,0.3705,v0: признаки конечного получателя: входов 1 на 129 тыс. KZT; исходящих в выгрузке 0; достижим от 7 seed,False,3,1,0,129231.0,0.0,1,0,0.0,0.0,0.00031186,0.0,7,1,2026-07-25,2026-07-25,False,
100000003074515100,peripheral,0.3,8,0.3113,"v0: признаков роли мало: входов 1 (105 тыс. KZT), выходов 0 (0 KZT); достижим от 8 seed; граница выгрузки (глубина 4)",False,4,1,0,105000.0,0.0,1,0,0.0,0.0,0.00029938,0.0,8,1,2026-07-13,2026-07-13,True,depth4_boundary
100000003078839100,peripheral,0.3,3,0.3832,"v0: признаков роли мало: входов 1 (14 тыс. KZT), выходов 0 (0 KZT); достижим от 7 seed; граница выгрузки (глубина 4)",False,4,1,0,14000.0,0.0,2,0,0.0,0.0,0.00031479,0.0,7,2,2026-07-19,2026-07-23,True,depth4_boundary
100000003083865100,peripheral,0.3,7,0.2309,"v0: признаков роли мало: входов 1 (15 тыс. KZT), выходов 0 (0 KZT); достижим от 7 seed; граница выгрузки (глубина 4)",False,4,1,0,15000.0,0.0,1,0,0.0,0.0,0.00029118,0.0,7,1,2026-07-12,2026-07-12,True,depth4_boundary
100000003084870100,peripheral,0.3,13,0.435,"v0: признаков роли мало: входов 1 (6 тыс. KZT), выходов 0 (0 KZT); достижим от 2 seed; граница выгрузки (глубина 4)",False,4,1,0,6500.0,0.0,1,0,0.0,0.0,0.00034518,0.0,2,1,2026-07-08,2026-07-08,True,depth4_boundary
100000003086040100,terminal,0.5,0,0.5487,v0: признаки конечного получателя: входов 1 на 10 тыс. KZT; исходящих в выгрузке 0; достижим от 7 seed,False,2,1,0,10500.0,0.0,1,0,0.0,0.0,0.00054806,0.0,7,1,2026-07-04,2026-07-04,False,
100000003087877100,terminal,0.5,3,0.244,v0: признаки конечного получателя: входов 1 на 91 тыс. KZT; исходящих в выгрузке 0; достижим от 1 seed,False,3,1,0,91486.0,0.0,1,0,0.0,0.0,0.00029209,0.0,1,1,2026-07-11,2026-07-11,False,
100000003089018100,terminal,0.5,8,0.3532,v0: признаки конечного получателя: входов 1 на 230 тыс. KZT; исходящих в выгрузке 0; достижим от 1 seed,False,2,1,0,230000.0,0.0,1,0,0.0,0.0,0.00030721,0.0,1,1,2026-07-02,2026-07-02,False,
100000003089553100,terminal,0.5,9,0.3527,v0: признаки конечного получателя: входов 1 на 150 тыс. KZT; исходящих в выгрузке 0; достижим от 8 seed,False,3,1,0,150000.0,0.0,1,0,0.0,0.0,0.00030709,0.0,8,1,2026-07-14,2026-07-14,False,
100000003091142100,peripheral,0.3,0,0.4842,"v0: признаков роли мало: входов 1 (40 тыс. KZT), выходов 0 (0 KZT); достижим от 7 seed; граница выгрузки (глубина 4)",False,4,1,0,40000.0,0.0,1,0,0.0,0.0,0.00040986,0.0,7,1,2026-07-27,2026-07-27,True,depth4_boundary
100000003093299100,terminal,0.5,0,0.1427,v0: признаки конечного получателя: входов 1 на 15 тыс. KZT; исходящих в выгрузке 0; достижим от 7 seed,False,3,1,0,15000.0,0.0,1,0,0.0,0.0,0.00028641,0.0,7,1,2026-07-22,2026-07-22,False,
100000003095610100,terminal,0.5,7,0.2715,v0: признаки конечного получателя: входов 1 на 24 тыс. KZT; исходящих в выгрузке 0; достижим от 7 seed,False,3,1,0,23665.0,0.0,1,0,0.0,0.0,0.00029439,0.0,7,1,2026-07-06,2026-07-06,False,
100000003096787100,peripheral,0.3,7,0.2391,"v0: признаков роли мало: входов 1 (16 тыс. KZT), выходов 0 (0 KZT); достижим от 7 seed; граница выгрузки (глубина 4)",False,4,1,0,16400.0,0.0,1,0,0.0,0.0,0.00029171,0.0,7,1,2026-07-12,2026-07-12,True,depth4_boundary
100000003097324100,terminal,0.5,17,0.5612,v0: признаки конечного получателя: входов 2 на 294 тыс. KZT; исходящих в выгрузке 0; достижим от 9 seed,False,3,2,0,294000.0,0.0,2,0,0.0,0.0,0.00032601,0.0,9,1,2026-07-26,2026-07-26,False,
100000003097947100,peripheral,0.3,3,0.3979,"v0: признаков роли мало: входов 1 (53 тыс. KZT), выходов 0 (0 KZT); достижим от 7 seed; граница выгрузки (глубина 4)",False,4,1,0,52980.0,0.0,1,0,0.0,0.0,0.00032008,0.0,7,1,2026-07-24,2026-07-24,True,depth4_boundary
100000003102157100,terminal,0.5,0,0.3405,v0: признаки конечного получателя: входов 1 на 97 тыс. KZT; исходящих в выгрузке 0; достижим от 7 seed,False,1,1,0,96746.0,0.0,2,0,0.0,0.0,0.00030372,0.0,7,1,2026-07-13,2026-07-13,False,
100000003104347100,peripheral,0.3,21,0.6072,"v0: признаков роли мало: входов 1 (418 тыс. KZT), выходов 1 (32 тыс. KZT); достижим от 7 seed",False,2,1,1,418000.0,32000.0,1,1,32000.0,0.0766,0.00036432,1.922e-05,7,2,2026-07-05,2026-07-26,False,
100000003105089100,peripheral,0.3,20,0.3123,"v0: признаков роли мало: входов 1 (10 тыс. KZT), выходов 0 (0 KZT); достижим от 7 seed; граница выгрузки (глубина 4)",False,4,1,0,10000.0,0.0,1,0,0.0,0.0,0.00029944,0.0,7,1,2026-07-26,2026-07-26,True,depth4_boundary
100000003105929100,peripheral,0.3,5,0.4651,"v0: признаков роли мало: входов 1 (430 тыс. KZT), выходов 1 (156 тыс. KZT); достижим от 7 seed",False,3,1,1,429567.0,156354.0,2,1,156354.0,0.364,0.00029949,1.922e-05,7,2,2026-07-01,2026-07-05,False,
100000003109805100,terminal,0.5,16,0.2353,v0: признаки конечного получателя: входов 1 на 37 тыс. KZT; исходящих в выгрузке 0; достижим от 7 seed,False,3,1,0,36929.0,0.0,1,0,0.0,0.0,0.00029138,0.0,7,1,2026-07-21,2026-07-21,False,
100000003111305100,consolidator,0.5,26,0.7023,v0: признаки консолидации (fan-in): входов 4 на 509 тыс. KZT; выходов 0 на 0 KZT; достижим от 8 seed,False,3,4,0,509338.0,0.0,4,0,0.0,0.0,0.0004036,0.0,8,3,2026-07-07,2026-07-16,False,
100000003112436100,terminal,0.5,4,0.3309,v0: признаки конечного получателя: входов 1 на 100 тыс. KZT; исходящих в выгрузке 0; достижим от 7 seed,False,2,1,0,100000.0,0.0,1,0,0.0,0.0,0.00030213,0.0,7,1,2026-07-22,2026-07-22,False,
100000003112578100,terminal,0.5,13,0.2173,v0: признаки конечного получателя: входов 1 на 101 тыс. KZT; исходящих в выгрузке 0; достижим от 2 seed,False,3,1,0,101080.0,0.0,1,0,0.0,0.0,0.00029038,0.0,2,1,2026-07-01,2026-07-01,False,
100000003115284100,consolidator,1.0,11,0.8722,"v0: признаки консолидации (fan-in): входов 8 на 2,2 млн KZT; выходов 2 на 517 тыс. KZT; достижим от 11 seed",False,1,8,2,2160500.0,517000.0,15,4,517000.0,0.2393,0.00152864,0.0001278,11,6,2026-07-01,2026-07-19,False,
100000003116106100,terminal,0.5,5,0.3285,v0: признаки конечного получателя: входов 1 на 494 тыс. KZT; исходящих в выгрузке 0; достижим от 7 seed,False,3,1,0,494050.0,0.0,2,0,0.0,0.0,0.00030158,0.0,7,2,2026-07-26,2026-07-27,False,
100000003119550100,terminal,0.5,1,0.2114,v0: признаки конечного получателя: входов 1 на 21 тыс. KZT; исходящих в выгрузке 0; достижим от 1 seed,False,1,1,0,21000.0,0.0,1,0,0.0,0.0,0.00028998,0.0,1,1,2026-07-27,2026-07-27,False,
100000003122817100,terminal,0.5,25,0.4784,v0: признаки конечного получателя: входов 1 на 445 тыс. KZT; исходящих в выгрузке 0; достижим от 7 seed,False,3,1,0,444680.0,0.0,1,0,0.0,0.0,0.00039708,0.0,7,1,2026-07-16,2026-07-16,False,
100000003123296100,terminal,0.5,10,0.316,v0: признаки конечного получателя: входов 1 на 86 тыс. KZT; исходящих в выгрузке 0; достижим от 1 seed,False,1,1,0,86200.0,0.0,2,0,0.0,0.0,0.00029987,0.0,1,1,2026-07-14,2026-07-14,False,
100000003125997100,peripheral,0.3,9,0.5491,"v0: признаков роли мало: входов 1 (88 тыс. KZT), выходов 0 (0 KZT); достижим от 8 seed; граница выгрузки (глубина 4)",False,4,1,0,87750.0,0.0,1,0,0.0,0.0,0.00054837,0.0,8,1,2026-07-27,2026-07-27,True,depth4_boundary
100000003128638100,peripheral,0.3,8,0.4484,"v0: признаков роли мало: входов 1 (300 тыс. KZT), выходов 0 (0 KZT); достижим от 8 seed; граница выгрузки (глубина 4)",False,4,1,0,300000.0,0.0,1,0,0.0,0.0,0.00035819,0.0,8,1,2026-07-29,2026-07-29,True,depth4_boundary
100000003131016100,peripheral,0.3,3,0.7682,"v0: признаков роли мало: входов 1 (406 тыс. KZT), выходов 1 (126 тыс. KZT); достижим от 7 seed",False,2,1,1,405700.0,126000.0,7,4,126000.0,0.3106,0.00167746,0.0,7,9,2026-07-03,2026-07-31,False,
100000003131693100,terminal,0.5,2,0.4457,v0: признаки конечного получателя: входов 1 на 353 тыс. KZT; исходящих в выгрузке 0; достижим от 10 seed,False,1,1,0,353277.0,0.0,1,0,0.0,0.0,0.00035631,0.0,10,1,2026-07-24,2026-07-24,False,
100000003132484100,terminal,0.5,8,0.5411,v0: признаки конечного получателя: входов 1 на 90 тыс. KZT; исходящих в выгрузке 0; достижим от 1 seed,False,3,1,0,90000.0,0.0,1,0,0.0,0.0,0.00053882,0.0,1,1,2026-07-22,2026-07-22,False,
100000003133045100,peripheral,0.3,49,0.4194,"v0: признаков роли мало: входов 1 (68 тыс. KZT), выходов 0 (0 KZT); достижим от 7 seed; граница выгрузки (глубина 4)",False,4,1,0,68000.0,0.0,1,0,0.0,0.0,0.00033305,0.0,7,1,2026-07-08,2026-07-08,True,depth4_boundary
100000003134474100,terminal,0.5,5,0.1992,v0: признаки конечного получателя: входов 1 на 116 тыс. KZT; исходящих в выгрузке 0; достижим от 7 seed,False,3,1,0,116000.0,0.0,1,0,0.0,0.0,0.00028933,0.0,7,1,2026-07-18,2026-07-18,False,
100000003134550100,peripheral,0.3,9,0.3065,"v0: признаков роли мало: входов 1 (100 тыс. KZT), выходов 0 (0 KZT); достижим от 8 seed; граница выгрузки (глубина 4)",False,4,1,0,100000.0,0.0,1,0,0.0,0.0,0.00029885,0.0,8,1,2026-07-17,2026-07-17,True,depth4_boundary
100000003134934100,consolidator,0.5,0,0.7098,v0: признаки консолидации (fan-in): входов 4 на 379 тыс. KZT; выходов 0 на 0 KZT; достижим от 9 seed,False,2,4,0,379354.0,0.0,4,0,0.0,0.0,0.00042448,0.0,9,3,2026-07-08,2026-07-30,False,
100000003134937100,terminal,0.5,4,0.1465,v0: признаки конечного получателя: входов 1 на 10 тыс. KZT; исходящих в выгрузке 0; достижим от 7 seed,False,1,1,0,10286.0,0.0,1,0,0.0,0.0,0.00028668,0.0,7,1,2026-07-21,2026-07-21,False,
100000003146511100,peripheral,0.3,12,0.3703,"v0: признаков роли мало: входов 1 (10 тыс. KZT), выходов 0 (0 KZT); достижим от 7 seed; граница выгрузки (глубина 4)",False,4,1,0,10000.0,0.0,1,0,0.0,0.0,0.00031181,0.0,7,1,2026-07-06,2026-07-06,True,depth4_boundary
100000003147719100,terminal,0.5,8,0.2233,v0: признаки конечного получателя: входов 1 на 100 тыс. KZT; исходящих в выгрузке 0; достижим от 9 seed,False,3,1,0,100000.0,0.0,1,0,0.0,0.0,0.00029072,0.0,9,1,2026-07-29,2026-07-29,False,
100000003148220100,peripheral,0.3,56,0.798,"v0: признаков роли мало: входов 1 (6 тыс. KZT), выходов 2 (43 тыс. KZT); достижим от 1 seed",False,1,1,2,5650.0,43400.0,1,4,5650.0,0.1302,0.00091824,4e-07,1,5,2026-07-08,2026-07-23,False,
100000003149149100,terminal,0.5,5,0.2615,v0: признаки конечного получателя: входов 1 на 245 тыс. KZT; исходящих в выгрузке 0; достижим от 7 seed,False,3,1,0,245000.0,0.0,1,0,0.0,0.0,0.00029351,0.0,7,1,2026-07-07,2026-07-07,False,
100000003152964100,peripheral,0.3,3,0.534,"v0: признаков роли мало: входов 1 (142 тыс. KZT), выходов 1 (6 тыс. KZT); достижим от 7 seed",False,3,1,1,141847.0,5500.0,1,1,5500.0,0.0388,0.00031443,1.922e-05,7,2,2026-07-25,2026-07-28,False,
100000003154105100,peripheral,0.3,20,0.8036,"v0: признаков роли мало: входов 1 (60 тыс. KZT), выходов 7 (338 тыс. KZT); достижим от 7 seed",False,3,1,7,60000.0,338000.0,1,9,60000.0,0.1775,0.00055068,0.00014009,7,6,2026-07-07,2026-07-26,False,
100000003157333100,terminal,0.5,6,0.2328,v0: признаки конечного получателя: входов 1 на 30 тыс. KZT; исходящих в выгрузке 0; достижим от 1 seed,False,2,1,0,30000.0,0.0,1,0,0.0,0.0,0.00029126,0.0,1,1,2026-07-27,2026-07-27,False,
100000003157679100,consolidator,0.5,8,0.6818,v0: признаки консолидации (fan-in): входов 4 на 541 тыс. KZT; выходов 0 на 0 KZT; достижим от 9 seed,False,3,4,0,541000.0,0.0,4,0,0.0,0.0,0.00037285,0.0,9,3,2026-07-13,2026-07-29,False,
100000003158727100,consolidator,0.375,6,0.5776,v0: признаки консолидации (fan-in): входов 3 на 368 тыс. KZT; выходов 0 на 0 KZT; достижим от 9 seed,False,1,3,0,367940.0,0.0,3,0,0.0,0.0,0.00031413,0.0,9,2,2026-07-18,2026-07-23,False,
100000003159641100,consolidator,0.5,15,0.5781,v0: признаки консолидации (fan-in): входов 4 на 64 тыс. KZT; выходов 1 на 198 тыс. KZT; достижим от 7 seed,False,2,4,1,64000.0,197800.0,7,1,64000.0,0.3236,0.00030522,5.885e-05,7,5,2026-07-21,2026-07-31,False,
100000003163256100,transit,0.4383,4,0.3045,"v0: признаки транзита: вход 13 тыс. KZT, выход 15 тыс. KZT; доля прохода 0.90, входов 1, выходов 1; достижим от 7 seed",False,1,1,1,13485.0,15000.0,1,1,13485.0,0.899,0.00028702,1.922e-05,7,2,2026-07-02,2026-07-07,False,
100000003163886100,terminal,0.5,53,0.586,v0: признаки конечного получателя: входов 1 на 500 тыс. KZT; исходящих в выгрузке 0; достижим от 10 seed,False,3,1,0,500000.0,0.0,1,0,0.0,0.0,0.00073384,0.0,10,1,2026-07-17,2026-07-17,False,
100000003164661100,terminal,0.5,28,0.5682,v0: признаки конечного получателя: входов 1 на 596 тыс. KZT; исходящих в выгрузке 0; достижим от 1 seed,False,3,1,0,596200.0,0.0,3,0,0.0,0.0,0.00060074,0.0,1,3,2026-07-14,2026-07-21,False,
100000003166017100,peripheral,0.3,7,0.2309,"v0: признаков роли мало: входов 1 (15 тыс. KZT), выходов 0 (0 KZT); достижим от 7 seed; граница выгрузки (глубина 4)",False,4,1,0,15000.0,0.0,1,0,0.0,0.0,0.00029118,0.0,7,1,2026-07-23,2026-07-23,True,depth4_boundary
100000003166755100,terminal,0.5,2,0.2004,v0: признаки конечного получателя: входов 1 на 24 тыс. KZT; исходящих в выгрузке 0; достижим от 7 seed,False,2,1,0,24010.0,0.0,1,0,0.0,0.0,0.00028935,0.0,7,1,2026-07-08,2026-07-08,False,
100000003171006100,terminal,0.5,8,0.5743,v0: признаки конечного получателя: входов 2 на 485 тыс. KZT; исходящих в выгрузке 0; достижим от 9 seed,False,3,2,0,485000.0,0.0,2,0,0.0,0.0,0.00033497,0.0,9,1,2026-07-25,2026-07-25,False,
100000003171587100,peripheral,0.3,5,0.6075,"v0: признаков роли мало: входов 2 (700 тыс. KZT), выходов 2 (431 тыс. KZT); достижим от 7 seed",False,3,2,2,700000.0,431300.0,2,7,431300.0,0.6161,0.00031602,3.884e-05,7,8,2026-07-01,2026-07-29,False,
100000003173783100,peripheral,0.3,29,0.4372,"v0: признаков роли мало: входов 1 (24 тыс. KZT), выходов 0 (0 KZT); достижим от 7 seed; граница выгрузки (глубина 4)",False,4,1,0,23500.0,0.0,2,0,0.0,0.0,0.00034682,0.0,7,2,2026-07-09,2026-07-14,True,depth4_boundary
100000003177533100,peripheral,0.3,3,0.4263,"v0: признаков роли мало: входов 1 (20 тыс. KZT), выходов 0 (0 KZT); достижим от 7 seed; граница выгрузки (глубина 4)",False,4,1,0,20000.0,0.0,3,0,0.0,0.0,0.0003382,0.0,7,1,2026-07-13,2026-07-13,True,depth4_boundary
100000003178549100,peripheral,0.3,16,0.6843,"v0: признаков роли мало: входов 2 (250 тыс. KZT), выходов 4 (89 тыс. KZT); достижим от 7 seed",False,3,2,4,250000.0,89080.0,2,4,89080.0,0.3563,0.00035216,0.00027212,7,5,2026-07-02,2026-07-16,False,
100000003180305100,peripheral,0.3,0,0.522,"v0: признаков роли мало: входов 1 (144 тыс. KZT), выходов 0 (0 KZT); достижим от 7 seed; граница выгрузки (глубина 4)",False,4,1,0,144000.0,0.0,1,0,0.0,0.0,0.00052806,0.0,7,1,2026-07-02,2026-07-02,True,depth4_boundary
100000003180820100,peripheral,0.3,8,0.3067,"v0: признаков роли мало: входов 1 (101 тыс. KZT), выходов 0 (0 KZT); достижим от 8 seed; граница выгрузки (глубина 4)",False,4,1,0,101000.0,0.0,1,0,0.0,0.0,0.00029886,0.0,8,1,2026-07-14,2026-07-14,True,depth4_boundary
100000003186579100,peripheral,0.3,3,0.5195,"v0: признаков роли мало: входов 1 (110 тыс. KZT), выходов 0 (0 KZT); достижим от 7 seed; граница выгрузки (глубина 4)",False,4,1,0,110000.0,0.0,2,0,0.0,0.0,0.00051518,0.0,7,2,2026-07-06,2026-07-19,True,depth4_boundary
100000003187359100,terminal,0.5,1,0.2035,v0: признаки конечного получателя: входов 1 на 19 тыс. KZT; исходящих в выгрузке 0; достижим от 1 seed,False,1,1,0,19072.0,0.0,1,0,0.0,0.0,0.00028957,0.0,1,1,2026-07-22,2026-07-22,False,
100000003188607100,peripheral,0.3,6,0.5354,"v0: признаков роли мало: входов 1 (18 тыс. KZT), выходов 1 (5 тыс. KZT); достижим от 1 seed",False,2,1,1,18000.0,5000.0,1,1,5000.0,0.2778,0.00031476,5.9e-07,1,2,2026-07-03,2026-07-26,False,
100000003190207100,peripheral,0.3,19,0.4612,"v0: признаков роли мало: входов 1 (5 тыс. KZT), выходов 1 (377 тыс. KZT); достижим от 8 seed",False,3,1,1,5000.0,377000.0,1,8,5000.0,0.0133,0.00029913,2.1e-05,8,8,2026-07-07,2026-07-23,False,
100000003191430100,terminal,0.5,4,0.5273,v0: признаки конечного получателя: входов 1 на 180 тыс. KZT; исходящих в выгрузке 0; достижим от 7 seed,False,2,1,0,180000.0,0.0,1,0,0.0,0.0,0.00053074,0.0,7,1,2026-07-08,2026-07-08,False,
100000003192220100,terminal,0.5,52,0.5162,v0: признаки конечного получателя: входов 1 на 60 тыс. KZT; исходящих в выгрузке 0; достижим от 7 seed,False,2,1,0,60000.0,0.0,2,0,0.0,0.0,0.00050317,0.0,7,2,2026-07-03,2026-07-05,False,
100000003192309100,peripheral,0.3,1,0.3247,"v0: признаков роли мало: входов 1 (17 тыс. KZT), выходов 1 (213 тыс. KZT); достижим от 1 seed",False,3,1,1,17200.0,213000.0,1,1,17200.0,0.0808,0.00028825,1.39e-06,1,2,2026-07-07,2026-07-23,False,
100000003194831100,peripheral,0.3,7,0.2246,"v0: признаков роли мало: входов 1 (6 тыс. KZT), выходов 0 (0 KZT); достижим от 1 seed; граница выгрузки (глубина 4)",False,4,1,0,6265.0,0.0,1,0,0.0,0.0,0.00029083,0.0,1,1,2026-07-25,2026-07-25,True,depth4_boundary
100000003199390100,peripheral,0.3,5,0.4639,"v0: признаков роли мало: входов 1 (260 тыс. KZT), выходов 0 (0 KZT); достижим от 7 seed; граница выгрузки (глубина 4)",False,4,1,0,260000.0,0.0,1,0,0.0,0.0,0.00037663,0.0,7,1,2026-07-16,2026-07-16,True,depth4_boundary
100000003200071100,peripheral,0.3,66,0.2317,"v0: признаков роли мало: входов 0 (0 KZT), выходов 1 (30 тыс. KZT); seed, входы неполны",True,0,0,1,0.0,30000.0,0,1,0.0,0.0,0.00028557,0.0,0,1,2026-07-21,2026-07-21,False,seed_inflow_incomplete
100000003204491100,peripheral,0.3,0,0.4542,"v0: признаков роли мало: входов 1 (140 тыс. KZT), выходов 1 (100 тыс. KZT); достижим от 7 seed",False,3,1,1,140000.0,100000.0,1,2,100000.0,0.7143,0.00029798,1.922e-05,7,1,2026-07-20,2026-07-20,False,
100000003205210100,terminal,0.5,2,0.3756,v0: признаки конечного получателя: входов 1 на 138 тыс. KZT; исходящих в выгрузке 0; достижим от 10 seed,False,1,1,0,137563.0,0.0,1,0,0.0,0.0,0.00031311,0.0,10,1,2026-07-24,2026-07-24,False,
100000003207060100,peripheral,0.3,0,0.4902,"v0: признаков роли мало: входов 1 (53 тыс. KZT), выходов 0 (0 KZT); достижим от 7 seed; граница выгрузки (глубина 4)",False,4,1,0,53000.0,0.0,1,0,0.0,0.0,0.00042744,0.0,7,1,2026-07-06,2026-07-06,True,depth4_boundary
100000003213473100,distributor,0.44,0,0.4479,v0: признаки распределения (fan-out): выходов 11 на 240 тыс. KZT; входов 1 на 58 тыс. KZT; достижим от 7 seed,False,3,1,11,57500.0,240000.0,2,12,57500.0,0.2396,0.00028881,0.00010973,7,12,2026-07-02,2026-07-31,False,
100000003214786100,peripheral,0.3,0,0.4867,"v0: признаков роли мало: входов 1 (5 тыс. KZT), выходов 0 (0 KZT); достижим от 7 seed; граница выгрузки (глубина 4)",False,4,1,0,5000.0,0.0,1,0,0.0,0.0,0.00042028,0.0,7,1,2026-07-22,2026-07-22,True,depth4_boundary
100000003215448100,peripheral,0.3,3,0.5391,"v0: признаков роли мало: входов 1 (91 тыс. KZT), выходов 2 (124 тыс. KZT); достижим от 7 seed",False,3,1,2,91309.0,124000.0,1,4,91309.0,0.7364,0.00030415,3.844e-05,7,4,2026-07-06,2026-07-23,False,
100000003216073100,peripheral,0.3,3,0.3227,"v0: признаков роли мало: входов 1 (37 тыс. KZT), выходов 1 (70 тыс. KZT); достижим от 1 seed",False,3,1,1,37001.0,70000.0,1,1,37001.0,0.5286,0.0002882,7.9e-07,1,2,2026-07-14,2026-07-17,False,
100000003218308100,terminal,0.5,0,0.1394,v0: признаки конечного получателя: входов 1 на 11 тыс. KZT; исходящих в выгрузке 0; достижим от 7 seed,False,3,1,0,11165.0,0.0,1,0,0.0,0.0,0.0002862,0.0,7,1,2026-07-20,2026-07-20,False,
100000003219438100,terminal,0.5,32,0.4986,v0: признаки конечного получателя: входов 1 на 32 тыс. KZT; исходящих в выгрузке 0; достижим от 7 seed,False,2,1,0,32000.0,0.0,1,0,0.0,0.0,0.00044716,0.0,7,1,2026-07-24,2026-07-24,False,
100000003220685100,peripheral,0.3,5,0.5393,"v0: признаков роли мало: входов 1 (1,3 млн KZT), выходов 0 (0 KZT); достижим от 7 seed; граница выгрузки (глубина 4)",False,4,1,0,1306000.0,0.0,2,0,0.0,0.0,0.0005376,0.0,7,1,2026-07-15,2026-07-15,True,depth4_boundary
100000003221384100,terminal,0.5,15,0.4988,v0: признаки конечного получателя: входов 1 на 511 тыс. KZT; исходящих в выгрузке 0; достижим от 7 seed,False,2,1,0,511200.0,0.0,1,0,0.0,0.0,0.0004482,0.0,7,1,2026-07-28,2026-07-28,False,
100000003221510100,peripheral,0.3,0,0.3487,"v0: признаков роли мало: входов 1 (24 тыс. KZT), выходов 2 (120 тыс. KZT); достижим от 7 seed",False,3,1,2,24000.0,120000.0,1,3,24000.0,0.2,0.00028692,3.844e-05,7,3,2026-07-08,2026-07-23,False,
100000003230328100,consolidator,0.375,0,0.6392,v0: признаки консолидации (fan-in): входов 3 на 27 тыс. KZT; выходов 0 на 0 KZT; достижим от 7 seed; граница выгрузки (глубина 4),False,4,3,0,26572.0,0.0,3,0,0.0,0.0,0.00035168,0.0,7,3,2026-07-23,2026-07-26,True,depth4_boundary
100000003230329100,peripheral,0.3,8,0.3173,"v0: признаков роли мало: входов 1 (110 тыс. KZT), выходов 0 (0 KZT); достижим от 8 seed; граница выгрузки (глубина 4)",False,4,1,0,110000.0,0.0,1,0,0.0,0.0,0.00030004,0.0,8,1,2026-07-20,2026-07-20,True,depth4_boundary
100000003232675100,peripheral,0.3,12,0.4806,"v0: признаков роли мало: входов 1 (44 тыс. KZT), выходов 0 (0 KZT); достижим от 7 seed; граница выгрузки (глубина 4)",False,4,1,0,44000.0,0.0,2,0,0.0,0.0,0.00040104,0.0,7,1,2026-07-06,2026-07-06,True,depth4_boundary
100000003235780100,terminal,0.5,0,0.3839,v0: признаки конечного получателя: входов 2 на 65 тыс. KZT; исходящих в выгрузке 0; достижим от 7 seed,False,1,2,0,65000.0,0.0,2,0,0.0,0.0,0.0002912,0.0,7,2,2026-07-10,2026-07-12,False,
100000003237045100,peripheral,0.3,4,0.6281,"v0: признаков роли мало: входов 1 (340 тыс. KZT), выходов 1 (150 тыс. KZT); достижим от 7 seed",False,2,1,1,340200.0,150000.0,2,1,150000.0,0.4409,0.00039413,0.0,7,2,2026-07-10,2026-07-24,False,
100000003239379100,terminal,0.5,10,0.3245,v0: признаки конечного получателя: входов 1 на 92 тыс. KZT; исходящих в выгрузке 0; достижим от 1 seed,False,1,1,0,92500.0,0.0,1,0,0.0,0.0,0.00030092,0.0,1,1,2026-07-12,2026-07-12,False,
100000003239859100,terminal,0.5,10,0.1831,v0: признаки конечного получателя: входов 1 на 19 тыс. KZT; исходящих в выгрузке 0; достижим от 1 seed,False,1,1,0,18600.0,0.0,1,0,0.0,0.0,0.00028866,0.0,1,1,2026-07-14,2026-07-14,False,
100000003241965100,terminal,0.5,7,0.2304,v0: признаки конечного получателя: входов 1 на 15 тыс. KZT; исходящих в выгрузке 0; достижим от 7 seed,False,3,1,0,15000.0,0.0,1,0,0.0,0.0,0.00029116,0.0,7,1,2026-07-06,2026-07-06,False,
100000003242289100,coordinator,1.0,16,0.7655,"v0: признаки gather-scatter: входов 3 на 551 тыс. KZT, выходов 23 на 2,4 млн KZT; betweenness 0.0010; достижим от 7 seed",False,2,3,23,550791.0,2377741.0,8,26,550791.0,0.2316,0.00043972,0.00100135,7,17,2026-07-02,2026-07-31,False,
100000003242795100,terminal,0.5,5,0.1939,v0: признаки конечного получателя: входов 1 на 111 тыс. KZT; исходящих в выгрузке 0; достижим от 7 seed,False,3,1,0,111000.0,0.0,1,0,0.0,0.0,0.00028917,0.0,7,1,2026-07-16,2026-07-16,False,
100000003246024100,peripheral,0.3,3,0.6125,"v0: признаков роли мало: входов 1 (25 тыс. KZT), выходов 1 (5 тыс. KZT); достижим от 7 seed",False,2,1,1,25000.0,5000.0,1,1,5000.0,0.2,0.00037134,0.00161169,7,1,2026-07-03,2026-07-03,False,
100000003247600100,peripheral,0.3,2,0.594,"v0: признаков роли мало: входов 1 (58 тыс. KZT), выходов 0 (0 KZT); достижим от 7 seed; граница выгрузки (глубина 4)",False,4,1,0,58000.0,0.0,1,0,0.0,0.0,0.00084121,0.0,7,1,2026-07-13,2026-07-13,True,depth4_boundary
100000003249054100,consolidator,0.875,2,0.7456,v0: признаки консолидации (fan-in): входов 7 на 100 тыс. KZT; выходов 1 на 15 тыс. KZT; достижим от 7 seed,False,2,7,1,99700.0,15000.0,11,1,15000.0,0.1505,0.00043146,3.963e-05,7,9,2026-07-11,2026-07-31,False,
100000003252446100,peripheral,0.3,9,0.3169,"v0: признаков роли мало: входов 1 (109 тыс. KZT), выходов 0 (0 KZT); достижим от 8 seed; граница выгрузки (глубина 4)",False,4,1,0,108600.0,0.0,1,0,0.0,0.0,0.00029999,0.0,8,1,2026-07-14,2026-07-14,True,depth4_boundary
100000003254277100,transit,0.5729,0,0.3285,"v0: признаки транзита: вход 49 тыс. KZT, выход 45 тыс. KZT; доля прохода 0.91, входов 1, выходов 1; достижим от 7 seed",False,3,1,1,49200.0,44997.0,1,1,44997.0,0.9146,0.00028834,1.922e-05,7,1,2026-07-06,2026-07-06,False,
100000003254723100,terminal,0.5,2,0.5251,v0: признаки конечного получателя: входов 1 на 270 тыс. KZT; исходящих в выгрузке 0; достижим от 10 seed,False,2,1,0,269850.0,0.0,6,0,0.0,0.0,0.00053004,0.0,10,6,2026-07-05,2026-07-27,False,
100000003265158100,consolidator,0.375,10,0.7013,v0: признаки консолидации (fan-in): входов 3 на 146 тыс. KZT; выходов 2 на 154 тыс. KZT; достижим от 9 seed,False,1,3,2,146100.4,154200.0,3,4,146100.4,0.9475,0.00038467,0.00017655,9,3,2026-07-08,2026-07-30,False,
100000003265658100,peripheral,0.3,71,0.1066,"v0: переводов в выгрузке нет; глубина 0; seed, входы неполны",True,0,0,0,0.0,0.0,0,0,0.0,0.0,0.00028557,0.0,0,0,,,False,seed_inflow_incomplete;isolated
100000003270419100,terminal,0.5,12,0.5934,v0: признаки конечного получателя: входов 1 на 150 тыс. KZT; исходящих в выгрузке 0; достижим от 10 seed,False,3,1,0,150000.0,0.0,1,0,0.0,0.0,0.00083348,0.0,10,1,2026-07-19,2026-07-19,False,
100000003271151100,terminal,0.5,3,0.3685,v0: признаки конечного получателя: входов 1 на 127 тыс. KZT; исходящих в выгрузке 0; достижим от 7 seed,False,3,1,0,127294.0,0.0,1,0,0.0,0.0,0.00031147,0.0,7,1,2026-07-18,2026-07-18,False,
100000003275398100,peripheral,0.3,23,0.647,"v0: признаков роли мало: входов 1 (300 тыс. KZT), выходов 1 (20 тыс. KZT); достижим от 1 seed",False,2,1,1,300000.0,20000.0,1,1,20000.0,0.0667,0.00043425,0.0,1,2,2026-07-01,2026-07-02,False,
100000003278020100,terminal,0.5,0,0.4068,v0: признаки конечного получателя: входов 1 на 190 тыс. KZT; исходящих в выгрузке 0; достижим от 7 seed,False,2,1,0,190000.0,0.0,1,0,0.0,0.0,0.00032455,0.0,7,1,2026-07-18,2026-07-18,False,
100000003284932100,terminal,0.5,2,0.3131,v0: признаки конечного получателя: входов 1 на 70 тыс. KZT; исходящих в выгрузке 0; достижим от 10 seed,False,1,1,0,69925.0,0.0,1,0,0.0,0.0,0.00029957,0.0,10,1,2026-07-18,2026-07-18,False,
100000003286537100,terminal,0.5,8,0.4775,v0: признаки конечного получателя: входов 2 на 153 тыс. KZT; исходящих в выгрузке 0; достижим от 8 seed,False,3,2,0,153000.0,0.0,2,0,0.0,0.0,0.00030109,0.0,8,1,2026-07-28,2026-07-28,False,
100000003289281100,peripheral,0.3,0,0.5671,"v0: признаков роли мало: входов 1 (40 тыс. KZT), выходов 0 (0 KZT); достижим от 7 seed; граница выгрузки (глубина 4)",False,4,1,0,40000.0,0.0,1,0,0.0,0.0,0.00059672,0.0,7,1,2026-07-25,2026-07-25,True,depth4_boundary
100000003289405100,terminal,0.5,2,0.4281,v0: признаки конечного получателя: входов 1 на 355 тыс. KZT; исходящих в выгрузке 0; достижим от 1 seed,False,2,1,0,355000.0,0.0,1,0,0.0,0.0,0.000339,0.0,1,1,2026-07-24,2026-07-24,False,
100000003292191100,terminal,0.5,17,0.3142,v0: признаки конечного получателя: входов 1 на 112 тыс. KZT; исходящих в выгрузке 0; достижим от 8 seed,False,3,1,0,112000.0,0.0,1,0,0.0,0.0,0.00029963,0.0,8,1,2026-07-30,2026-07-30,False,
100000003292979100,terminal,0.5,2,0.4154,v0: признаки конечного получателя: входов 1 на 49 тыс. KZT; исходящих в выгрузке 0; достижим от 10 seed,False,2,1,0,48950.0,0.0,1,0,0.0,0.0,0.00033031,0.0,10,1,2026-07-18,2026-07-18,False,
100000003293377100,terminal,0.5,5,0.1532,v0: признаки конечного получателя: входов 1 на 50 тыс. KZT; исходящих в выгрузке 0; достижим от 7 seed,False,3,1,0,50000.0,0.0,1,0,0.0,0.0,0.00028719,0.0,7,1,2026-07-05,2026-07-05,False,
100000003299365100,transit,1.0,2,0.5607,"v0: признаки транзита: вход 200 тыс. KZT, выход 200 тыс. KZT; доля прохода 1.00, входов 1, выходов 1; достижим от 10 seed",False,1,1,1,200000.0,200000.0,1,1,200000.0,1.0,0.00032562,0.0,10,1,2026-07-26,2026-07-26,False,
100000003321423100,terminal,0.5,11,0.5794,v0: признаки конечного получателя: входов 1 на 100 тыс. KZT; исходящих в выгрузке 0; достижим от 8 seed,False,2,1,0,100000.0,0.0,2,0,0.0,0.0,0.0006711,0.0,8,2,2026-07-15,2026-07-30,False,
100000003321895100,peripheral,0.3,60,0.5651,"v0: признаков роли мало: входов 1 (24 тыс. KZT), выходов 2 (554 тыс. KZT); достижим от 7 seed",False,3,1,2,24000.0,553830.0,1,3,24000.0,0.0433,0.00031126,3.963e-05,7,4,2026-07-06,2026-07-24,False,
100000003336565100,terminal,0.5,1,0.2313,v0: признаки конечного получателя: входов 1 на 17 тыс. KZT; исходящих в выгрузке 0; достижим от 1 seed,False,2,1,0,16550.0,0.0,1,0,0.0,0.0,0.00029119,0.0,1,1,2026-07-09,2026-07-09,False,
100000003338583100,terminal,0.5,23,0.2148,v0: признаки конечного получателя: входов 1 на 22 тыс. KZT; исходящих в выгрузке 0; достижим от 1 seed,False,3,1,0,21765.0,0.0,1,0,0.0,0.0,0.00029016,0.0,1,1,2026-07-27,2026-07-27,False,
100000003345947100,peripheral,0.3,3,0.5133,"v0: признаков роли мало: входов 1 (80 тыс. KZT), выходов 0 (0 KZT); достижим от 7 seed; граница выгрузки (глубина 4)",False,4,1,0,79500.0,0.0,6,0,0.0,0.0,0.00049477,0.0,7,1,2026-07-13,2026-07-13,True,depth4_boundary
100000003349739100,peripheral,0.3,72,0.1066,"v0: переводов в выгрузке нет; глубина 0; seed, входы неполны",True,0,0,0,0.0,0.0,0,0,0.0,0.0,0.00028557,0.0,0,0,,,False,seed_inflow_incomplete;isolated
100000003360542100,peripheral,0.3,11,0.8346,"v0: признаков роли мало: входов 2 (317 тыс. KZT), выходов 2 (52 тыс. KZT); достижим от 11 seed",False,2,2,2,317000.0,51800.0,3,5,51800.0,0.1634,0.00145643,9.9e-07,11,8,2026-07-01,2026-07-19,False,
100000003366154100,peripheral,0.3,2,0.5867,"v0: признаков роли мало: входов 1 (125 тыс. KZT), выходов 3 (289 тыс. KZT); достижим от 10 seed",False,1,1,3,125000.0,289170.0,1,3,125000.0,0.4323,0.0003106,6.147e-05,10,1,2026-07-18,2026-07-18,False,
100000003366471100,peripheral,0.3,3,0.6483,"v0: признаков роли мало: входов 2 (330 тыс. KZT), выходов 1 (20 тыс. KZT); достижим от 7 seed",False,3,2,1,329789.0,20000.0,5,1,20000.0,0.0606,0.00036049,1.922e-05,7,4,2026-07-01,2026-07-28,False,
100000003370425100,peripheral,0.3,12,0.5758,"v0: признаков роли мало: входов 1 (20 тыс. KZT), выходов 0 (0 KZT); достижим от 7 seed; граница выгрузки (глубина 4)",False,4,1,0,20000.0,0.0,1,0,0.0,0.0,0.00064795,0.0,7,1,2026-07-21,2026-07-21,True,depth4_boundary
100000003377795100,terminal,0.5,6,0.1365,v0: признаки конечного получателя: входов 1 на 7 тыс. KZT; исходящих в выгрузке 0; достижим от 1 seed,False,1,1,0,7000.0,0.0,1,0,0.0,0.0,0.00028597,0.0,1,1,2026-07-08,2026-07-08,False,
100000003390036100,peripheral,0.3,11,0.8319,"v0: признаков роли мало: входов 2 (231 тыс. KZT), выходов 2 (62 тыс. KZT); достижим от 11 seed",False,2,2,2,231300.0,62000.0,4,2,62000.0,0.2681,0.00132422,7.827e-05,11,5,2026-07-05,2026-07-19,False,
100000003404627100,consolidator,0.5,9,0.8333,v0: признаки консолидации (fan-in): входов 4 на 878 тыс. KZT; выходов 0 на 0 KZT; достижим от 11 seed,False,1,4,0,877700.0,0.0,5,0,0.0,0.0,0.00137858,0.0,11,2,2026-07-10,2026-07-13,False,
100000003406094100,peripheral,0.3,4,0.8101,"v0: признаков роли мало: входов 1 (70 тыс. KZT), выходов 3 (47 тыс. KZT); достижим от 7 seed",False,3,1,3,70000.0,47000.0,4,3,47000.0,0.6714,0.00077815,3.884e-05,7,7,2026-07-10,2026-07-31,False,
100000003447411100,peripheral,0.3,3,0.3474,"v0: признаков роли мало: входов 1 (302 тыс. KZT), выходов 0 (0 KZT); достижим от 7 seed; граница выгрузки (глубина 4)",False,4,1,0,302000.0,0.0,3,0,0.0,0.0,0.00030582,0.0,7,3,2026-07-14,2026-07-22,True,depth4_boundary
100000003448713100,peripheral,0.3,3,0.3391,"v0: признаков роли мало: входов 1 (267 тыс. KZT), выходов 0 (0 KZT); достижим от 7 seed; граница выгрузки (глубина 4)",False,4,1,0,266750.0,0.0,1,0,0.0,0.0,0.00030345,0.0,7,1,2026-07-16,2026-07-16,True,depth4_boundary
100000003449074100,terminal,0.5,0,0.1577,v0: признаки конечного получателя: входов 1 на 10 тыс. KZT; исходящих в выгрузке 0; достижим от 7 seed,False,1,1,0,10000.0,0.0,1,0,0.0,0.0,0.00028745,0.0,7,1,2026-07-02,2026-07-02,False,
100000003457710100,peripheral,0.3,5,0.4406,"v0: признаков роли мало: входов 1 (327 тыс. KZT), выходов 1 (1,3 млн KZT); достижим от 7 seed",False,3,1,1,326555.0,1306000.0,1,2,326555.0,0.25,0.00029615,1.922e-05,7,1,2026-07-15,2026-07-15,False,
100000003470579100,peripheral,0.3,25,0.5602,"v0: признаков роли мало: входов 1 (357 тыс. KZT), выходов 0 (0 KZT); достижим от 7 seed; граница выгрузки (глубина 4)",False,4,1,0,357000.0,0.0,2,0,0.0,0.0,0.00056853,0.0,7,2,2026-07-14,2026-07-19,True,depth4_boundary
100000003476560100,terminal,0.5,2,0.2831,v0: признаки конечного получателя: входов 1 на 50 тыс. KZT; исходящих в выгрузке 0; достижим от 10 seed,False,1,1,0,50000.0,0.0,1,0,0.0,0.0,0.00029558,0.0,10,1,2026-07-15,2026-07-15,False,
100000003481025100,peripheral,0.3,0,0.5289,"v0: признаков роли мало: входов 1 (9 тыс. KZT), выходов 0 (0 KZT); достижим от 7 seed; граница выгрузки (глубина 4)",False,4,1,0,9000.0,0.0,1,0,0.0,0.0,0.00053103,0.0,7,1,2026-07-08,2026-07-08,True,depth4_boundary
100000003484058100,peripheral,0.3,14,0.54,"v0: признаков роли мало: входов 1 (110 тыс. KZT), выходов 1 (6 тыс. KZT); достижим от 7 seed",False,3,1,1,110000.0,6000.0,1,1,6000.0,0.0545,0.00031666,1.922e-05,7,2,2026-07-06,2026-07-19,False,
100000003486846100,peripheral,0.3,4,0.5293,"v0: признаков роли мало: входов 1 (27 тыс. KZT), выходов 0 (0 KZT); достижим от 7 seed; граница выгрузки (глубина 4)",False,4,1,0,27000.0,0.0,2,0,0.0,0.0,0.00053114,0.0,7,2,2026-07-12,2026-07-14,True,depth4_boundary
100000003486970100,terminal,0.5,5,0.219,v0: признаки конечного получателя: входов 1 на 150 тыс. KZT; исходящих в выгрузке 0; достижим от 7 seed,False,3,1,0,150000.0,0.0,1,0,0.0,0.0,0.00029043,0.0,7,1,2026-07-11,2026-07-11,False,
100000003497735100,terminal,0.5,18,0.3516,v0: признаки конечного получателя: входов 1 на 125 тыс. KZT; исходящих в выгрузке 0; достижим от 7 seed,False,3,1,0,125000.0,0.0,1,0,0.0,0.0,0.00030695,0.0,7,1,2026-07-26,2026-07-26,False,
100000003500764100,peripheral,0.3,16,0.526,"v0: признаков роли мало: входов 1 (21 тыс. KZT), выходов 0 (0 KZT); достижим от 7 seed; граница выгрузки (глубина 4)",False,4,1,0,21000.0,0.0,1,0,0.0,0.0,0.00053019,0.0,7,1,2026-07-06,2026-07-06,True,depth4_boundary
100000003509750100,consolidator,0.375,6,0.858,v0: признаки консолидации (fan-in): входов 3 на 82 тыс. KZT; выходов 3 на 78 тыс. KZT; достижим от 1 seed,False,2,3,3,82290.0,78400.0,4,5,78400.0,0.9527,0.00168705,1.98e-06,1,7,2026-07-02,2026-07-29,False,
100000003528285100,consolidator,0.5,2,0.7347,v0: признаки консолидации (fan-in): входов 4 на 119 тыс. KZT; выходов 4 на 548 тыс. KZT; достижим от 7 seed,False,3,4,4,118870.0,548000.0,5,6,118870.0,0.2169,0.00040428,0.00011505,7,9,2026-07-02,2026-07-30,False,
100000003557488100,peripheral,0.3,30,0.7611,"v0: признаков роли мало: входов 1 (665 тыс. KZT), выходов 2 (138 тыс. KZT); достижим от 7 seed",False,3,1,2,664992.0,138000.0,3,4,138000.0,0.2075,0.00058097,1.981e-05,7,5,2026-07-16,2026-07-31,False,
100000003561031100,peripheral,0.3,3,0.3258,"v0: признаков роли мало: входов 1 (13 тыс. KZT), выходов 1 (5 тыс. KZT); достижим от 7 seed",False,3,1,1,13300.0,5000.0,1,1,5000.0,0.3759,0.00028828,1.922e-05,7,2,2026-07-04,2026-07-26,False,
100000003567087100,terminal,0.5,1,0.3047,v0: признаки конечного получателя: входов 1 на 62 тыс. KZT; исходящих в выгрузке 0; достижим от 1 seed,False,1,1,0,62115.0,0.0,1,0,0.0,0.0,0.00029861,0.0,1,1,2026-07-06,2026-07-06,False,
100000003568904100,peripheral,0.3,12,0.5302,"v0: признаков роли мало: входов 1 (49 тыс. KZT), выходов 0 (0 KZT); достижим от 7 seed; граница выгрузки (глубина 4)",False,4,1,0,49000.0,0.0,1,0,0.0,0.0,0.00053173,0.0,7,1,2026-07-17,2026-07-17,True,depth4_boundary
100000003574895100,peripheral,0.3,0,0.3054,"v0: признаков роли мало: входов 1 (28 тыс. KZT), выходов 1 (20 тыс. KZT); достижим от 7 seed",False,3,1,1,27968.0,20000.0,1,1,20000.0,0.7151,0.00028714,1.922e-05,7,1,2026-07-21,2026-07-21,False,
100000003581109100,terminal,0.5,0,0.1654,v0: признаки конечного получателя: входов 1 на 43 тыс. KZT; исходящих в выгрузке 0; достижим от 7 seed,False,3,1,0,42750.0,0.0,1,0,0.0,0.0,0.00028798,0.0,7,1,2026-07-07,2026-07-07,False,
100000003582677100,peripheral,0.3,2,0.501,"v0: признаков роли мало: входов 2 (30 тыс. KZT), выходов 4 (56 тыс. KZT); достижим от 7 seed",False,3,2,4,29756.99,56000.0,2,5,29756.99,0.5314,0.00029329,0.00017888,7,4,2026-07-02,2026-07-19,False,
100000003589877100,peripheral,0.3,9,0.6048,"v0: признаков роли мало: входов 2 (176 тыс. KZT), выходов 6 (416 тыс. KZT); достижим от 9 seed",False,1,2,6,176000.0,416129.0,2,6,176000.0,0.4229,0.00030698,9.546e-05,9,4,2026-07-11,2026-07-16,False,
100000003594472100,terminal,0.5,30,0.272,v0: признаки конечного получателя: входов 1 на 20 тыс. KZT; исходящих в выгрузке 0; достижим от 7 seed,False,3,1,0,20000.0,0.0,1,0,0.0,0.0,0.00029445,0.0,7,1,2026-07-28,2026-07-28,False,
100000003603979100,terminal,0.5,23,0.5649,v0: признаки конечного получателя: входов 1 на 165 тыс. KZT; исходящих в выгрузке 0; достижим от 1 seed,False,2,1,0,165000.0,0.0,3,0,0.0,0.0,0.00058565,0.0,1,3,2026-07-04,2026-07-12,False,
100000003610172100,terminal,0.5,5,0.1641,v0: признаки конечного получателя: входов 1 на 70 тыс. KZT; исходящих в выгрузке 0; достижим от 7 seed,False,3,1,0,70000.0,0.0,1,0,0.0,0.0,0.00028784,0.0,7,1,2026-07-06,2026-07-06,False,
100000003616818100,consolidator,0.375,23,0.7605,v0: признаки консолидации (fan-in): входов 3 на 78 тыс. KZT; выходов 3 на 240 тыс. KZT; достижим от 1 seed,False,1,3,3,78000.0,240100.0,4,8,78000.0,0.3249,0.000513,1.98e-06,1,9,2026-07-04,2026-07-31,False,
100000003617552100,terminal,0.5,28,0.5509,v0: признаки конечного получателя: входов 1 на 25 тыс. KZT; исходящих в выгрузке 0; достижим от 1 seed,False,2,1,0,25000.0,0.0,1,0,0.0,0.0,0.00055105,0.0,1,1,2026-07-22,2026-07-22,False,
100000003622955100,peripheral,0.3,11,0.6114,"v0: признаков роли мало: входов 1 (15 тыс. KZT), выходов 0 (0 KZT); достижим от 11 seed; граница выгрузки (глубина 4)",False,4,1,0,15000.0,0.0,1,0,0.0,0.0,0.00133426,0.0,11,1,2026-07-01,2026-07-01,True,depth4_boundary
100000003626268100,peripheral,0.3,3,0.5284,"v0: признаков роли мало: входов 1 (5 тыс. KZT), выходов 0 (0 KZT); достижим от 7 seed; граница выгрузки (глубина 4)",False,4,1,0,5000.0,0.0,1,0,0.0,0.0,0.00053089,0.0,7,1,2026-07-04,2026-07-04,True,depth4_boundary
100000003631015100,peripheral,0.3,38,0.4032,"v0: признаков роли мало: входов 1 (266 тыс. KZT), выходов 0 (0 KZT); достижим от 7 seed; граница выгрузки (глубина 4)",False,4,1,0,266000.0,0.0,1,0,0.0,0.0,0.00032225,0.0,7,1,2026-07-16,2026-07-16,True,depth4_boundary
100000003632533100,peripheral,0.3,5,0.4919,"v0: признаков роли мало: входов 1 (10 тыс. KZT), выходов 0 (0 KZT); достижим от 7 seed; граница выгрузки (глубина 4)",False,4,1,0,10000.0,0.0,1,0,0.0,0.0,0.00042895,0.0,7,1,2026-07-19,2026-07-19,True,depth4_boundary
100000003635170100,consolidator,0.375,11,0.8548,v0: признаки консолидации (fan-in): входов 3 на 268 тыс. KZT; выходов 4 на 254 тыс. KZT; достижим от 8 seed,False,1,3,4,268500.0,253500.0,13,10,253500.0,0.9441,0.00114819,0.00018804,8,14,2026-07-06,2026-07-31,False,
100000003635660100,terminal,0.5,0,0.2208,v0: признаки конечного получателя: входов 1 на 19 тыс. KZT; исходящих в выгрузке 0; достижим от 7 seed,False,3,1,0,18985.0,0.0,1,0,0.0,0.0,0.00029052,0.0,7,1,2026-07-03,2026-07-03,False,
100000003636627100,peripheral,0.3,6,0.7725,"v0: признаков роли мало: входов 1 (77 тыс. KZT), выходов 1 (10 тыс. KZT); достижим от 7 seed",False,3,1,1,77000.0,10000.0,8,1,10000.0,0.1299,0.00197631,0.0,7,9,2026-07-03,2026-07-30,False,
100000003646145100,peripheral,0.3,31,0.5774,"v0: признаков роли мало: входов 1 (5 тыс. KZT), выходов 0 (0 KZT); достижим от 8 seed; граница выгрузки (глубина 4)",False,4,1,0,5000.0,0.0,1,0,0.0,0.0,0.00065368,0.0,8,1,2026-07-01,2026-07-01,True,depth4_boundary
100000003647799100,terminal,0.5,5,0.1867,v0: признаки конечного получателя: входов 1 на 100 тыс. KZT; исходящих в выгрузке 0; достижим от 7 seed,False,3,1,0,100000.0,0.0,1,0,0.0,0.0,0.00028881,0.0,7,1,2026-07-03,2026-07-03,False,
100000003650146100,terminal,0.5,4,0.3182,v0: признаки конечного получателя: входов 1 на 14 тыс. KZT; исходящих в выгрузке 0; достижим от 7 seed,False,3,1,0,14400.0,0.0,1,0,0.0,0.0,0.00030013,0.0,7,1,2026-07-02,2026-07-02,False,
100000003664994100,peripheral,0.3,39,0.4728,"v0: признаков роли мало: входов 1 (338 тыс. KZT), выходов 0 (0 KZT); достижим от 7 seed; граница выгрузки (глубина 4)",False,4,1,0,338271.0,0.0,2,0,0.0,0.0,0.00039112,0.0,7,2,2026-07-19,2026-07-21,True,depth4_boundary
100000003671721100,terminal,0.5,7,0.5573,v0: признаки конечного получателя: входов 1 на 5 тыс. KZT; исходящих в выгрузке 0; достижим от 9 seed,False,3,1,0,5000.0,0.0,1,0,0.0,0.0,0.00055874,0.0,9,1,2026-07-16,2026-07-16,False,
100000003677936100,peripheral,0.3,6,0.5111,"v0: признаков роли мало: входов 1 (71 тыс. KZT), выходов 1 (13 тыс. KZT); достижим от 7 seed",False,3,1,1,71000.0,13000.0,1,2,13000.0,0.1831,0.00030888,1.922e-05,7,2,2026-07-05,2026-07-22,False,
100000003684369100,coordinator,1.0,2,0.9931,"v0: признаки gather-scatter: входов 24 на 3,8 млн KZT, выходов 62 на 8,6 млн KZT; betweenness 0.0023; достижим от 9 seed; seed, входы неполны",True,0,24,62,3848436.0,8588655.0,58,67,3848436.0,0.4481,0.00202029,0.00230307,9,16,2026-07-12,2026-07-28,False,seed_inflow_incomplete
100000003692843100,peripheral,0.3,60,0.524,"v0: признаков роли мало: входов 1 (510 тыс. KZT), выходов 0 (0 KZT); достижим от 7 seed; граница выгрузки (глубина 4)",False,4,1,0,510000.0,0.0,2,0,0.0,0.0,0.0005295,0.0,7,2,2026-07-06,2026-07-24,True,depth4_boundary
100000003696422100,peripheral,0.3,30,0.5831,"v0: признаков роли мало: входов 1 (118 тыс. KZT), выходов 0 (0 KZT); достижим от 7 seed; граница выгрузки (глубина 4)",False,4,1,0,118000.0,0.0,2,0,0.0,0.0,0.00070852,0.0,7,2,2026-07-20,2026-07-31,True,depth4_boundary
100000003701161100,consolidator,0.5,21,0.8633,"v0: признаки консолидации (fan-in): входов 4 на 1,5 млн KZT; выходов 3 на 349 тыс. KZT; достижим от 7 seed",False,1,4,3,1527103.0,349000.0,13,7,349000.0,0.2285,0.00164882,0.00021301,7,14,2026-07-06,2026-07-31,False,
100000003711830100,terminal,0.5,3,0.2845,v0: признаки конечного получателя: входов 1 на 50 тыс. KZT; исходящих в выгрузке 0; достижим от 7 seed,False,3,1,0,50000.0,0.0,1,0,0.0,0.0,0.00029574,0.0,7,1,2026-07-30,2026-07-30,False,
100000003713616100,terminal,0.5,4,0.1554,v0: признаки конечного получателя: входов 1 на 16 тыс. KZT; исходящих в выгрузке 0; достижим от 7 seed,False,1,1,0,15893.0,0.0,1,0,0.0,0.0,0.00028728,0.0,7,1,2026-07-09,2026-07-09,False,
100000003718221100,peripheral,0.3,21,0.8455,"v0: признаков роли мало: входов 2 (350 тыс. KZT), выходов 4 (424 тыс. KZT); достижим от 7 seed",False,2,2,4,350000.0,423500.0,6,8,350000.0,0.8264,0.00104347,3.923e-05,7,11,2026-07-01,2026-07-26,False,
100000003718715100,peripheral,0.3,12,0.5625,"v0: признаков роли мало: входов 1 (915 тыс. KZT), выходов 0 (0 KZT); достижим от 7 seed; граница выгрузки (глубина 4)",False,4,1,0,915000.0,0.0,3,0,0.0,0.0,0.00057558,0.0,7,3,2026-07-18,2026-07-30,True,depth4_boundary
100000003724440100,terminal,0.5,2,0.5091,v0: признаки конечного получателя: входов 2 на 50 тыс. KZT; исходящих в выгрузке 0; достижим от 7 seed,False,2,2,0,50000.0,0.0,2,0,0.0,0.0,0.00030809,0.0,7,2,2026-07-11,2026-07-13,False,
100000003736419100,peripheral,0.3,0,0.3903,"v0: признаков роли мало: входов 1 (23 тыс. KZT), выходов 1 (10 тыс. KZT); достижим от 7 seed",False,3,1,1,23300.0,10000.0,1,1,10000.0,0.4292,0.00029165,1.922e-05,7,1,2026-07-26,2026-07-26,False,
100000003739818100,terminal,0.5,2,0.296,v0: признаки конечного получателя: входов 1 на 57 тыс. KZT; исходящих в выгрузке 0; достижим от 10 seed,False,1,1,0,57293.0,0.0,1,0,0.0,0.0,0.00029704,0.0,10,1,2026-07-21,2026-07-21,False,
100000003741418100,consolidator,1.0,5,0.8358,v0: признаки консолидации (fan-in): входов 9 на 152 тыс. KZT; выходов 3 на 40 тыс. KZT; достижим от 7 seed,False,2,9,3,151900.0,39920.0,13,3,39920.0,0.2628,0.0006325,5.275e-05,7,11,2026-07-01,2026-07-16,False,
100000003747133100,consolidator,0.625,44,0.7134,v0: признаки консолидации (fan-in): входов 5 на 237 тыс. KZT; выходов 2 на 250 тыс. KZT; достижим от 7 seed,False,2,5,2,237068.0,250000.0,8,2,237068.0,0.9483,0.00037807,9.61e-05,7,8,2026-07-08,2026-07-20,False,
100000003760160100,terminal,0.5,5,0.1915,v0: признаки конечного получателя: входов 1 на 104 тыс. KZT; исходящих в выгрузке 0; достижим от 7 seed,False,3,1,0,104470.0,0.0,1,0,0.0,0.0,0.00028896,0.0,7,1,2026-07-18,2026-07-18,False,
100000003770083100,peripheral,0.3,73,0.1066,"v0: переводов в выгрузке нет; глубина 0; seed, входы неполны",True,0,0,0,0.0,0.0,0,0,0.0,0.0,0.00028557,0.0,0,0,,,False,seed_inflow_incomplete;isolated
100000003781406100,terminal,0.5,10,0.5851,v0: признаки конечного получателя: входов 1 на 45 тыс. KZT; исходящих в выгрузке 0; достижим от 9 seed,False,3,1,0,45000.0,0.0,2,0,0.0,0.0,0.00072288,0.0,9,1,2026-07-12,2026-07-12,False,
100000003782913100,peripheral,0.3,14,0.3116,"v0: признаков роли мало: входов 1 (200 тыс. KZT), выходов 0 (0 KZT); достижим от 7 seed; граница выгрузки (глубина 4)",False,4,1,0,200000.0,0.0,1,0,0.0,0.0,0.0002994,0.0,7,1,2026-07-16,2026-07-16,True,depth4_boundary
100000003786516100,peripheral,0.3,0,0.2571,"v0: признаков роли мало: входов 1 (5 тыс. KZT), выходов 0 (0 KZT); достижим от 7 seed; граница выгрузки (глубина 4)",False,4,1,0,5000.0,0.0,1,0,0.0,0.0,0.00029316,0.0,7,1,2026-07-28,2026-07-28,True,depth4_boundary
100000003792647100,peripheral,0.3,5,0.4802,"v0: признаков роли мало: входов 1 (8 тыс. KZT), выходов 0 (0 KZT); достижим от 7 seed; граница выгрузки (глубина 4)",False,4,1,0,8000.0,0.0,1,0,0.0,0.0,0.00040027,0.0,7,1,2026-07-29,2026-07-29,True,depth4_boundary
100000003795588100,terminal,0.5,0,0.4014,v0: признаки конечного получателя: входов 1 на 400 тыс. KZT; исходящих в выгрузке 0; достижим от 7 seed,False,3,1,0,400000.0,0.0,2,0,0.0,0.0,0.00032104,0.0,7,1,2026-07-18,2026-07-18,False,
100000003796063100,distributor,0.6,5,0.8462,v0: признаки распределения (fan-out): выходов 15 на 959 тыс. KZT; входов 1 на 35 тыс. KZT; достижим от 7 seed,False,3,1,15,35000.0,959150.0,1,23,35000.0,0.0365,0.00068526,0.00117893,7,11,2026-07-07,2026-07-18,False,
100000003798151100,terminal,0.5,4,0.562,v0: признаки конечного получателя: входов 1 на 350 тыс. KZT; исходящих в выгрузке 0; достижим от 7 seed,False,2,1,0,350000.0,0.0,3,0,0.0,0.0,0.00057539,0.0,7,3,2026-07-04,2026-07-21,False,
100000003809101100,peripheral,0.3,11,0.6736,"v0: признаков роли мало: входов 2 (166 тыс. KZT), выходов 2 (55 тыс. KZT); достижим от 8 seed",False,1,2,2,166050.0,55200.0,3,4,55200.0,0.3324,0.00036195,0.00013334,8,5,2026-07-07,2026-07-26,False,
100000003814002100,terminal,0.5,5,0.1454,v0: признаки конечного получателя: входов 1 на 30 тыс. KZT; исходящих в выгрузке 0; достижим от 7 seed,False,3,1,0,30000.0,0.0,1,0,0.0,0.0,0.00028654,0.0,7,1,2026-07-10,2026-07-10,False,
100000003819173100,peripheral,0.3,3,0.2798,"v0: признаков роли мало: входов 1 (144 тыс. KZT), выходов 0 (0 KZT); достижим от 7 seed; граница выгрузки (глубина 4)",False,4,1,0,143777.0,0.0,1,0,0.0,0.0,0.00029521,0.0,7,1,2026-07-16,2026-07-16,True,depth4_boundary
100000003823811100,peripheral,0.3,19,0.6678,"v0: признаков роли мало: входов 1 (30 тыс. KZT), выходов 3 (66 тыс. KZT); достижим от 7 seed",False,2,1,3,30000.0,66130.0,1,3,30000.0,0.4537,0.00035698,0.00012452,7,4,2026-07-01,2026-07-19,False,
100000003824464100,terminal,0.5,21,0.4046,v0: признаки конечного получателя: входов 1 на 200 тыс. KZT; исходящих в выгрузке 0; достижим от 7 seed,False,2,1,0,200000.0,0.0,1,0,0.0,0.0,0.00032325,0.0,7,1,2026-07-03,2026-07-03,False,
100000003831201100,terminal,0.5,0,0.5362,v0: признаки конечного получателя: входов 1 на 40 тыс. KZT; исходящих в выгрузке 0; достижим от 7 seed,False,2,1,0,40500.0,0.0,3,0,0.0,0.0,0.00053433,0.0,7,3,2026-07-01,2026-07-08,False,
100000003831324100,terminal,0.5,6,0.5369,v0: признаки конечного получателя: входов 2 на 300 тыс. KZT; исходящих в выгрузке 0; достижим от 9 seed,False,1,2,0,300000.0,0.0,2,0,0.0,0.0,0.00031519,0.0,9,2,2026-07-16,2026-07-23,False,
100000003832231100,terminal,0.5,2,0.2504,v0: признаки конечного получателя: входов 1 на 35 тыс. KZT; исходящих в выгрузке 0; достижим от 10 seed,False,1,1,0,35000.0,0.0,1,0,0.0,0.0,0.00029258,0.0,10,1,2026-07-16,2026-07-16,False,
100000003834495100,consolidator,0.375,0,0.7932,v0: признаки консолидации (fan-in): входов 3 на 602 тыс. KZT; выходов 1 на 20 тыс. KZT; достижим от 7 seed,False,3,3,1,602441.0,20000.0,5,1,20000.0,0.0332,0.00062086,2.87e-06,7,4,2026-07-07,2026-07-31,False,
100000003835149100,peripheral,0.3,22,0.7086,"v0: признаков роли мало: входов 1 (248 тыс. KZT), выходов 2 (4,6 млн KZT); достижим от 1 seed",False,1,1,2,248500.0,4600440.0,1,13,248500.0,0.054,0.0004889,1.78e-06,1,12,2026-07-02,2026-07-29,False,
100000003838587100,peripheral,0.3,14,0.5547,"v0: признаков роли мало: входов 1 (6 тыс. KZT), выходов 0 (0 KZT); достижим от 7 seed; граница выгрузки (глубина 4)",False,4,1,0,6000.0,0.0,1,0,0.0,0.0,0.00055503,0.0,7,1,2026-07-19,2026-07-19,True,depth4_boundary
100000003843844100,peripheral,0.3,12,0.3919,"v0: признаков роли мало: входов 1 (17 тыс. KZT), выходов 1 (238 тыс. KZT); достижим от 7 seed",False,3,1,1,16680.0,238000.0,1,1,16680.0,0.0701,0.00029174,1.922e-05,7,2,2026-07-02,2026-07-11,False,
100000003854444100,distributor,0.56,18,0.7669,"v0: признаки распределения (fan-out): выходов 14 на 2,3 млн KZT; входов 1 на 210 тыс. KZT; достижим от 7 seed",False,2,1,14,210000.0,2322909.0,4,14,210000.0,0.0904,0.00046676,0.00107526,7,10,2026-07-15,2026-07-30,False,
100000003865939100,terminal,0.5,67,0.5226,v0: признаки конечного получателя: входов 1 на 81 тыс. KZT; исходящих в выгрузке 0; достижим от 1 seed,False,1,1,0,81465.0,0.0,1,0,0.0,0.0,0.00052859,0.0,1,1,2026-07-29,2026-07-29,False,
100000003873332100,peripheral,0.3,18,0.4442,"v0: признаков роли мало: входов 1 (23 тыс. KZT), выходов 4 (286 тыс. KZT); достижим от 7 seed",False,1,1,4,23468.0,286000.0,1,8,23468.0,0.0821,0.00028997,0.00089356,7,9,2026-07-04,2026-07-30,False,
100000003877908100,terminal,0.5,2,0.2623,v0: признаки конечного получателя: входов 1 на 40 тыс. KZT; исходящих в выгрузке 0; достижим от 10 seed,False,1,1,0,40000.0,0.0,1,0,0.0,0.0,0.00029358,0.0,10,1,2026-07-26,2026-07-26,False,
100000003880331100,distributor,0.64,3,0.6216,"v0: признаки распределения (fan-out): выходов 16 на 3,9 млн KZT; входов 1 на 100 тыс. KZT; достижим от 7 seed",False,3,1,16,100000.0,3904908.0,1,31,100000.0,0.0256,0.00030766,0.00065965,7,8,2026-07-09,2026-07-27,False,
100000003886323100,peripheral,0.3,4,0.8147,"v0: признаков роли мало: входов 2 (78 тыс. KZT), выходов 1 (8 тыс. KZT); достижим от 7 seed",False,1,2,1,78168.0,7650.0,6,1,7650.0,0.0979,0.00180484,1.922e-05,7,6,2026-07-03,2026-07-22,False,
100000003888197100,terminal,0.5,5,0.1732,v0: признаки конечного получателя: входов 1 на 83 тыс. KZT; исходящих в выгрузке 0; достижим от 7 seed,False,3,1,0,83167.0,0.0,1,0,0.0,0.0,0.00028826,0.0,7,1,2026-07-09,2026-07-09,False,
100000003888271100,peripheral,0.3,41,0.4335,"v0: признаков роли мало: входов 1 (12 тыс. KZT), выходов 2 (26 тыс. KZT); достижим от 1 seed",False,1,1,2,12177.0,25590.0,2,3,12177.0,0.4758,0.00029139,4e-07,1,5,2026-07-01,2026-07-24,False,
100000003888527100,terminal,0.5,39,0.4573,v0: признаки конечного получателя: входов 1 на 30 тыс. KZT; исходящих в выгрузке 0; достижим от 7 seed,False,3,1,0,30000.0,0.0,1,0,0.0,0.0,0.00036667,0.0,7,1,2026-07-14,2026-07-14,False,
100000003896956100,peripheral,0.3,4,0.3325,"v0: признаков роли мало: входов 1 (10 тыс. KZT), выходов 1 (27 тыс. KZT); достижим от 7 seed",False,3,1,1,10000.0,27000.0,1,2,10000.0,0.3704,0.00028856,1.922e-05,7,3,2026-07-11,2026-07-14,False,
100000003899325100,terminal,0.5,3,0.2924,v0: признаки конечного получателя: входов 1 на 50 тыс. KZT; исходящих в выгрузке 0; достижим от 7 seed,False,3,1,0,50120.0,0.0,1,0,0.0,0.0,0.00029664,0.0,7,1,2026-07-10,2026-07-10,False,
100000003899899100,peripheral,0.3,4,0.7751,"v0: признаков роли мало: входов 2 (218 тыс. KZT), выходов 1 (10 тыс. KZT); достижим от 7 seed",False,3,2,1,218500.0,10000.0,5,1,10000.0,0.0458,0.00065398,1.942e-05,7,5,2026-07-11,2026-07-26,False,
100000003900547100,terminal,0.5,4,0.1697,v0: признаки конечного получателя: входов 1 на 24 тыс. KZT; исходящих в выгрузке 0; достижим от 7 seed,False,1,1,0,23700.0,0.0,1,0,0.0,0.0,0.00028812,0.0,7,1,2026-07-16,2026-07-16,False,
100000003904497100,peripheral,0.3,8,0.4312,"v0: признаков роли мало: входов 1 (10 тыс. KZT), выходов 0 (0 KZT); достижим от 9 seed; граница выгрузки (глубина 4)",False,4,1,0,10000.0,0.0,1,0,0.0,0.0,0.00034126,0.0,9,1,2026-07-02,2026-07-02,True,depth4_boundary
100000003917461100,peripheral,0.3,10,0.6769,"v0: признаков роли мало: входов 1 (10 тыс. KZT), выходов 2 (140 тыс. KZT); достижим от 9 seed",False,3,1,2,10000.0,140000.0,1,5,10000.0,0.0714,0.00039913,2.021e-05,9,5,2026-07-03,2026-07-30,False,
100000003920950100,terminal,0.5,6,0.4739,v0: признаки конечного получателя: входов 1 на 323 тыс. KZT; исходящих в выгрузке 0; достижим от 7 seed,False,3,1,0,323290.0,0.0,1,0,0.0,0.0,0.00039173,0.0,7,1,2026-07-15,2026-07-15,False,
100000003922499100,terminal,0.5,10,0.5371,v0: признаки конечного получателя: входов 1 на 50 тыс. KZT; исходящих в выгрузке 0; достижим от 1 seed,False,2,1,0,50000.0,0.0,1,0,0.0,0.0,0.00053524,0.0,1,1,2026-07-04,2026-07-04,False,
100000003923946100,peripheral,0.3,6,0.7047,"v0: признаков роли мало: входов 1 (282 тыс. KZT), выходов 4 (675 тыс. KZT); достижим от 2 seed",False,1,1,4,282000.0,675000.0,3,4,282000.0,0.4178,0.00038942,1.98e-06,2,3,2026-07-14,2026-07-17,False,
100000003927792100,terminal,0.5,15,0.2075,v0: признаки конечного получателя: входов 1 на 13 тыс. KZT; исходящих в выгрузке 0; достижим от 7 seed,False,2,1,0,13067.0,0.0,1,0,0.0,0.0,0.00028973,0.0,7,1,2026-07-31,2026-07-31,False,
100000003934614100,peripheral,0.3,32,0.5747,"v0: признаков роли мало: входов 2 (17 тыс. KZT), выходов 1 (12 тыс. KZT); достижим от 7 seed",False,3,2,1,17000.0,11500.0,2,2,11500.0,0.6765,0.00031349,7e-08,7,3,2026-07-09,2026-07-18,False,
100000003942602100,transit,1.0,1,0.3927,"v0: признаки транзита: вход 30 тыс. KZT, выход 30 тыс. KZT; доля прохода 1.00, входов 1, выходов 1; достижим от 1 seed",False,1,1,1,30000.0,30000.0,1,1,30000.0,1.0,0.00029187,0.0,1,1,2026-07-09,2026-07-09,False,
100000003943247100,terminal,0.5,0,0.1639,v0: признаки конечного получателя: входов 1 на 40 тыс. KZT; исходящих в выгрузке 0; достижим от 7 seed,False,3,1,0,40000.0,0.0,1,0,0.0,0.0,0.00028782,0.0,7,1,2026-07-06,2026-07-06,False,
100000003943483100,terminal,0.5,10,0.4132,v0: признаки конечного получателя: входов 1 на 10 тыс. KZT; исходящих в выгрузке 0; достижим от 8 seed,False,2,1,0,10000.0,0.0,1,0,0.0,0.0,0.00032896,0.0,8,1,2026-07-06,2026-07-06,False,
100000003946524100,transit,0.5891,2,0.63,"v0: признаки транзита: вход 134 тыс. KZT, выход 145 тыс. KZT; доля прохода 0.92, входов 2, выходов 2; достижим от 10 seed",False,1,2,2,133757.0,144750.0,2,2,133757.0,0.9241,0.00032606,0.00011948,10,4,2026-07-02,2026-07-25,False,
100000003950749100,peripheral,0.3,4,0.4679,"v0: признаков роли мало: входов 1 (7 тыс. KZT), выходов 0 (0 KZT); достижим от 7 seed; граница выгрузки (глубина 4)",False,4,1,0,7000.0,0.0,1,0,0.0,0.0,0.00038424,0.0,7,1,2026-07-30,2026-07-30,True,depth4_boundary
100000003951827100,peripheral,0.3,0,0.3343,"v0: признаков роли мало: входов 1 (9 тыс. KZT), выходов 2 (17 тыс. KZT); достижим от 7 seed",False,3,1,2,9000.0,17000.0,1,2,9000.0,0.5294,0.00028608,1.33e-06,7,3,2026-07-07,2026-07-31,False,
100000003962994100,terminal,0.5,36,0.5086,v0: признаки конечного получателя: входов 1 на 10 тыс. KZT; исходящих в выгрузке 0; достижим от 7 seed,False,3,1,0,10000.0,0.0,1,0,0.0,0.0,0.00048123,0.0,7,1,2026-07-30,2026-07-30,False,
100000003964910100,terminal,0.5,16,0.6706,"v0: признаки конечного получателя: входов 2 на 1,0 млн KZT; исходящих в выгрузке 0; достижим от 7 seed",False,3,2,0,1000000.0,0.0,2,0,0.0,0.0,0.00050936,0.0,7,1,2026-07-02,2026-07-02,False,
100000003968044100,peripheral,0.3,3,0.5081,"v0: признаков роли мало: входов 1 (40 тыс. KZT), выходов 3 (311 тыс. KZT); достижим от 7 seed",False,3,1,3,40000.0,311000.0,1,4,40000.0,0.1286,0.000296,6.562e-05,7,5,2026-07-03,2026-07-24,False,
100000003970394100,terminal,0.5,10,0.3145,v0: признаки конечного получателя: входов 1 на 85 тыс. KZT; исходящих в выгрузке 0; достижим от 1 seed,False,1,1,0,85000.0,0.0,1,0,0.0,0.0,0.00029968,0.0,1,1,2026-07-13,2026-07-13,False,
100000003971049100,terminal,0.5,0,0.27,v0: признаки конечного получателя: входов 1 на 56 тыс. KZT; исходящих в выгрузке 0; достижим от 7 seed,False,2,1,0,55900.0,0.0,7,0,0.0,0.0,0.00029427,0.0,7,7,2026-07-14,2026-07-30,False,
100000003975102100,peripheral,0.3,4,0.733,"v0: признаков роли мало: входов 1 (26 тыс. KZT), выходов 2 (88 тыс. KZT); достижим от 7 seed; seed, входы неполны",True,0,1,2,25650.0,88500.0,1,2,25650.0,0.2898,0.00034547,5.91e-06,7,3,2026-07-05,2026-07-21,False,seed_inflow_incomplete
100000003977183100,peripheral,0.3,6,0.7587,"v0: признаков роли мало: входов 2 (124 тыс. KZT), выходов 4 (766 тыс. KZT); достижим от 1 seed; seed, входы неполны",True,0,2,4,123800.0,766000.0,2,6,123800.0,0.1616,0.00033146,1.59e-06,1,6,2026-07-11,2026-07-20,False,seed_inflow_incomplete
100000003980083100,terminal,0.5,66,0.5226,v0: признаки конечного получателя: входов 1 на 30 тыс. KZT; исходящих в выгрузке 0; достижим от 1 seed,False,1,1,0,30000.0,0.0,1,0,0.0,0.0,0.00052859,0.0,1,1,2026-07-21,2026-07-21,False,
100000003985389100,peripheral,0.3,3,0.512,"v0: признаков роли мало: входов 1 (423 тыс. KZT), выходов 0 (0 KZT); достижим от 7 seed; граница выгрузки (глубина 4)",False,4,1,0,422698.0,0.0,16,0,0.0,0.0,0.00049036,0.0,7,15,2026-07-03,2026-07-28,True,depth4_boundary
100000003986141100,terminal,0.5,16,0.1492,v0: признаки конечного получателя: входов 1 на 5 тыс. KZT; исходящих в выгрузке 0; достижим от 7 seed,False,3,1,0,5286.32,0.0,1,0,0.0,0.0,0.00028685,0.0,7,1,2026-07-08,2026-07-08,False,
100000003988112100,peripheral,0.3,19,0.6688,"v0: признаков роли мало: входов 1 (92 тыс. KZT), выходов 1 (64 тыс. KZT); достижим от 7 seed",False,2,1,1,92000.0,64000.0,2,5,64000.0,0.6957,0.00050455,0.0,7,3,2026-07-18,2026-07-20,False,
100000003989033100,peripheral,0.3,7,0.5678,"v0: признаков роли мало: входов 1 (373 тыс. KZT), выходов 0 (0 KZT); достижим от 1 seed; граница выгрузки (глубина 4)",False,4,1,0,373400.0,0.0,13,0,0.0,0.0,0.00059892,0.0,1,12,2026-07-06,2026-07-30,True,depth4_boundary
100000003996562100,terminal,0.5,0,0.4123,v0: признаки конечного получателя: входов 1 на 8 тыс. KZT; исходящих в выгрузке 0; достижим от 7 seed,False,3,1,0,7700.0,0.0,1,0,0.0,0.0,0.00032817,0.0,7,1,2026-07-01,2026-07-01,False,
100000004004621100,consolidator,0.375,12,0.5209,v0: признаки консолидации (fan-in): входов 3 на 75 тыс. KZT; выходов 0 на 0 KZT; достижим от 10 seed,False,1,3,0,75389.0,0.0,3,0,0.0,0.0,0.00030077,0.0,10,2,2026-07-19,2026-07-20,False,
100000004005964100,consolidator,0.375,23,0.7238,v0: признаки консолидации (fan-in): входов 3 на 98 тыс. KZT; выходов 3 на 72 тыс. KZT; достижим от 1 seed,False,1,3,3,97900.0,72000.0,9,5,72000.0,0.7354,0.00040452,5e-07,1,9,2026-07-06,2026-07-30,False,
100000004006327100,peripheral,0.3,9,0.5544,"v0: признаков роли мало: входов 1 (300 тыс. KZT), выходов 0 (0 KZT); достижим от 8 seed; граница выгрузки (глубина 4)",False,4,1,0,300000.0,0.0,3,0,0.0,0.0,0.00055497,0.0,8,3,2026-07-08,2026-07-17,True,depth4_boundary
100000004007116100,consolidator,0.375,23,0.9215,"v0: признаки консолидации (fan-in): входов 3 на 765 тыс. KZT; выходов 4 на 148 тыс. KZT; seed, входы неполны",True,0,3,4,764704.0,148000.0,24,6,148000.0,0.1935,0.00062778,4e-07,0,18,2026-07-03,2026-07-31,False,seed_inflow_incomplete
100000004007197100,terminal,0.5,23,0.1625,v0: признаки конечного получателя: входов 1 на 10 тыс. KZT; исходящих в выгрузке 0; достижим от 1 seed,False,3,1,0,10048.0,0.0,1,0,0.0,0.0,0.00028769,0.0,1,1,2026-07-29,2026-07-29,False,
100000004013952100,peripheral,0.3,0,0.5338,"v0: признаков роли мало: входов 1 (6 тыс. KZT), выходов 0 (0 KZT); достижим от 7 seed; граница выгрузки (глубина 4)",False,4,1,0,5500.0,0.0,1,0,0.0,0.0,0.00053314,0.0,7,1,2026-07-25,2026-07-25,True,depth4_boundary
100000004015047100,consolidator,1.0,6,0.8804,v0: признаки консолидации (fan-in): входов 9 на 919 тыс. KZT; выходов 1 на 69 тыс. KZT; достижим от 11 seed,False,1,9,1,919104.0,69195.0,18,7,69195.0,0.0753,0.0022786,2.289e-05,11,14,2026-07-01,2026-07-23,False,
100000004017410100,peripheral,0.3,32,0.8546,"v0: признаков роли мало: входов 2 (194 тыс. KZT), выходов 5 (1,3 млн KZT); достижим от 7 seed",False,3,2,5,193650.0,1330915.0,6,11,193650.0,0.1455,0.00113154,4.059e-05,7,9,2026-07-01,2026-07-31,False,
100000004019056100,peripheral,0.3,12,0.544,"v0: признаков роли мало: входов 1 (50 тыс. KZT), выходов 0 (0 KZT); достижим от 7 seed; граница выгрузки (глубина 4)",False,4,1,0,50000.0,0.0,1,0,0.0,0.0,0.00054092,0.0,7,1,2026-07-28,2026-07-28,True,depth4_boundary
100000004019124100,consolidator,0.375,4,0.9065,"v0: признаки консолидации (fan-in): входов 3 на 193 тыс. KZT; выходов 0 на 0 KZT; достижим от 11 seed; seed, входы неполны",True,0,3,0,193000.0,0.0,3,0,0.0,0.0,0.00120287,0.0,11,3,2026-07-11,2026-07-15,False,seed_inflow_incomplete
100000004021459100,peripheral,0.3,74,0.1066,"v0: переводов в выгрузке нет; глубина 0; seed, входы неполны",True,0,0,0,0.0,0.0,0,0,0.0,0.0,0.00028557,0.0,0,0,,,False,seed_inflow_incomplete;isolated
100000004030553100,peripheral,0.3,3,0.5275,"v0: признаков роли мало: входов 1 (70 тыс. KZT), выходов 0 (0 KZT); достижим от 1 seed; граница выгрузки (глубина 4)",False,4,1,0,70000.0,0.0,1,0,0.0,0.0,0.00053083,0.0,1,1,2026-07-17,2026-07-17,True,depth4_boundary
100000004035925100,peripheral,0.3,62,0.5017,"v0: признаков роли мало: входов 1 (1,1 млн KZT), выходов 0 (0 KZT); достижим от 7 seed; граница выгрузки (глубина 4)",False,4,1,0,1111588.0,0.0,2,0,0.0,0.0,0.00046241,0.0,7,2,2026-07-03,2026-07-17,True,depth4_boundary
100000004041163100,peripheral,0.3,19,0.9187,"v0: признаков роли мало: входов 1 (50 тыс. KZT), выходов 2 (866 тыс. KZT); достижим от 14 seed; seed, входы неполны",True,0,1,2,50000.0,866000.0,1,6,50000.0,0.0577,0.00208475,2.338e-05,14,5,2026-07-05,2026-07-19,False,seed_inflow_incomplete
100000004041294100,peripheral,0.3,24,0.324,"v0: признаков роли мало: входов 1 (18 тыс. KZT), выходов 0 (0 KZT); достижим от 7 seed; граница выгрузки (глубина 4)",False,4,1,0,17800.0,0.0,2,0,0.0,0.0,0.00030085,0.0,7,1,2026-07-13,2026-07-13,True,depth4_boundary
100000004047887100,peripheral,0.3,37,0.1665,"v0: признаков роли мало: входов 1 (30 тыс. KZT), выходов 0 (0 KZT); достижим от 7 seed; граница выгрузки (глубина 4)",False,4,1,0,30000.0,0.0,1,0,0.0,0.0,0.00028801,0.0,7,1,2026-07-29,2026-07-29,True,depth4_boundary
100000004049912100,peripheral,0.3,18,0.407,"v0: признаков роли мало: входов 1 (10 тыс. KZT), выходов 0 (0 KZT); достижим от 7 seed; граница выгрузки (глубина 4)",False,4,1,0,10000.0,0.0,1,0,0.0,0.0,0.00032456,0.0,7,1,2026-07-06,2026-07-06,True,depth4_boundary
100000004058740100,terminal,0.5,1,0.2403,v0: признаки конечного получателя: входов 1 на 30 тыс. KZT; исходящих в выгрузке 0; достижим от 1 seed,False,1,1,0,30000.0,0.0,1,0,0.0,0.0,0.00029187,0.0,1,1,2026-07-08,2026-07-08,False,
100000004064431100,peripheral,0.3,23,0.3808,"v0: признаков роли мало: входов 1 (26 тыс. KZT), выходов 1 (10 тыс. KZT); достижим от 1 seed",False,3,1,1,26000.0,10000.0,1,1,10000.0,0.3846,0.00029105,9.9e-07,1,2,2026-07-24,2026-07-26,False,
100000004066370100,peripheral,0.3,35,0.5656,"v0: признаков роли мало: входов 1 (65 тыс. KZT), выходов 0 (0 KZT); достижим от 1 seed; граница выгрузки (глубина 4)",False,4,1,0,65000.0,0.0,2,0,0.0,0.0,0.00058935,0.0,1,2,2026-07-15,2026-07-17,True,depth4_boundary
100000004066647100,terminal,0.5,18,0.2706,v0: признаки конечного получателя: входов 1 на 51 тыс. KZT; исходящих в выгрузке 0; достижим от 7 seed,False,3,1,0,51000.0,0.0,1,0,0.0,0.0,0.00029429,0.0,7,1,2026-07-19,2026-07-19,False,
100000004070318100,coordinator,1.0,0,0.6481,"v0: признаки gather-scatter: входов 4 на 207 тыс. KZT, выходов 19 на 552 тыс. KZT; betweenness 0.0021; достижим от 7 seed",False,1,4,19,207246.55,551860.0,6,37,207246.55,0.3755,0.00031412,0.00207327,7,17,2026-07-01,2026-07-31,False,
100000004070530100,peripheral,0.3,37,0.1534,"v0: признаков роли мало: входов 1 (20 тыс. KZT), выходов 0 (0 KZT); достижим от 7 seed; граница выгрузки (глубина 4)",False,4,1,0,20000.0,0.0,1,0,0.0,0.0,0.0002872,0.0,7,1,2026-07-22,2026-07-22,True,depth4_boundary
100000004071070100,peripheral,0.3,0,0.8056,"v0: признаков роли мало: входов 2 (41 тыс. KZT), выходов 1 (6 тыс. KZT); достижим от 7 seed",False,2,2,1,41000.0,6000.0,5,1,6000.0,0.1463,0.00118759,0.0,7,6,2026-07-03,2026-07-19,False,
100000004071080100,consolidator,1.0,0,0.8717,v0: признаки консолидации (fan-in): входов 9 на 239 тыс. KZT; выходов 2 на 46 тыс. KZT; достижим от 7 seed,False,1,9,2,238600.0,46500.0,16,5,46500.0,0.1949,0.001369,2.814e-05,7,12,2026-07-03,2026-07-21,False,
100000004071444100,peripheral,0.3,0,0.5067,"v0: признаков роли мало: входов 1 (247 тыс. KZT), выходов 1 (100 тыс. KZT); достижим от 7 seed",False,3,1,1,247350.0,100000.0,1,1,100000.0,0.4043,0.0003075,1.922e-05,7,2,2026-07-24,2026-07-25,False,
100000004076740100,coordinator,0.55,32,0.8427,"v0: признаки gather-scatter: входов 3 на 93 тыс. KZT, выходов 6 на 125 тыс. KZT; betweenness 0.0004; достижим от 7 seed",False,1,3,6,93250.0,125000.0,5,10,93250.0,0.746,0.00074145,0.00043516,7,12,2026-07-05,2026-07-31,False,
100000004077081100,peripheral,0.3,2,0.4469,"v0: признаков роли мало: входов 1 (140 тыс. KZT), выходов 4 (615 тыс. KZT); достижим от 7 seed",False,3,1,4,140000.0,615000.0,1,6,140000.0,0.2276,0.00029011,0.00011599,7,5,2026-07-09,2026-07-25,False,
100000004094958100,transit,0.8718,46,0.6261,"v0: признаки транзита: вход 39 тыс. KZT, выход 40 тыс. KZT; доля прохода 0.97, входов 1, выходов 1; достижим от 1 seed",False,1,1,1,39000.0,40000.0,1,1,39000.0,0.975,0.00039146,2e-07,1,1,2026-07-16,2026-07-16,False,
100000004096559100,terminal,0.5,6,0.6023,v0: признаки конечного получателя: входов 1 на 46 тыс. KZT; исходящих в выгрузке 0; достижим от 1 seed,False,3,1,0,46200.0,0.0,1,0,0.0,0.0,0.00097659,0.0,1,1,2026-07-26,2026-07-26,False,
100000004097972100,peripheral,0.3,0,0.5849,"v0: признаков роли мало: входов 1 (119 тыс. KZT), выходов 2 (10 тыс. KZT); достижим от 7 seed",False,3,1,2,118878.0,10000.0,1,2,10000.0,0.0841,0.00031658,3.844e-05,7,2,2026-07-07,2026-07-22,False,
100000004099450100,terminal,0.5,0,0.2884,v0: признаки конечного получателя: входов 1 на 31 тыс. KZT; исходящих в выгрузке 0; достижим от 7 seed,False,3,1,0,31000.0,0.0,1,0,0.0,0.0,0.00029617,0.0,7,1,2026-07-25,2026-07-25,False,
100000004105288100,terminal,0.5,2,0.6544,v0: признаки конечного получателя: входов 2 на 215 тыс. KZT; исходящих в выгрузке 0; достижим от 11 seed,False,1,2,0,215000.0,0.0,2,0,0.0,0.0,0.00046304,0.0,11,2,2026-07-18,2026-07-19,False,
100000004107228100,peripheral,0.3,2,0.1843,"v0: признаков роли мало: входов 1 (5 тыс. KZT), выходов 0 (0 KZT); достижим от 7 seed; граница выгрузки (глубина 4)",False,4,1,0,5000.0,0.0,1,0,0.0,0.0,0.00028871,0.0,7,1,2026-07-02,2026-07-02,True,depth4_boundary
100000004114962100,terminal,0.5,5,0.7358,v0: признаки конечного получателя: входов 2 на 165 тыс. KZT; исходящих в выгрузке 0; достижим от 7 seed,False,3,2,0,165000.0,0.0,2,0,0.0,0.0,0.00071129,0.0,7,2,2026-07-06,2026-07-07,False,
100000004130144100,terminal,0.5,6,0.2957,v0: признаки конечного получателя: входов 1 на 200 тыс. KZT; исходящих в выгрузке 0; достижим от 1 seed,False,1,1,0,200000.0,0.0,1,0,0.0,0.0,0.00029704,0.0,1,1,2026-07-22,2026-07-22,False,
100000004134060100,terminal,0.5,17,0.4119,v0: признаки конечного получателя: входов 1 на 88 тыс. KZT; исходящих в выгрузке 0; достижим от 8 seed,False,2,1,0,88179.0,0.0,1,0,0.0,0.0,0.00032801,0.0,8,1,2026-07-24,2026-07-24,False,
100000004135268100,transit,0.0363,50,0.8497,"v0: признаки транзита: вход 1,2 млн KZT, выход 1,0 млн KZT; доля прохода 0.81, входов 2, выходов 3; достижим от 1 seed",False,1,2,3,1239000.0,1000200.0,3,4,1000200.0,0.8073,0.00174053,1.19e-06,1,4,2026-07-08,2026-07-11,False,
100000004140487100,distributor,0.4,2,0.4613,v0: признаки распределения (fan-out): выходов 10 на 263 тыс. KZT; входов 1 на 25 тыс. KZT; достижим от 7 seed,False,3,1,10,24510.0,262600.0,1,19,24510.0,0.0933,0.00028943,0.00032537,7,7,2026-07-19,2026-07-30,False,
100000004140994100,terminal,0.5,1,0.1781,v0: признаки конечного получателя: входов 1 на 19 тыс. KZT; исходящих в выгрузке 0; достижим от 1 seed,False,3,1,0,18650.0,0.0,1,0,0.0,0.0,0.00028848,0.0,1,1,2026-07-15,2026-07-15,False,
100000004144536100,consolidator,0.5,23,0.8224,v0: признаки консолидации (fan-in): входов 4 на 168 тыс. KZT; выходов 0 на 0 KZT; достижим от 1 seed,False,1,4,0,168000.0,0.0,6,0,0.0,0.0,0.0009686,0.0,1,5,2026-07-15,2026-07-30,False,
100000004150593100,distributor,0.44,4,0.6127,v0: признаки распределения (fan-out): выходов 11 на 871 тыс. KZT; входов 1 на 57 тыс. KZT; достижим от 7 seed,False,2,1,11,57000.0,871165.0,2,16,57000.0,0.0654,0.00030663,0.00022164,7,7,2026-07-11,2026-07-19,False,
100000004156082100,coordinator,1.0,15,0.8654,"v0: признаки gather-scatter: входов 5 на 377 тыс. KZT, выходов 26 на 2,3 млн KZT; betweenness 0.0020; достижим от 7 seed",False,1,5,26,377366.11,2319556.0,7,29,377366.11,0.1627,0.00086697,0.00204004,7,7,2026-07-23,2026-07-31,False,
100000004158362100,terminal,0.5,0,0.2355,v0: признаки конечного получателя: входов 1 на 12 тыс. KZT; исходящих в выгрузке 0; достижим от 7 seed,False,2,1,0,12000.0,0.0,1,0,0.0,0.0,0.00029138,0.0,7,1,2026-07-02,2026-07-02,False,
100000004159526100,consolidator,0.5,14,0.8476,v0: признаки консолидации (fan-in): входов 4 на 275 тыс. KZT; выходов 4 на 68 тыс. KZT; достижим от 8 seed,False,1,4,4,275037.0,68000.0,4,6,68000.0,0.2472,0.0008532,9.788e-05,8,7,2026-07-01,2026-07-27,False,
100000004160650100,distributor,0.4,23,0.7204,"v0: признаки распределения (fan-out): выходов 10 на 1,5 млн KZT; входов 2 на 75 тыс. KZT; достижим от 1 seed",False,2,2,10,75100.0,1489827.0,4,40,75100.0,0.0504,0.00036923,5.35e-06,1,16,2026-07-01,2026-07-30,False,
100000004167082100,peripheral,0.3,12,0.4686,"v0: признаков роли мало: входов 1 (13 тыс. KZT), выходов 0 (0 KZT); достижим от 7 seed; граница выгрузки (глубина 4)",False,4,1,0,13300.0,0.0,1,0,0.0,0.0,0.00038491,0.0,7,1,2026-07-01,2026-07-01,True,depth4_boundary
100000004174835100,peripheral,0.3,75,0.1066,"v0: переводов в выгрузке нет; глубина 0; seed, входы неполны",True,0,0,0,0.0,0.0,0,0,0.0,0.0,0.00028557,0.0,0,0,,,False,seed_inflow_incomplete;isolated
100000004177936100,peripheral,0.3,3,0.4243,"v0: признаков роли мало: входов 1 (10 тыс. KZT), выходов 0 (0 KZT); достижим от 7 seed; граница выгрузки (глубина 4)",False,4,1,0,10000.0,0.0,1,0,0.0,0.0,0.00033701,0.0,7,1,2026-07-05,2026-07-05,True,depth4_boundary
100000004180097100,consolidator,0.375,0,0.8368,v0: признаки консолидации (fan-in): входов 3 на 105 тыс. KZT; выходов 3 на 48 тыс. KZT; достижим от 7 seed,False,1,3,3,104854.0,47800.0,5,7,47800.0,0.4559,0.00085653,0.00031367,7,6,2026-07-01,2026-07-31,False,
100000004183610100,peripheral,0.3,12,0.583,"v0: признаков роли мало: входов 1 (22 тыс. KZT), выходов 1 (915 тыс. KZT); достижим от 7 seed",False,3,1,1,22000.0,915000.0,1,3,22000.0,0.024,0.00034076,1.962e-05,7,4,2026-07-18,2026-07-30,False,
100000004184158100,terminal,0.5,0,0.34,v0: признаки конечного получателя: входов 1 на 204 тыс. KZT; исходящих в выгрузке 0; достижим от 7 seed,False,3,1,0,203805.0,0.0,1,0,0.0,0.0,0.00030364,0.0,7,1,2026-07-24,2026-07-24,False,
100000004185681100,terminal,0.5,2,0.5373,v0: признаки конечного получателя: входов 1 на 10 тыс. KZT; исходящих в выгрузке 0; достижим от 7 seed,False,3,1,0,10000.0,0.0,1,0,0.0,0.0,0.0005353,0.0,7,1,2026-07-14,2026-07-14,False,
100000004186824100,peripheral,0.3,4,0.6639,"v0: признаков роли мало: входов 2 (452 тыс. KZT), выходов 1 (7 тыс. KZT); достижим от 7 seed",False,1,2,1,451700.0,7000.0,7,1,7000.0,0.0155,0.00038193,2.18e-06,7,7,2026-07-09,2026-07-24,False,
100000004188160100,peripheral,0.3,4,0.5417,"v0: признаков роли мало: входов 2 (88 тыс. KZT), выходов 5 (134 тыс. KZT); достижим от 7 seed",False,1,2,5,87862.0,133846.0,5,6,87862.0,0.6564,0.00029683,0.0024601,7,8,2026-07-03,2026-07-29,False,
100000004192107100,terminal,0.5,2,0.3102,v0: признаки конечного получателя: входов 1 на 25 тыс. KZT; исходящих в выгрузке 0; достижим от 8 seed,False,2,1,0,25000.0,0.0,1,0,0.0,0.0,0.0002993,0.0,8,1,2026-07-29,2026-07-29,False,
100000004192865100,terminal,0.5,28,0.5551,v0: признаки конечного получателя: входов 1 на 67 тыс. KZT; исходящих в выгрузке 0; достижим от 1 seed,False,2,1,0,66666.0,0.0,1,0,0.0,0.0,0.00055581,0.0,1,1,2026-07-01,2026-07-01,False,
100000004193835100,peripheral,0.3,4,0.7573,"v0: признаков роли мало: входов 1 (47 тыс. KZT), выходов 1 (5 тыс. KZT); достижим от 7 seed; seed, входы неполны",True,0,1,1,47000.0,5000.0,1,1,5000.0,0.1064,0.00046993,6.68e-06,7,1,2026-07-09,2026-07-09,False,seed_inflow_incomplete
100000004200745100,peripheral,0.3,10,0.5687,"v0: признаков роли мало: входов 1 (130 тыс. KZT), выходов 0 (0 KZT); достижим от 9 seed; граница выгрузки (глубина 4)",False,4,1,0,130000.0,0.0,4,0,0.0,0.0,0.00060101,0.0,9,4,2026-07-03,2026-07-23,True,depth4_boundary
100000004206046100,terminal,0.5,4,0.1474,v0: признаки конечного получателя: входов 1 на 11 тыс. KZT; исходящих в выгрузке 0; достижим от 7 seed,False,1,1,0,11075.0,0.0,1,0,0.0,0.0,0.00028676,0.0,7,1,2026-07-05,2026-07-05,False,
100000004209339100,peripheral,0.3,11,0.7902,"v0: признаков роли мало: входов 1 (138 тыс. KZT), выходов 2 (238 тыс. KZT); достижим от 8 seed",False,2,1,2,138500.0,238500.0,6,11,138500.0,0.5807,0.00081953,2.1e-05,8,11,2026-07-06,2026-07-31,False,
100000004213658100,terminal,0.5,1,0.2262,v0: признаки конечного получателя: входов 1 на 25 тыс. KZT; исходящих в выгрузке 0; достижим от 1 seed,False,1,1,0,25347.0,0.0,1,0,0.0,0.0,0.00029089,0.0,1,1,2026-07-15,2026-07-15,False,
100000004217419100,peripheral,0.3,3,0.762,"v0: признаков роли мало: входов 2 (118 тыс. KZT), выходов 1 (8 тыс. KZT); достижим от 7 seed",False,3,2,1,118200.0,7700.0,3,1,7700.0,0.0651,0.00058418,1.942e-05,7,3,2026-07-20,2026-07-23,False,
100000004218576100,terminal,0.5,1,0.2287,v0: признаки конечного получателя: входов 1 на 26 тыс. KZT; исходящих в выгрузке 0; достижим от 1 seed,False,1,1,0,26144.0,0.0,1,0,0.0,0.0,0.00029106,0.0,1,1,2026-07-13,2026-07-13,False,
100000004221668100,consolidator,0.5,26,0.8742,"v0: признаки консолидации (fan-in): входов 4 на 1,1 млн KZT; выходов 3 на 731 тыс. KZT; достижим от 1 seed",False,2,4,3,1128300.0,731440.0,8,10,731440.0,0.6483,0.00309017,4.56e-06,1,13,2026-07-04,2026-07-29,False,
100000004222274100,peripheral,0.3,0,0.5462,"v0: признаков роли мало: входов 1 (16 тыс. KZT), выходов 0 (0 KZT); достижим от 7 seed; граница выгрузки (глубина 4)",False,4,1,0,15500.0,0.0,1,0,0.0,0.0,0.00054542,0.0,7,1,2026-07-29,2026-07-29,True,depth4_boundary
100000004225615100,terminal,0.5,8,0.2682,v0: признаки конечного получателя: входов 1 на 90 тыс. KZT; исходящих в выгрузке 0; достижим от 1 seed,False,2,1,0,90000.0,0.0,2,0,0.0,0.0,0.00029404,0.0,1,1,2026-07-02,2026-07-02,False,
100000004226848100,terminal,0.5,2,0.4366,v0: признаки конечного получателя: входов 1 на 302 тыс. KZT; исходящих в выгрузке 0; достижим от 10 seed,False,1,1,0,301866.0,0.0,1,0,0.0,0.0,0.00034601,0.0,10,1,2026-07-28,2026-07-28,False,
100000004232712100,peripheral,0.3,5,0.5238,"v0: признаков роли мало: входов 1 (12 тыс. KZT), выходов 0 (0 KZT); достижим от 7 seed; граница выгрузки (глубина 4)",False,4,1,0,12500.0,0.0,1,0,0.0,0.0,0.00052928,0.0,7,1,2026-07-14,2026-07-14,True,depth4_boundary
100000004235471100,peripheral,0.3,5,0.4392,"v0: признаков роли мало: входов 1 (180 тыс. KZT), выходов 0 (0 KZT); достижим от 7 seed; граница выгрузки (глубина 4)",False,4,1,0,180000.0,0.0,1,0,0.0,0.0,0.00034861,0.0,7,1,2026-07-20,2026-07-20,True,depth4_boundary
100000004241142100,peripheral,0.3,0,0.5255,"v0: признаков роли мало: входов 1 (27 тыс. KZT), выходов 0 (0 KZT); достижим от 7 seed; граница выгрузки (глубина 4)",False,4,1,0,27102.0,0.0,1,0,0.0,0.0,0.00053013,0.0,7,1,2026-07-11,2026-07-11,True,depth4_boundary
100000004254434100,terminal,0.5,1,0.2771,v0: признаки конечного получателя: входов 1 на 44 тыс. KZT; исходящих в выгрузке 0; достижим от 1 seed,False,1,1,0,44445.0,0.0,2,0,0.0,0.0,0.0002949,0.0,1,1,2026-07-13,2026-07-13,False,
100000004257714100,terminal,0.5,1,0.2646,v0: признаки конечного получателя: входов 1 на 52 тыс. KZT; исходящих в выгрузке 0; достижим от 1 seed,False,3,1,0,52220.0,0.0,1,0,0.0,0.0,0.00029372,0.0,1,1,2026-07-10,2026-07-10,False,
100000004260869100,peripheral,0.3,4,0.5943,"v0: признаков роли мало: входов 1 (10 тыс. KZT), выходов 0 (0 KZT); достижим от 7 seed; граница выгрузки (глубина 4)",False,4,1,0,10000.0,0.0,1,0,0.0,0.0,0.00084221,0.0,7,1,2026-07-14,2026-07-14,True,depth4_boundary
100000004261340100,peripheral,0.3,0,0.4381,"v0: признаков роли мало: входов 1 (48 тыс. KZT), выходов 0 (0 KZT); достижим от 7 seed; граница выгрузки (глубина 4)",False,4,1,0,48500.0,0.0,4,0,0.0,0.0,0.00034739,0.0,7,4,2026-07-01,2026-07-09,True,depth4_boundary
100000004263867100,peripheral,0.3,7,0.2176,"v0: признаков роли мало: входов 1 (9 тыс. KZT), выходов 0 (0 KZT); достижим от 1 seed; граница выгрузки (глубина 4)",False,4,1,0,9000.0,0.0,1,0,0.0,0.0,0.00029039,0.0,1,1,2026-07-30,2026-07-30,True,depth4_boundary
100000004265639100,peripheral,0.3,3,0.5529,"v0: признаков роли мало: входов 1 (10 тыс. KZT), выходов 0 (0 KZT); достижим от 7 seed; граница выгрузки (глубина 4)",False,4,1,0,10000.0,0.0,1,0,0.0,0.0,0.00055232,0.0,7,1,2026-07-27,2026-07-27,True,depth4_boundary
100000004268036100,peripheral,0.3,7,0.1794,"v0: признаков роли мало: входов 1 (6 тыс. KZT), выходов 0 (0 KZT); достижим от 1 seed; граница выгрузки (глубина 4)",False,4,1,0,5500.0,0.0,1,0,0.0,0.0,0.00028851,0.0,1,1,2026-07-24,2026-07-24,True,depth4_boundary
100000004269433100,peripheral,0.3,58,0.2317,"v0: признаков роли мало: входов 0 (0 KZT), выходов 1 (1,4 млн KZT); seed, входы неполны",True,0,0,1,0.0,1372000.0,0,67,0.0,0.0,0.00028557,0.0,0,16,2026-07-01,2026-07-28,False,seed_inflow_incomplete
100000004272302100,peripheral,0.3,44,0.1628,"v0: признаков роли мало: входов 1 (10 тыс. KZT), выходов 0 (0 KZT); достижим от 7 seed; граница выгрузки (глубина 4)",False,4,1,0,10000.0,0.0,1,0,0.0,0.0,0.00028774,0.0,7,1,2026-07-15,2026-07-15,True,depth4_boundary
100000004278574100,peripheral,0.3,5,0.2944,"v0: признаков роли мало: входов 1 (25 тыс. KZT), выходов 1 (12 тыс. KZT); достижим от 7 seed",False,3,1,1,25000.0,12500.0,1,1,12500.0,0.5,0.00028638,1.922e-05,7,2,2026-07-03,2026-07-14,False,
100000004285800100,peripheral,0.3,0,0.5856,"v0: признаков роли мало: входов 1 (5 тыс. KZT), выходов 1 (15 тыс. KZT); достижим от 10 seed",False,2,1,1,5000.0,15000.0,1,1,5000.0,0.3333,0.00034422,0.0,10,2,2026-07-04,2026-07-17,False,
100000004286573100,terminal,0.5,10,0.1754,v0: признаки конечного получателя: входов 1 на 17 тыс. KZT; исходящих в выгрузке 0; достижим от 1 seed,False,1,1,0,16590.0,0.0,1,0,0.0,0.0,0.00028832,0.0,1,1,2026-07-14,2026-07-14,False,
100000004291560100,terminal,0.5,0,0.171,v0: признаки конечного получателя: входов 1 на 47 тыс. KZT; исходящих в выгрузке 0; достижим от 7 seed,False,3,1,0,47190.0,0.0,1,0,0.0,0.0,0.00028823,0.0,7,1,2026-07-24,2026-07-24,False,
100000004291663100,peripheral,0.3,0,0.3674,"v0: признаков роли мало: входов 1 (25 тыс. KZT), выходов 0 (0 KZT); достижим от 7 seed; граница выгрузки (глубина 4)",False,4,1,0,25000.0,0.0,1,0,0.0,0.0,0.00031117,0.0,7,1,2026-07-31,2026-07-31,True,depth4_boundary
100000004292885100,terminal,0.5,1,0.3367,v0: признаки конечного получателя: входов 1 на 113 тыс. KZT; исходящих в выгрузке 0; достижим от 1 seed,False,3,1,0,112700.0,0.0,1,0,0.0,0.0,0.00030316,0.0,1,1,2026-07-01,2026-07-01,False,
100000004299488100,consolidator,0.75,0,0.8668,"v0: признаки консолидации (fan-in): входов 6 на 1,7 млн KZT; выходов 2 на 345 тыс. KZT; достижим от 7 seed",False,1,6,2,1749000.0,344999.0,22,14,344999.0,0.1973,0.00146212,2.081e-05,7,12,2026-07-08,2026-07-23,False,
100000004315838100,peripheral,0.3,2,0.4332,"v0: признаков роли мало: входов 2 (50 тыс. KZT), выходов 1 (18 тыс. KZT); достижим от 10 seed",False,1,2,1,50000.0,18000.0,2,1,18000.0,0.36,0.00029139,2.378e-05,10,3,2026-07-01,2026-07-23,False,
100000004318918100,terminal,0.5,11,0.2953,v0: признаки конечного получателя: входов 1 на 76 тыс. KZT; исходящих в выгрузке 0; достижим от 8 seed,False,1,1,0,75600.0,0.0,1,0,0.0,0.0,0.00029704,0.0,8,1,2026-07-21,2026-07-21,False,
100000004321983100,peripheral,0.3,26,0.6034,"v0: признаков роли мало: входов 1 (11 тыс. KZT), выходов 2 (36 тыс. KZT); достижим от 1 seed",False,3,1,2,10840.0,36200.0,1,3,10840.0,0.2994,0.00032378,1.39e-06,1,3,2026-07-04,2026-07-31,False,
100000004325327100,transit,0.9423,0,0.4828,"v0: признаки транзита: вход 71 тыс. KZT, выход 70 тыс. KZT; доля прохода 0.99, входов 2, выходов 1; достижим от 7 seed",False,1,2,1,70817.0,70000.0,3,1,70000.0,0.9885,0.00029579,3.844e-05,7,4,2026-07-03,2026-07-29,False,
100000004326224100,peripheral,0.3,5,0.5367,"v0: признаков роли мало: входов 1 (60 тыс. KZT), выходов 0 (0 KZT); достижим от 7 seed; граница выгрузки (глубина 4)",False,4,1,0,60000.0,0.0,1,0,0.0,0.0,0.00053488,0.0,7,1,2026-07-04,2026-07-04,True,depth4_boundary
100000004330371100,peripheral,0.3,4,0.831,"v0: признаков роли мало: входов 2 (264 тыс. KZT), выходов 2 (91 тыс. KZT); достижим от 7 seed",False,1,2,2,264171.0,90681.0,12,6,90681.0,0.3433,0.00125427,0.00033467,7,8,2026-07-08,2026-07-30,False,
100000004331458100,terminal,0.5,46,0.7631,v0: признаки конечного получателя: входов 2 на 250 тыс. KZT; исходящих в выгрузке 0; достижим от 1 seed,False,2,2,0,250000.0,0.0,2,0,0.0,0.0,0.00132344,0.0,1,2,2026-07-01,2026-07-16,False,
100000004336228100,terminal,0.5,3,0.2873,v0: признаки конечного получателя: входов 1 на 51 тыс. KZT; исходящих в выгрузке 0; достижим от 7 seed,False,3,1,0,51407.0,0.0,2,0,0.0,0.0,0.00029603,0.0,7,1,2026-07-27,2026-07-27,False,
100000004336312100,consolidator,0.375,32,0.8154,v0: признаки консолидации (fan-in): входов 3 на 90 тыс. KZT; выходов 2 на 73 тыс. KZT; достижим от 7 seed,False,2,3,2,90415.0,72650.0,7,3,72650.0,0.8035,0.00069601,3.378e-05,7,6,2026-07-01,2026-07-31,False,
100000004340038100,peripheral,0.3,12,0.3503,"v0: признаков роли мало: входов 1 (10 тыс. KZT), выходов 1 (49 тыс. KZT); достижим от 7 seed",False,3,1,1,9978.0,49000.0,1,1,9978.0,0.2036,0.00028926,1.922e-05,7,2,2026-07-08,2026-07-17,False,
100000004350094100,peripheral,0.3,18,0.5994,"v0: признаков роли мало: входов 1 (20 тыс. KZT), выходов 0 (0 KZT); достижим от 7 seed; граница выгрузки (глубина 4)",False,4,1,0,20000.0,0.0,1,0,0.0,0.0,0.00089395,0.0,7,1,2026-07-06,2026-07-06,True,depth4_boundary
100000004351795100,coordinator,0.95,0,0.6439,"v0: признаки gather-scatter: входов 3 на 118 тыс. KZT, выходов 14 на 1,7 млн KZT; betweenness 0.0024; достижим от 7 seed",False,1,3,14,118333.0,1715161.0,3,37,118333.0,0.069,0.00031352,0.00242852,7,19,2026-07-01,2026-07-30,False,
100000004356593100,peripheral,0.3,2,0.4137,"v0: признаков роли мало: входов 1 (50 тыс. KZT), выходов 1 (10 тыс. KZT); достижим от 7 seed",False,2,1,1,50000.0,10000.0,1,1,10000.0,0.2,0.00029345,1.922e-05,7,2,2026-07-07,2026-07-14,False,
100000004358004100,distributor,0.44,2,0.4918,"v0: признаки распределения (fan-out): выходов 11 на 981 тыс. KZT; входов 0 на 0 KZT; seed, входы неполны",True,0,0,11,0.0,980850.0,0,17,0.0,0.0,0.00028557,0.0,0,12,2026-07-15,2026-07-28,False,seed_inflow_incomplete
100000004360785100,terminal,0.5,4,0.2849,v0: признаки конечного получателя: входов 1 на 95 тыс. KZT; исходящих в выгрузке 0; достижим от 7 seed,False,1,1,0,94705.0,0.0,1,0,0.0,0.0,0.00029575,0.0,7,1,2026-07-13,2026-07-13,False,
100000004368189100,peripheral,0.3,13,0.5387,"v0: признаков роли мало: входов 1 (385 тыс. KZT), выходов 2 (28 тыс. KZT); достижим от 2 seed",False,3,1,2,384600.0,28200.0,1,2,28200.0,0.0733,0.00030389,2.77e-06,2,3,2026-07-08,2026-07-12,False,
100000004377043100,peripheral,0.3,27,0.4537,"v0: признаков роли мало: входов 1 (6 тыс. KZT), выходов 0 (0 KZT); достижим от 7 seed; граница выгрузки (глубина 4)",False,4,1,0,5700.0,0.0,1,0,0.0,0.0,0.00036355,0.0,7,1,2026-07-21,2026-07-21,True,depth4_boundary
100000004379306100,peripheral,0.3,3,0.5315,"v0: признаков роли мало: входов 1 (15 тыс. KZT), выходов 0 (0 KZT); достижим от 7 seed; граница выгрузки (глубина 4)",False,4,1,0,15000.0,0.0,1,0,0.0,0.0,0.00053205,0.0,7,1,2026-07-12,2026-07-12,True,depth4_boundary
100000004386258100,consolidator,0.375,10,0.7763,v0: признаки консолидации (fan-in): входов 3 на 62 тыс. KZT; выходов 3 на 40 тыс. KZT; достижим от 9 seed,False,2,3,3,61700.0,40000.0,3,3,40000.0,0.6483,0.00053367,0.00012047,9,3,2026-07-05,2026-07-30,False,
100000004386286100,peripheral,0.3,10,0.5673,"v0: признаков роли мало: входов 1 (12 тыс. KZT), выходов 0 (0 KZT); достижим от 9 seed; граница выгрузки (глубина 4)",False,4,1,0,12500.0,0.0,1,0,0.0,0.0,0.00059729,0.0,9,1,2026-07-29,2026-07-29,True,depth4_boundary
100000004386331100,transit,0.375,10,0.7159,"v0: признаки транзита: вход 20 тыс. KZT, выход 18 тыс. KZT; доля прохода 0.88, входов 1, выходов 2; достижим от 9 seed",False,3,1,2,20000.0,17500.0,1,2,17500.0,0.875,0.00051269,2.021e-05,9,3,2026-07-05,2026-07-30,False,
100000004388209100,terminal,0.5,1,0.1674,v0: признаки конечного получателя: входов 1 на 12 тыс. KZT; исходящих в выгрузке 0; достижим от 1 seed,False,1,1,0,11800.0,0.0,1,0,0.0,0.0,0.00028805,0.0,1,1,2026-07-30,2026-07-30,False,
100000004388353100,terminal,0.5,11,0.5827,v0: признаки конечного получателя: входов 2 на 63 тыс. KZT; исходящих в выгрузке 0; достижим от 8 seed,False,1,2,0,62960.0,0.0,2,0,0.0,0.0,0.00034076,0.0,8,2,2026-07-11,2026-07-19,False,
100000004388983100,peripheral,0.3,63,0.3841,"v0: признаков роли мало: входов 0 (0 KZT), выходов 2 (451 тыс. KZT); seed, входы неполны",True,0,0,2,0.0,450816.0,0,23,0.0,0.0,0.00028557,0.0,0,5,2026-07-27,2026-07-31,False,seed_inflow_incomplete
100000004390333100,peripheral,0.3,0,0.54,"v0: признаков роли мало: входов 2 (65 тыс. KZT), выходов 9 (506 тыс. KZT); достижим от 7 seed",False,1,2,9,64558.0,506500.0,2,14,64558.0,0.1275,0.00029521,0.00015842,7,9,2026-07-02,2026-07-31,False,
100000004394765100,consolidator,0.375,4,0.6993,v0: признаки консолидации (fan-in): входов 3 на 604 тыс. KZT; выходов 2 на 82 тыс. KZT; достижим от 7 seed,False,1,3,2,603844.0,82500.0,10,2,82500.0,0.1366,0.00038028,6.516e-05,7,7,2026-07-09,2026-07-27,False,
100000004398811100,peripheral,0.3,2,0.6611,"v0: признаков роли мало: входов 1 (426 тыс. KZT), выходов 3 (1,0 млн KZT); достижим от 1 seed",False,2,1,3,426000.0,1040672.0,1,4,426000.0,0.4094,0.00034969,1.49e-06,1,4,2026-07-13,2026-07-31,False,
100000004399686100,terminal,0.5,22,0.5611,v0: признаки конечного получателя: входов 1 на 806 тыс. KZT; исходящих в выгрузке 0; достижим от 1 seed,False,3,1,0,806000.0,0.0,2,0,0.0,0.0,0.00057081,0.0,1,1,2026-07-09,2026-07-09,False,
100000004400305100,coordinator,1.0,0,0.7415,"v0: признаки gather-scatter: входов 7 на 223 тыс. KZT, выходов 82 на 5,8 млн KZT; betweenness 0.0026; достижим от 7 seed",False,2,7,82,222800.0,5830181.0,9,101,222800.0,0.0382,0.00038582,0.00260915,7,22,2026-07-03,2026-07-29,False,
100000004400361100,terminal,0.5,4,0.1543,v0: признаки конечного получателя: входов 1 на 10 тыс. KZT; исходящих в выгрузке 0; достижим от 7 seed,False,2,1,0,10000.0,0.0,1,0,0.0,0.0,0.00028723,0.0,7,1,2026-07-03,2026-07-03,False,
100000004400480100,peripheral,0.3,13,0.5095,"v0: признаков роли мало: входов 1 (22 тыс. KZT), выходов 0 (0 KZT); достижим от 2 seed; граница выгрузки (глубина 4)",False,4,1,0,21700.0,0.0,1,0,0.0,0.0,0.00048457,0.0,2,1,2026-07-12,2026-07-12,True,depth4_boundary
100000004403548100,peripheral,0.3,3,0.4584,"v0: признаков роли мало: входов 1 (5 тыс. KZT), выходов 0 (0 KZT); достижим от 7 seed; граница выгрузки (глубина 4)",False,4,1,0,5000.0,0.0,1,0,0.0,0.0,0.00036787,0.0,7,1,2026-07-02,2026-07-02,True,depth4_boundary
100000004403641100,peripheral,0.3,13,0.3209,"v0: признаков роли мало: входов 1 (172 тыс. KZT), выходов 0 (0 KZT); достижим от 8 seed; граница выгрузки (глубина 4)",False,4,1,0,171500.0,0.0,1,0,0.0,0.0,0.00030055,0.0,8,1,2026-07-30,2026-07-30,True,depth4_boundary
100000004403675100,coordinator,0.5833,19,0.8425,"v0: признаки gather-scatter: входов 4 на 183 тыс. KZT, выходов 5 на 265 тыс. KZT; betweenness 0.0028; достижим от 7 seed",False,1,4,5,182980.0,264699.0,8,6,182980.0,0.6913,0.00074007,0.00278767,7,8,2026-07-01,2026-07-20,False,
100000004407753100,peripheral,0.3,27,0.7498,"v0: признаков роли мало: входов 1 (250 тыс. KZT), выходов 1 (100 тыс. KZT); достижим от 7 seed",False,3,1,1,250000.0,100000.0,4,1,100000.0,0.4,0.00087856,0.0,7,4,2026-07-08,2026-07-14,False,
100000004408683100,terminal,0.5,4,0.6212,v0: признаки конечного получателя: входов 2 на 113 тыс. KZT; исходящих в выгрузке 0; достижим от 7 seed,False,1,2,0,112919.68,0.0,3,0,0.0,0.0,0.00038531,0.0,7,3,2026-07-05,2026-07-14,False,
100000004410489100,terminal,0.5,2,0.3805,v0: признаки конечного получателя: входов 1 на 54 тыс. KZT; исходящих в выгрузке 0; достижим от 7 seed,False,2,1,0,54000.0,0.0,1,0,0.0,0.0,0.00031422,0.0,7,1,2026-07-12,2026-07-12,False,
100000004417753100,terminal,0.5,2,0.6274,v0: признаки конечного получателя: входов 2 на 192 тыс. KZT; исходящих в выгрузке 0; достижим от 7 seed,False,3,2,0,192099.0,0.0,2,0,0.0,0.0,0.00039315,0.0,7,1,2026-07-30,2026-07-30,False,
100000004418967100,peripheral,0.3,9,0.5004,"v0: признаков роли мало: входов 1 (100 тыс. KZT), выходов 0 (0 KZT); достижим от 8 seed; граница выгрузки (глубина 4)",False,4,1,0,100000.0,0.0,1,0,0.0,0.0,0.00045347,0.0,8,1,2026-07-21,2026-07-21,True,depth4_boundary
100000004420041100,peripheral,0.3,10,0.5685,"v0: признаков роли мало: входов 1 (70 тыс. KZT), выходов 7 (652 тыс. KZT); достижим от 7 seed",False,3,1,7,69638.0,651830.0,1,11,69638.0,0.1068,0.00029974,0.00015425,7,8,2026-07-01,2026-07-31,False,
100000004424023100,peripheral,0.3,6,0.754,"v0: признаков роли мало: входов 1 (50 тыс. KZT), выходов 1 (100 тыс. KZT); достижим от 9 seed",False,2,1,1,50000.0,100000.0,1,1,50000.0,0.5,0.00097171,2.041e-05,9,2,2026-07-01,2026-07-09,False,
100000004433250100,peripheral,0.3,0,0.3507,"v0: признаков роли мало: входов 1 (8 тыс. KZT), выходов 0 (0 KZT); достижим от 7 seed; граница выгрузки (глубина 4)",False,4,1,0,8000.0,0.0,1,0,0.0,0.0,0.00030657,0.0,7,1,2026-07-25,2026-07-25,True,depth4_boundary
100000004435304100,terminal,0.5,1,0.2726,v0: признаки конечного получателя: входов 1 на 26 тыс. KZT; исходящих в выгрузке 0; достижим от 1 seed,False,2,1,0,26200.0,0.0,1,0,0.0,0.0,0.00029447,0.0,1,1,2026-07-31,2026-07-31,False,
100000004441291100,terminal,0.5,2,0.55,v0: признаки конечного получателя: входов 1 на 20 тыс. KZT; исходящих в выгрузке 0; достижим от 10 seed,False,2,1,0,20000.0,0.0,1,0,0.0,0.0,0.00054884,0.0,10,1,2026-07-03,2026-07-03,False,
100000004445291100,terminal,0.5,24,0.3954,v0: признаки конечного получателя: входов 1 на 20 тыс. KZT; исходящих в выгрузке 0; достижим от 7 seed,False,3,1,0,19500.0,0.0,2,0,0.0,0.0,0.00031924,0.0,7,2,2026-07-04,2026-07-05,False,
100000004449824100,peripheral,0.3,7,0.2176,"v0: признаков роли мало: входов 1 (9 тыс. KZT), выходов 0 (0 KZT); достижим от 1 seed; граница выгрузки (глубина 4)",False,4,1,0,9000.0,0.0,1,0,0.0,0.0,0.00029039,0.0,1,1,2026-07-28,2026-07-28,True,depth4_boundary
100000004450649100,peripheral,0.3,5,0.5281,"v0: признаков роли мало: входов 2 (193 тыс. KZT), выходов 2 (47 тыс. KZT); достижим от 7 seed",False,3,2,2,192528.0,46527.0,2,2,46527.0,0.2417,0.00029896,0.00013875,7,4,2026-07-13,2026-07-27,False,
100000004451012100,peripheral,0.3,18,0.5468,"v0: признаков роли мало: входов 1 (91 тыс. KZT), выходов 3 (66 тыс. KZT); достижим от 7 seed",False,3,1,3,91245.0,65740.0,1,3,65740.0,0.7205,0.00030117,5.766e-05,7,2,2026-07-06,2026-07-26,False,
100000004456564100,terminal,0.5,14,0.4745,v0: признаки конечного получателя: входов 1 на 10 тыс. KZT; исходящих в выгрузке 0; достижим от 8 seed,False,2,1,0,10000.0,0.0,2,0,0.0,0.0,0.00039239,0.0,8,2,2026-07-24,2026-07-27,False,
100000004463277100,terminal,0.5,28,0.5818,v0: признаки конечного получателя: входов 1 на 35 тыс. KZT; исходящих в выгрузке 0; достижим от 1 seed,False,2,1,0,35000.0,0.0,1,0,0.0,0.0,0.00069192,0.0,1,1,2026-07-05,2026-07-05,False,
100000004467157100,peripheral,0.3,32,0.6219,"v0: признаков роли мало: входов 1 (20 тыс. KZT), выходов 1 (7 тыс. KZT); достижим от 7 seed",False,2,1,1,20000.0,7000.0,3,1,7000.0,0.35,0.00038656,0.0,7,4,2026-07-09,2026-07-31,False,
100000004472936100,peripheral,0.3,12,0.5309,"v0: признаков роли мало: входов 1 (5 тыс. KZT), выходов 0 (0 KZT); достижим от 7 seed; граница выгрузки (глубина 4)",False,4,1,0,5000.0,0.0,1,0,0.0,0.0,0.0005319,0.0,7,1,2026-07-21,2026-07-21,True,depth4_boundary
100000004475818100,peripheral,0.3,5,0.5839,"v0: признаков роли мало: входов 1 (13 тыс. KZT), выходов 3 (54 тыс. KZT); достижим от 7 seed",False,3,1,3,13000.0,53989.0,1,3,13000.0,0.2408,0.00030981,6.94e-05,7,2,2026-07-30,2026-07-31,False,
100000004479404100,peripheral,0.3,42,0.7933,"v0: признаков роли мало: входов 2 (1,5 млн KZT), выходов 1 (300 тыс. KZT); достижим от 7 seed",False,2,2,1,1492000.0,300000.0,8,2,300000.0,0.2011,0.00086671,9.61e-05,7,8,2026-07-02,2026-07-28,False,
100000004480280100,peripheral,0.3,2,0.5814,"v0: признаков роли мало: входов 1 (147 тыс. KZT), выходов 2 (296 тыс. KZT); достижим от 10 seed",False,1,1,2,146694.0,295850.0,1,7,146694.0,0.4958,0.00031494,3.572e-05,10,7,2026-07-05,2026-07-27,False,
100000004486525100,consolidator,1.0,0,0.8488,v0: признаки консолидации (fan-in): входов 8 на 361 тыс. KZT; выходов 2 на 271 тыс. KZT; достижим от 7 seed,False,2,8,2,360924.0,271045.0,21,3,271045.0,0.751,0.0008058,4.76e-06,7,5,2026-07-01,2026-07-06,False,
100000004488265100,terminal,0.5,3,0.2611,v0: признаки конечного получателя: входов 1 на 39 тыс. KZT; исходящих в выгрузке 0; достижим от 7 seed,False,3,1,0,38740.0,0.0,1,0,0.0,0.0,0.00029345,0.0,7,1,2026-07-18,2026-07-18,False,
100000004491749100,terminal,0.5,6,0.4406,v0: признаки конечного получателя: входов 1 на 50 тыс. KZT; исходящих в выгрузке 0; достижим от 1 seed,False,3,1,0,50000.0,0.0,1,0,0.0,0.0,0.00035079,0.0,1,1,2026-07-31,2026-07-31,False,
100000004491881100,terminal,0.5,1,0.1945,v0: признаки конечного получателя: входов 1 на 17 тыс. KZT; исходящих в выгрузке 0; достижим от 1 seed,False,1,1,0,17144.0,0.0,1,0,0.0,0.0,0.00028917,0.0,1,1,2026-07-16,2026-07-16,False,
100000004493586100,terminal,0.5,0,0.1823,v0: признаки конечного получателя: входов 1 на 8 тыс. KZT; исходящих в выгрузке 0; достижим от 7 seed,False,3,1,0,7500.0,0.0,1,0,0.0,0.0,0.00028864,0.0,7,1,2026-07-05,2026-07-05,False,
100000004494983100,terminal,0.5,1,0.254,v0: признаки конечного получателя: входов 1 на 35 тыс. KZT; исходящих в выгрузке 0; достижим от 1 seed,False,1,1,0,35000.0,0.0,1,0,0.0,0.0,0.00029292,0.0,1,1,2026-07-14,2026-07-14,False,
100000004497606100,terminal,0.5,1,0.1878,v0: признаки конечного получателя: входов 1 на 16 тыс. KZT; исходящих в выгрузке 0; достижим от 1 seed,False,1,1,0,15534.0,0.0,1,0,0.0,0.0,0.00028883,0.0,1,1,2026-07-15,2026-07-15,False,
100000004500444100,peripheral,0.3,14,0.6999,"v0: признаков роли мало: входов 2 (180 тыс. KZT), выходов 1 (74 тыс. KZT); достижим от 7 seed",False,3,2,1,180000.0,74000.0,7,5,74000.0,0.4111,0.00046439,1.942e-05,7,8,2026-07-01,2026-07-23,False,
100000004500781100,peripheral,0.3,14,0.5805,"v0: признаков роли мало: входов 1 (74 тыс. KZT), выходов 0 (0 KZT); достижим от 7 seed; граница выгрузки (глубина 4)",False,4,1,0,74000.0,0.0,5,0,0.0,0.0,0.00068075,0.0,7,3,2026-07-13,2026-07-23,True,depth4_boundary
100000004502048100,peripheral,0.3,18,0.429,"v0: признаков роли мало: входов 1 (14 тыс. KZT), выходов 0 (0 KZT); достижим от 7 seed; граница выгрузки (глубина 4)",False,4,1,0,13888.0,0.0,1,0,0.0,0.0,0.00033971,0.0,7,1,2026-07-06,2026-07-06,True,depth4_boundary
100000004508696100,peripheral,0.3,36,0.7088,"v0: признаков роли мало: входов 1 (7 тыс. KZT), выходов 3 (111 тыс. KZT); достижим от 7 seed",False,3,1,3,7000.0,111000.0,1,4,7000.0,0.0631,0.00042253,3.923e-05,7,3,2026-07-05,2026-07-22,False,
100000004509286100,terminal,0.5,2,0.2623,v0: признаки конечного получателя: входов 1 на 40 тыс. KZT; исходящих в выгрузке 0; достижим от 10 seed,False,1,1,0,40000.0,0.0,1,0,0.0,0.0,0.00029358,0.0,10,1,2026-07-20,2026-07-20,False,
100000004526651100,peripheral,0.3,8,0.2104,"v0: признаков роли мало: входов 1 (33 тыс. KZT), выходов 0 (0 KZT); достижим от 8 seed; граница выгрузки (глубина 4)",False,4,1,0,33000.0,0.0,1,0,0.0,0.0,0.00028991,0.0,8,1,2026-07-17,2026-07-17,True,depth4_boundary
100000004527381100,peripheral,0.3,15,0.6157,"v0: признаков роли мало: входов 1 (119 тыс. KZT), выходов 1 (274 тыс. KZT); достижим от 7 seed",False,2,1,1,119333.17,273866.11,1,1,119333.17,0.4357,0.0003755,0.00032139,7,1,2026-07-29,2026-07-29,False,
100000004539443100,terminal,0.5,2,0.7536,v0: признаки конечного получателя: входов 2 на 62 тыс. KZT; исходящих в выгрузке 0; достижим от 10 seed,False,3,2,0,61990.0,0.0,2,0,0.0,0.0,0.00095618,0.0,10,1,2026-07-18,2026-07-18,False,
100000004544958100,peripheral,0.3,11,0.8069,"v0: признаков роли мало: входов 1 (168 тыс. KZT), выходов 2 (23 тыс. KZT); достижим от 8 seed",False,2,1,2,168000.0,23200.0,3,2,23200.0,0.1381,0.00121461,2.081e-05,8,4,2026-07-08,2026-07-15,False,
100000004549591100,peripheral,0.3,36,0.4982,"v0: признаков роли мало: входов 1 (49 тыс. KZT), выходов 0 (0 KZT); достижим от 7 seed; граница выгрузки (глубина 4)",False,4,1,0,49000.0,0.0,1,0,0.0,0.0,0.00044432,0.0,7,1,2026-07-20,2026-07-20,True,depth4_boundary
100000004552204100,peripheral,0.3,31,0.7931,"v0: признаков роли мало: входов 1 (22 тыс. KZT), выходов 2 (10 тыс. KZT); достижим от 8 seed",False,3,1,2,22500.0,10000.0,2,2,10000.0,0.4444,0.0008647,2.021e-05,8,4,2026-07-01,2026-07-31,False,
100000004553349100,terminal,0.5,5,0.3171,v0: признаки конечного получателя: входов 1 на 8 тыс. KZT; исходящих в выгрузке 0; достижим от 7 seed,False,3,1,0,7755.0,0.0,1,0,0.0,0.0,0.00030003,0.0,7,1,2026-07-15,2026-07-15,False,
100000004559194100,terminal,0.5,4,0.3859,v0: признаки конечного получателя: входов 1 на 282 тыс. KZT; исходящих в выгрузке 0; достижим от 7 seed,False,1,1,0,282145.0,0.0,6,0,0.0,0.0,0.0003159,0.0,7,5,2026-07-09,2026-07-14,False,
100000004564736100,terminal,0.5,21,0.4641,v0: признаки конечного получателя: входов 1 на 15 тыс. KZT; исходящих в выгрузке 0; достижим от 7 seed,False,3,1,0,15000.0,0.0,2,0,0.0,0.0,0.00037676,0.0,7,2,2026-07-20,2026-07-23,False,
100000004569484100,peripheral,0.3,7,0.638,"v0: признаков роли мало: входов 2 (98 тыс. KZT), выходов 4 (156 тыс. KZT); достижим от 7 seed",False,3,2,4,98312.0,156000.0,3,4,98312.0,0.6302,0.00031938,0.0027934,7,6,2026-07-03,2026-07-28,False,
100000004569637100,peripheral,0.3,3,0.5536,"v0: признаков роли мало: входов 1 (6 тыс. KZT), выходов 0 (0 KZT); достижим от 7 seed; граница выгрузки (глубина 4)",False,4,1,0,5500.0,0.0,1,0,0.0,0.0,0.00055316,0.0,7,1,2026-07-28,2026-07-28,True,depth4_boundary
100000004571634100,peripheral,0.3,11,0.4617,"v0: признаков роли мало: входов 1 (20 тыс. KZT), выходов 0 (0 KZT); достижим от 8 seed; граница выгрузки (глубина 4)",False,4,1,0,20000.0,0.0,1,0,0.0,0.0,0.00037418,0.0,8,1,2026-07-16,2026-07-16,True,depth4_boundary
100000004573782100,terminal,0.5,6,0.3632,v0: признаки конечного получателя: входов 1 на 15 тыс. KZT; исходящих в выгрузке 0; достижим от 1 seed,False,2,1,0,15000.0,0.0,1,0,0.0,0.0,0.0003099,0.0,1,1,2026-07-26,2026-07-26,False,
100000004580202100,peripheral,0.3,21,0.6238,"v0: признаков роли мало: входов 1 (9 тыс. KZT), выходов 3 (45 тыс. KZT); достижим от 7 seed",False,2,1,3,9000.0,45000.0,1,4,9000.0,0.2,0.00032162,5.944e-05,7,4,2026-07-06,2026-07-23,False,
100000004580254100,terminal,0.5,16,0.5247,v0: признаки конечного получателя: входов 2 на 28 тыс. KZT; исходящих в выгрузке 0; достижим от 7 seed,False,3,2,0,27940.0,0.0,2,0,0.0,0.0,0.00031228,0.0,7,2,2026-07-15,2026-07-19,False,
100000004584730100,peripheral,0.3,42,0.3409,"v0: признаков роли мало: входов 1 (47 тыс. KZT), выходов 0 (0 KZT); достижим от 7 seed; граница выгрузки (глубина 4)",False,4,1,0,47000.0,0.0,1,0,0.0,0.0,0.00030384,0.0,7,1,2026-07-28,2026-07-28,True,depth4_boundary
100000004586598100,peripheral,0.3,65,0.5418,"v0: признаков роли мало: входов 1 (761 тыс. KZT), выходов 0 (0 KZT); достижим от 7 seed; граница выгрузки (глубина 4)",False,4,1,0,761255.0,0.0,4,0,0.0,0.0,0.00053927,0.0,7,4,2026-07-05,2026-07-28,True,depth4_boundary
100000004587414100,terminal,0.5,5,0.536,v0: признаки конечного получателя: входов 2 на 534 тыс. KZT; исходящих в выгрузке 0; достижим от 7 seed,False,3,2,0,533603.0,0.0,2,0,0.0,0.0,0.00031487,0.0,7,2,2026-07-02,2026-07-14,False,
100000004588479100,terminal,0.5,4,0.3427,v0: признаки конечного получателя: входов 1 на 178 тыс. KZT; исходящих в выгрузке 0; достижим от 7 seed,False,1,1,0,177633.0,0.0,2,0,0.0,0.0,0.00030467,0.0,7,2,2026-07-07,2026-07-13,False,
100000004591973100,peripheral,0.3,10,0.6318,"v0: признаков роли мало: входов 1 (10 тыс. KZT), выходов 1 (100 тыс. KZT); достижим от 9 seed",False,3,1,1,10000.0,100000.0,1,1,10000.0,0.1,0.00039913,2.041e-05,9,2,2026-07-19,2026-07-25,False,
100000004592467100,terminal,0.5,2,0.1459,v0: признаки конечного получателя: входов 1 на 7 тыс. KZT; исходящих в выгрузке 0; достижим от 1 seed,False,2,1,0,7000.0,0.0,1,0,0.0,0.0,0.00028662,0.0,1,1,2026-07-27,2026-07-27,False,
100000004596284100,peripheral,0.3,4,0.566,"v0: признаков роли мало: входов 1 (30 тыс. KZT), выходов 0 (0 KZT); достижим от 7 seed; граница выгрузки (глубина 4)",False,4,1,0,30000.0,0.0,1,0,0.0,0.0,0.00059149,0.0,7,1,2026-07-11,2026-07-11,True,depth4_boundary
100000004601193100,peripheral,0.3,11,0.5689,"v0: признаков роли мало: входов 1 (84 тыс. KZT), выходов 0 (0 KZT); достижим от 8 seed; граница выгрузки (глубина 4)",False,4,1,0,84000.0,0.0,3,0,0.0,0.0,0.00060342,0.0,8,3,2026-07-20,2026-07-30,True,depth4_boundary
100000004603109100,consolidator,0.375,22,0.8595,"v0: признаки консолидации (fan-in): входов 3 на 2,7 млн KZT; выходов 2 на 400 тыс. KZT; достижим от 2 seed",False,3,3,2,2730000.0,400000.0,8,2,400000.0,0.1465,0.00317837,6.9e-07,2,6,2026-07-02,2026-07-12,False,
100000004610802100,peripheral,0.3,57,0.506,"v0: признаков роли мало: входов 1 (241 тыс. KZT), выходов 0 (0 KZT); достижим от 7 seed; граница выгрузки (глубина 4)",False,4,1,0,241000.0,0.0,18,0,0.0,0.0,0.00047395,0.0,7,14,2026-07-03,2026-07-29,True,depth4_boundary
100000004611571100,terminal,0.5,0,0.149,v0: признаки конечного получателя: входов 1 на 23 тыс. KZT; исходящих в выгрузке 0; достижим от 7 seed,False,3,1,0,22550.0,0.0,1,0,0.0,0.0,0.00028684,0.0,7,1,2026-07-03,2026-07-03,False,
100000004613582100,peripheral,0.3,6,0.7064,"v0: признаков роли мало: входов 1 (5 тыс. KZT), выходов 1 (10 тыс. KZT); достижим от 1 seed",False,3,1,1,5000.0,9500.0,1,1,5000.0,0.5263,0.00055344,4e-07,1,2,2026-07-03,2026-07-18,False,
100000004616845100,peripheral,0.3,55,0.1872,"v0: признаков роли мало: входов 1 (20 тыс. KZT), выходов 0 (0 KZT); достижим от 7 seed; граница выгрузки (глубина 4)",False,4,1,0,20200.0,0.0,2,0,0.0,0.0,0.00028882,0.0,7,2,2026-07-26,2026-07-27,True,depth4_boundary
100000004622227100,peripheral,0.3,0,0.4371,"v0: признаков роли мало: входов 1 (25 тыс. KZT), выходов 3 (19 тыс. KZT); достижим от 7 seed",False,1,1,3,24931.0,19000.0,1,3,19000.0,0.7621,0.00029025,4.784e-05,7,3,2026-07-03,2026-07-14,False,
100000004629688100,peripheral,0.3,15,0.6228,"v0: признаков роли мало: входов 1 (5 тыс. KZT), выходов 1 (15 тыс. KZT); достижим от 7 seed",False,3,1,1,5000.0,15000.0,1,2,5000.0,0.3333,0.00038797,0.0,7,3,2026-07-19,2026-07-24,False,
100000004634420100,terminal,0.5,1,0.2052,v0: признаки конечного получателя: входов 1 на 26 тыс. KZT; исходящих в выгрузке 0; достижим от 1 seed,False,3,1,0,26150.0,0.0,1,0,0.0,0.0,0.00028965,0.0,1,1,2026-07-22,2026-07-22,False,
100000004635886100,terminal,0.5,4,0.2493,v0: признаки конечного получателя: входов 1 на 23 тыс. KZT; исходящих в выгрузке 0; достижим от 7 seed,False,3,1,0,23000.0,0.0,1,0,0.0,0.0,0.00029246,0.0,7,1,2026-07-19,2026-07-19,False,
100000004644615100,peripheral,0.3,7,0.6597,"v0: признаков роли мало: входов 1 (51 тыс. KZT), выходов 2 (380 тыс. KZT); достижим от 1 seed",False,3,1,2,50810.0,379665.0,1,14,50810.0,0.1338,0.00037437,1.19e-06,1,12,2026-07-06,2026-07-30,False,
100000004652395100,consolidator,0.375,0,0.6203,v0: признаки консолидации (fan-in): входов 3 на 102 тыс. KZT; выходов 0 на 0 KZT; достижим от 7 seed; граница выгрузки (глубина 4),False,4,3,0,101528.0,0.0,5,0,0.0,0.0,0.00033571,0.0,7,1,2026-07-20,2026-07-20,True,depth4_boundary
100000004655046100,peripheral,0.3,7,0.5562,"v0: признаков роли мало: входов 1 (24 тыс. KZT), выходов 0 (0 KZT); достижим от 9 seed; граница выгрузки (глубина 4)",False,4,1,0,24000.0,0.0,1,0,0.0,0.0,0.00055751,0.0,9,1,2026-07-29,2026-07-29,True,depth4_boundary
100000004657034100,terminal,0.5,5,0.2146,v0: признаки конечного получателя: входов 1 на 141 тыс. KZT; исходящих в выгрузке 0; достижим от 7 seed,False,3,1,0,141250.0,0.0,1,0,0.0,0.0,0.00029015,0.0,7,1,2026-07-16,2026-07-16,False,
100000004659919100,peripheral,0.3,48,0.7378,"v0: признаков роли мало: входов 1 (110 тыс. KZT), выходов 1 (39 тыс. KZT); достижим от 10 seed",False,3,1,1,110000.0,39000.0,2,1,39000.0,0.3545,0.00072495,2.417e-05,10,3,2026-07-07,2026-07-21,False,
100000004662806100,peripheral,0.3,10,0.5668,"v0: признаков роли мало: входов 2 (107 тыс. KZT), выходов 2 (60 тыс. KZT); достижим от 8 seed",False,1,2,2,106585.0,59900.0,2,3,59900.0,0.562,0.00030545,3.884e-05,8,4,2026-07-05,2026-07-14,False,
100000004664515100,terminal,0.5,0,0.2515,v0: признаки конечного получателя: входов 1 на 38 тыс. KZT; исходящих в выгрузке 0; достижим от 7 seed,False,1,1,0,37691.0,0.0,1,0,0.0,0.0,0.00029264,0.0,7,1,2026-07-09,2026-07-09,False,
100000004664905100,terminal,0.5,4,0.6377,v0: признаки конечного получателя: входов 2 на 329 тыс. KZT; исходящих в выгрузке 0; достижим от 7 seed,False,1,2,0,329020.0,0.0,4,0,0.0,0.0,0.00041184,0.0,7,4,2026-07-10,2026-07-21,False,
100000004666651100,terminal,0.5,64,0.5006,v0: признаки конечного получателя: входов 1 на 429 тыс. KZT; исходящих в выгрузке 0; достижим от 10 seed,False,2,1,0,429250.0,0.0,1,0,0.0,0.0,0.00045754,0.0,10,1,2026-07-28,2026-07-28,False,
100000004670388100,peripheral,0.3,47,0.7168,"v0: признаков роли мало: входов 1 (160 тыс. KZT), выходов 2 (720 тыс. KZT); достижим от 7 seed",False,3,1,2,160354.0,720000.0,1,4,160354.0,0.2227,0.00051402,1.962e-05,7,3,2026-07-03,2026-07-24,False,
100000004671609100,terminal,0.5,13,0.3187,v0: признаки конечного получателя: входов 1 на 100 тыс. KZT; исходящих в выгрузке 0; достижим от 9 seed,False,3,1,0,100000.0,0.0,1,0,0.0,0.0,0.00030024,0.0,9,1,2026-07-31,2026-07-31,False,
100000004673335100,peripheral,0.3,29,0.5129,"v0: признаков роли мало: входов 1 (80 тыс. KZT), выходов 0 (0 KZT); достижим от 7 seed; граница выгрузки (глубина 4)",False,4,1,0,80000.0,0.0,1,0,0.0,0.0,0.00049409,0.0,7,1,2026-07-05,2026-07-05,True,depth4_boundary
100000004674178100,peripheral,0.3,24,0.3345,"v0: признаков роли мало: входов 1 (20 тыс. KZT), выходов 0 (0 KZT); достижим от 7 seed; граница выгрузки (глубина 4)",False,4,1,0,20000.0,0.0,1,0,0.0,0.0,0.00030274,0.0,7,1,2026-07-07,2026-07-07,True,depth4_boundary
100000004674389100,peripheral,0.3,11,0.4421,"v0: признаков роли мало: входов 1 (15 тыс. KZT), выходов 0 (0 KZT); достижим от 8 seed; граница выгрузки (глубина 4)",False,4,1,0,15000.0,0.0,1,0,0.0,0.0,0.00035203,0.0,8,1,2026-07-17,2026-07-17,True,depth4_boundary
100000004674412100,peripheral,0.3,11,0.5113,"v0: признаков роли мало: входов 1 (46 тыс. KZT), выходов 0 (0 KZT); достижим от 8 seed; граница выгрузки (глубина 4)",False,4,1,0,46000.0,0.0,1,0,0.0,0.0,0.00048937,0.0,8,1,2026-07-31,2026-07-31,True,depth4_boundary
100000004674799100,terminal,0.5,0,0.59,v0: признаки конечного получателя: входов 1 на 140 тыс. KZT; исходящих в выгрузке 0; достижим от 7 seed,False,2,1,0,140000.0,0.0,5,0,0.0,0.0,0.00079067,0.0,7,3,2026-07-15,2026-07-23,False,
100000004676985100,transit,0.2006,0,0.3094,"v0: признаки транзита: вход 32 тыс. KZT, выход 27 тыс. KZT; доля прохода 0.84, входов 1, выходов 1; достижим от 7 seed",False,3,1,1,32260.0,27102.0,1,1,27102.0,0.8401,0.00028739,1.922e-05,7,2,2026-07-08,2026-07-11,False,
100000004677680100,peripheral,0.3,11,0.8029,"v0: признаков роли мало: входов 2 (63 тыс. KZT), выходов 1 (168 тыс. KZT); достижим от 8 seed",False,1,2,1,63000.0,168000.0,2,3,63000.0,0.375,0.00109283,4.121e-05,8,4,2026-07-03,2026-07-13,False,
100000004679953100,consolidator,0.375,3,0.6633,v0: признаки консолидации (fan-in): входов 3 на 344 тыс. KZT; выходов 3 на 34 тыс. KZT; достижим от 7 seed,False,1,3,3,343538.0,34100.0,3,3,34100.0,0.0993,0.00033427,0.00035422,7,5,2026-07-12,2026-07-21,False,
100000004687099100,terminal,0.5,6,0.421,v0: признаки конечного получателя: входов 1 на 30 тыс. KZT; исходящих в выгрузке 0; достижим от 1 seed,False,2,1,0,30000.0,0.0,1,0,0.0,0.0,0.00033422,0.0,1,1,2026-07-18,2026-07-18,False,
100000004687282100,terminal,0.5,4,0.4185,v0: признаки конечного получателя: входов 1 на 20 тыс. KZT; исходящих в выгрузке 0; достижим от 7 seed,False,2,1,0,20000.0,0.0,1,0,0.0,0.0,0.00033227,0.0,7,1,2026-07-07,2026-07-07,False,
100000004689658100,peripheral,0.3,3,0.6217,"v0: признаков роли мало: входов 1 (456 тыс. KZT), выходов 1 (7 тыс. KZT); достижим от 7 seed",False,3,1,1,456100.0,7092.0,1,1,7092.0,0.0155,0.00038632,1.922e-05,7,2,2026-07-22,2026-07-23,False,
100000004691350100,peripheral,0.3,47,0.5978,"v0: признаков роли мало: входов 1 (13 тыс. KZT), выходов 0 (0 KZT); достижим от 7 seed; граница выгрузки (глубина 4)",False,4,1,0,13300.0,0.0,1,0,0.0,0.0,0.00088706,0.0,7,1,2026-07-05,2026-07-05,True,depth4_boundary
100000004692798100,peripheral,0.3,10,0.8167,"v0: признаков роли мало: входов 2 (240 тыс. KZT), выходов 1 (15 тыс. KZT); достижим от 1 seed",False,1,2,1,240305.0,15000.0,4,2,15000.0,0.0624,0.00191065,2e-07,1,4,2026-07-14,2026-07-24,False,
100000004697956100,transit,1.0,6,0.6559,"v0: признаки транзита: вход 10 тыс. KZT, выход 10 тыс. KZT; доля прохода 1.00, входов 1, выходов 1; достижим от 1 seed",False,3,1,1,10000.0,10000.0,1,1,10000.0,1.0,0.00046812,0.0,1,2,2026-07-07,2026-07-10,False,
100000004698193100,peripheral,0.3,6,0.8261,"v0: признаков роли мало: входов 2 (223 тыс. KZT), выходов 3 (38 тыс. KZT); достижим от 1 seed",False,2,2,3,222700.0,38000.0,15,5,38000.0,0.1706,0.00082541,1.59e-06,1,14,2026-07-02,2026-07-31,False,
100000004707703100,transit,0.8402,4,0.8228,"v0: признаки транзита: вход 239 тыс. KZT, выход 232 тыс. KZT; доля прохода 0.97, входов 2, выходов 5; достижим от 7 seed",False,1,2,5,239300.0,231650.0,3,6,231650.0,0.968,0.00063556,0.0001071,7,6,2026-07-03,2026-07-24,False,
100000004713684100,terminal,0.5,0,0.1623,v0: признаки конечного получателя: входов 1 на 38 тыс. KZT; исходящих в выгрузке 0; достижим от 7 seed,False,3,1,0,37500.0,0.0,1,0,0.0,0.0,0.00028768,0.0,7,1,2026-07-24,2026-07-24,False,
100000004714705100,peripheral,0.3,19,0.2317,"v0: признаков роли мало: входов 0 (0 KZT), выходов 1 (37 тыс. KZT); seed, входы неполны",True,0,0,1,0.0,36550.0,0,1,0.0,0.0,0.00028557,0.0,0,1,2026-07-23,2026-07-23,False,seed_inflow_incomplete
100000004715209100,peripheral,0.3,49,0.402,"v0: признаков роли мало: входов 1 (5 тыс. KZT), выходов 5 (350 тыс. KZT); достижим от 7 seed",False,3,1,5,5000.0,350450.0,1,17,5000.0,0.0143,0.00028754,7.767e-05,7,13,2026-07-02,2026-07-26,False,
100000004717647100,peripheral,0.3,42,0.8451,"v0: признаков роли мало: входов 1 (300 тыс. KZT), выходов 5 (2,2 млн KZT); достижим от 7 seed",False,3,1,5,300000.0,2240000.0,2,10,300000.0,0.1339,0.00102336,7.767e-05,7,8,2026-07-02,2026-07-28,False,
100000004722630100,peripheral,0.3,47,0.5126,"v0: признаков роли мало: входов 1 (340 тыс. KZT), выходов 0 (0 KZT); достижим от 7 seed; граница выгрузки (глубина 4)",False,4,1,0,340000.0,0.0,2,0,0.0,0.0,0.00049219,0.0,7,2,2026-07-08,2026-07-24,True,depth4_boundary
100000004722765100,peripheral,0.3,44,0.785,"v0: признаков роли мало: входов 1 (230 тыс. KZT), выходов 3 (2,3 млн KZT); достижим от 7 seed",False,3,1,3,230000.0,2284500.0,1,9,230000.0,0.1007,0.00058159,5.826e-05,7,6,2026-07-08,2026-07-23,False,
100000004723755100,peripheral,0.3,2,0.2317,"v0: признаков роли мало: входов 0 (0 KZT), выходов 1 (95 тыс. KZT); seed, входы неполны",True,0,0,1,0.0,95000.0,0,5,0.0,0.0,0.00028557,0.0,0,4,2026-07-25,2026-07-28,False,seed_inflow_incomplete
100000004726132100,peripheral,0.3,0,0.5396,"v0: признаков роли мало: входов 1 (349 тыс. KZT), выходов 1 (24 тыс. KZT); достижим от 7 seed",False,3,1,1,349000.0,24000.0,1,2,24000.0,0.0688,0.00031652,1.922e-05,7,3,2026-07-15,2026-07-22,False,
100000004732589100,terminal,0.5,7,0.4755,v0: признаки конечного получателя: входов 1 на 228 тыс. KZT; исходящих в выгрузке 0; достижим от 1 seed,False,2,1,0,227520.0,0.0,1,0,0.0,0.0,0.00039397,0.0,1,1,2026-07-20,2026-07-20,False,
100000004737477100,transit,0.0828,0,0.445,"v0: признаки транзита: вход 50 тыс. KZT, выход 40 тыс. KZT; доля прохода 0.82, входов 2, выходов 1; достижим от 7 seed",False,1,2,1,49598.0,40500.0,3,3,40500.0,0.8166,0.00029232,1.922e-05,7,5,2026-07-01,2026-07-08,False,
100000004737764100,terminal,0.5,2,0.58,v0: признаки конечного получателя: входов 1 на 600 тыс. KZT; исходящих в выгрузке 0; достижим от 7 seed,False,3,1,0,600000.0,0.0,1,0,0.0,0.0,0.00067662,0.0,7,1,2026-07-30,2026-07-30,False,
100000004739664100,transit,0.1667,1,0.3207,"v0: признаки транзита: вход 12 тыс. KZT, выход 10 тыс. KZT; доля прохода 0.83, входов 1, выходов 1; достижим от 1 seed",False,1,1,1,12000.0,10000.0,1,1,10000.0,0.8333,0.00028809,1.39e-06,1,2,2026-07-02,2026-07-23,False,
100000004741837100,terminal,0.5,4,0.1752,v0: признаки конечного получателя: входов 1 на 26 тыс. KZT; исходящих в выгрузке 0; достижим от 7 seed,False,1,1,0,25596.0,0.0,1,0,0.0,0.0,0.00028832,0.0,7,1,2026-07-09,2026-07-09,False,
100000004744306100,peripheral,0.3,19,0.699,"v0: признаков роли мало: входов 1 (69 тыс. KZT), выходов 2 (92 тыс. KZT); достижим от 8 seed",False,1,1,2,69000.0,92000.0,1,3,69000.0,0.75,0.00046078,3.923e-05,8,4,2026-07-03,2026-07-12,False,
100000004746397100,peripheral,0.3,5,0.4048,"v0: признаков роли мало: входов 1 (220 тыс. KZT), выходов 1 (8 тыс. KZT); достижим от 7 seed",False,3,1,1,219520.0,7500.0,1,1,7500.0,0.0342,0.00029268,0.00066777,7,2,2026-07-02,2026-07-29,False,
100000004747154100,peripheral,0.3,49,0.4188,"v0: признаков роли мало: входов 1 (67 тыс. KZT), выходов 0 (0 KZT); достижим от 7 seed; граница выгрузки (глубина 4)",False,4,1,0,67000.0,0.0,1,0,0.0,0.0,0.00033235,0.0,7,1,2026-07-04,2026-07-04,True,depth4_boundary
100000004750321100,terminal,0.5,7,0.5254,v0: признаки конечного получателя: входов 2 на 50 тыс. KZT; исходящих в выгрузке 0; достижим от 7 seed,False,3,2,0,50185.0,0.0,2,0,0.0,0.0,0.00031254,0.0,7,2,2026-07-23,2026-07-30,False,
100000004750897100,terminal,0.5,15,0.5122,v0: признаки конечного получателя: входов 1 на 10 тыс. KZT; исходящих в выгрузке 0; достижим от 7 seed,False,3,1,0,10000.0,0.0,1,0,0.0,0.0,0.00049038,0.0,7,1,2026-07-21,2026-07-21,False,
100000004756901100,terminal,0.5,4,0.3669,v0: признаки конечного получателя: входов 1 на 153 тыс. KZT; исходящих в выгрузке 0; достижим от 7 seed,False,2,1,0,153248.0,0.0,1,0,0.0,0.0,0.00031095,0.0,7,1,2026-07-03,2026-07-03,False,
100000004759121100,consolidator,0.75,0,0.8661,v0: признаки консолидации (fan-in): входов 6 на 710 тыс. KZT; выходов 2 на 312 тыс. KZT; достижим от 7 seed,False,1,6,2,710000.0,312000.0,10,6,312000.0,0.4394,0.00141518,7.708e-05,7,14,2026-07-01,2026-07-30,False,
100000004765639100,peripheral,0.3,0,0.6496,"v0: признаков роли мало: входов 1 (5 тыс. KZT), выходов 2 (11 тыс. KZT); достижим от 7 seed",False,2,1,2,5000.0,11000.0,1,2,5000.0,0.4545,0.00036186,0.0,7,2,2026-07-09,2026-07-24,False,
100000004770073100,transit,0.9958,0,0.3161,"v0: признаки транзита: вход 5 тыс. KZT, выход 5 тыс. KZT; доля прохода 1.00, входов 1, выходов 1; достижим от 7 seed",False,3,1,1,5462.4,5466.97,1,1,5462.4,0.9992,0.00028781,1.922e-05,7,1,2026-07-02,2026-07-02,False,
100000004777215100,peripheral,0.3,20,0.5026,"v0: признаков роли мало: входов 1 (60 тыс. KZT), выходов 0 (0 KZT); достижим от 7 seed; граница выгрузки (глубина 4)",False,4,1,0,60000.0,0.0,1,0,0.0,0.0,0.00046515,0.0,7,1,2026-07-20,2026-07-20,True,depth4_boundary
100000004779204100,peripheral,0.3,0,0.3081,"v0: признаков роли мало: входов 1 (30 тыс. KZT), выходов 1 (20 тыс. KZT); достижим от 7 seed",False,3,1,1,30450.0,20000.0,1,2,20000.0,0.6568,0.00028728,1.922e-05,7,2,2026-07-21,2026-07-23,False,
100000004780083100,peripheral,0.3,57,0.2604,"v0: признаков роли мало: входов 1 (10 тыс. KZT), выходов 0 (0 KZT); достижим от 7 seed; граница выгрузки (глубина 4)",False,4,1,0,9999.0,0.0,1,0,0.0,0.0,0.00029339,0.0,7,1,2026-07-26,2026-07-26,True,depth4_boundary
100000004780327100,peripheral,0.3,7,0.2419,"v0: признаков роли мало: входов 1 (12 тыс. KZT), выходов 0 (0 KZT); достижим от 1 seed; граница выгрузки (глубина 4)",False,4,1,0,12000.0,0.0,1,0,0.0,0.0,0.00029199,0.0,1,1,2026-07-24,2026-07-24,True,depth4_boundary
100000004783447100,terminal,0.5,1,0.229,v0: признаки конечного получателя: входов 1 на 26 тыс. KZT; исходящих в выгрузке 0; достижим от 1 seed,False,1,1,0,26200.0,0.0,1,0,0.0,0.0,0.00029107,0.0,1,1,2026-07-14,2026-07-14,False,
100000004784224100,peripheral,0.3,22,0.4958,"v0: признаков роли мало: входов 1 (24 тыс. KZT), выходов 1 (100 тыс. KZT); достижим от 1 seed",False,1,1,1,23500.0,100000.0,2,1,23500.0,0.235,0.0003048,2e-07,1,3,2026-07-11,2026-07-17,False,
100000004788983100,peripheral,0.3,0,0.459,"v0: признаков роли мало: входов 1 (27 тыс. KZT), выходов 0 (0 KZT); достижим от 7 seed; граница выгрузки (глубина 4)",False,4,1,0,27000.0,0.0,1,0,0.0,0.0,0.00036947,0.0,7,1,2026-07-17,2026-07-17,True,depth4_boundary
100000004790991100,terminal,0.5,4,0.3681,v0: признаки конечного получателя: входов 1 на 239 тыс. KZT; исходящих в выгрузке 0; достижим от 7 seed,False,1,1,0,239413.0,0.0,4,0,0.0,0.0,0.00031131,0.0,7,4,2026-07-04,2026-07-15,False,
100000004791226100,peripheral,0.3,0,0.5444,"v0: признаков роли мало: входов 1 (20 тыс. KZT), выходов 0 (0 KZT); достижим от 7 seed; граница выгрузки (глубина 4)",False,4,1,0,20000.0,0.0,1,0,0.0,0.0,0.00054148,0.0,7,1,2026-07-07,2026-07-07,True,depth4_boundary
100000004792397100,terminal,0.5,1,0.3249,v0: признаки конечного получателя: входов 1 на 74 тыс. KZT; исходящих в выгрузке 0; достижим от 1 seed,False,1,1,0,73520.0,0.0,1,0,0.0,0.0,0.000301,0.0,1,1,2026-07-31,2026-07-31,False,
100000004797167100,peripheral,0.3,3,0.5516,"v0: признаков роли мало: входов 1 (31 тыс. KZT), выходов 0 (0 KZT); достижим от 1 seed; граница выгрузки (глубина 4)",False,4,1,0,31000.0,0.0,1,0,0.0,0.0,0.00055162,0.0,1,1,2026-07-08,2026-07-08,True,depth4_boundary
100000004798515100,peripheral,0.3,10,0.4544,"v0: признаков роли мало: входов 1 (200 тыс. KZT), выходов 0 (0 KZT); достижим от 7 seed; граница выгрузки (глубина 4)",False,4,1,0,200000.0,0.0,2,0,0.0,0.0,0.00036384,0.0,7,2,2026-07-01,2026-07-20,True,depth4_boundary
100000004800452100,peripheral,0.3,5,0.5698,"v0: признаков роли мало: входов 1 (7 тыс. KZT), выходов 0 (0 KZT); достижим от 7 seed; граница выгрузки (глубина 4)",False,4,1,0,6544.53,0.0,1,0,0.0,0.0,0.00060798,0.0,7,1,2026-07-24,2026-07-24,True,depth4_boundary
100000004800648100,peripheral,0.3,10,0.4241,"v0: признаков роли мало: входов 1 (131 тыс. KZT), выходов 0 (0 KZT); достижим от 7 seed; граница выгрузки (глубина 4)",False,4,1,0,131000.0,0.0,1,0,0.0,0.0,0.00033683,0.0,7,1,2026-07-01,2026-07-01,True,depth4_boundary
100000004806903100,terminal,0.5,2,0.5342,v0: признаки конечного получателя: входов 1 на 18 тыс. KZT; исходящих в выгрузке 0; достижим от 10 seed,False,2,1,0,18000.0,0.0,1,0,0.0,0.0,0.00053354,0.0,10,1,2026-07-01,2026-07-01,False,
100000004813068100,peripheral,0.3,22,0.4292,"v0: признаков роли мало: входов 0 (0 KZT), выходов 3 (297 тыс. KZT); seed, входы неполны",True,0,0,3,0.0,297000.0,0,5,0.0,0.0,0.00028557,0.0,0,5,2026-07-01,2026-07-12,False,seed_inflow_incomplete
100000004816564100,peripheral,0.3,15,0.6161,"v0: признаков роли мало: входов 1 (285 тыс. KZT), выходов 1 (5 тыс. KZT); достижим от 7 seed",False,2,1,1,285480.0,5000.0,1,1,5000.0,0.0175,0.00037639,1.922e-05,7,2,2026-07-29,2026-07-30,False,
100000004820260100,transit,0.5976,15,0.8339,"v0: признаки транзита: вход 234 тыс. KZT, выход 215 тыс. KZT; доля прохода 0.92, входов 1, выходов 3; достижим от 7 seed",False,2,1,3,234200.0,215350.0,12,10,215350.0,0.9195,0.00140146,1.962e-05,7,10,2026-07-16,2026-07-31,False,
100000004825069100,terminal,0.5,1,0.2851,v0: признаки конечного получателя: входов 1 на 30 тыс. KZT; исходящих в выгрузке 0; достижим от 1 seed,False,2,1,0,30000.0,0.0,4,0,0.0,0.0,0.00029576,0.0,1,3,2026-07-08,2026-07-28,False,
100000004840086100,peripheral,0.3,0,0.5415,"v0: признаков роли мало: входов 1 (100 тыс. KZT), выходов 0 (0 KZT); достижим от 7 seed; граница выгрузки (глубина 4)",False,4,1,0,100000.0,0.0,2,0,0.0,0.0,0.00053916,0.0,7,1,2026-07-20,2026-07-20,True,depth4_boundary
100000004841728100,terminal,0.5,1,0.2915,v0: признаки конечного получателя: входов 1 на 52 тыс. KZT; исходящих в выгрузке 0; достижим от 1 seed,False,1,1,0,52208.0,0.0,1,0,0.0,0.0,0.00029653,0.0,1,1,2026-07-17,2026-07-17,False,
100000004847758100,coordinator,1.0,2,0.6097,"v0: признаки gather-scatter: входов 4 на 115 тыс. KZT, выходов 15 на 489 тыс. KZT; betweenness 0.0014; достижим от 7 seed",False,1,4,15,115171.0,488800.0,4,23,115171.0,0.2356,0.00030474,0.00135859,7,20,2026-07-03,2026-07-31,False,
100000004848236100,peripheral,0.3,0,0.3585,"v0: признаков роли мало: входов 1 (8 тыс. KZT), выходов 0 (0 KZT); достижим от 7 seed; граница выгрузки (глубина 4)",False,4,1,0,7500.0,0.0,1,0,0.0,0.0,0.00030887,0.0,7,1,2026-07-23,2026-07-23,True,depth4_boundary
100000004850609100,peripheral,0.3,0,0.375,"v0: признаков роли мало: входов 1 (10 тыс. KZT), выходов 0 (0 KZT); достижим от 7 seed; граница выгрузки (глубина 4)",False,4,1,0,10000.0,0.0,1,0,0.0,0.0,0.00031303,0.0,7,1,2026-07-26,2026-07-26,True,depth4_boundary
100000004856746100,peripheral,0.3,32,0.3176,"v0: признаков роли мало: входов 1 (20 тыс. KZT), выходов 0 (0 KZT); достижим от 7 seed; граница выгрузки (глубина 4)",False,4,1,0,20000.0,0.0,1,0,0.0,0.0,0.00030005,0.0,7,1,2026-07-31,2026-07-31,True,depth4_boundary
100000004877085100,peripheral,0.3,12,0.497,"v0: признаков роли мало: входов 1 (25 тыс. KZT), выходов 3 (96 тыс. KZT); достижим от 7 seed",False,3,1,3,25000.0,95600.0,1,9,25000.0,0.2615,0.00029482,5.766e-05,7,5,2026-07-01,2026-07-26,False,
100000004889043100,terminal,0.5,0,0.4564,v0: признаки конечного получателя: входов 2 на 272 тыс. KZT; исходящих в выгрузке 0; достижим от 7 seed,False,3,2,0,272000.0,0.0,4,0,0.0,0.0,0.0002985,0.0,7,3,2026-07-14,2026-07-21,False,
100000004890713100,peripheral,0.3,7,0.3227,"v0: признаков роли мало: входов 1 (40 тыс. KZT), выходов 0 (0 KZT); достижим от 7 seed; граница выгрузки (глубина 4)",False,4,1,0,40485.0,0.0,1,0,0.0,0.0,0.00030072,0.0,7,1,2026-07-14,2026-07-14,True,depth4_boundary
100000004891562100,peripheral,0.3,7,0.431,"v0: признаков роли мало: входов 1 (103 тыс. KZT), выходов 0 (0 KZT); достижим от 1 seed; граница выгрузки (глубина 4)",False,4,1,0,103400.0,0.0,1,0,0.0,0.0,0.0003409,0.0,1,1,2026-07-07,2026-07-07,True,depth4_boundary
100000004892144100,peripheral,0.3,22,0.8225,"v0: признаков роли мало: входов 2 (4,5 млн KZT), выходов 1 (180 тыс. KZT); достижим от 2 seed",False,3,2,1,4500000.0,180300.0,7,1,180300.0,0.0401,0.0027832,0.0,2,5,2026-07-02,2026-07-16,False,
100000004904960100,terminal,0.5,0,0.7413,v0: признаки конечного получателя: входов 2 на 32 тыс. KZT; исходящих в выгрузке 0; достижим от 10 seed,False,2,2,0,32000.0,0.0,2,0,0.0,0.0,0.00077792,0.0,10,2,2026-07-04,2026-07-06,False,
100000004905207100,terminal,0.5,14,0.4948,v0: признаки конечного получателя: входов 1 на 380 тыс. KZT; исходящих в выгрузке 0; достижим от 11 seed,False,2,1,0,380000.0,0.0,1,0,0.0,0.0,0.0004347,0.0,11,1,2026-07-25,2026-07-25,False,
100000004906181100,peripheral,0.3,34,0.4396,"v0: признаков роли мало: входов 1 (100 тыс. KZT), выходов 7 (2,5 млн KZT); достижим от 7 seed",False,3,1,7,100000.0,2473417.91,1,33,100000.0,0.0404,0.00028881,0.00013454,7,13,2026-07-01,2026-07-15,False,
100000004908173100,peripheral,0.3,9,0.4003,"v0: признаков роли мало: входов 1 (21 тыс. KZT), выходов 0 (0 KZT); достижим от 8 seed; граница выгрузки (глубина 4)",False,4,1,0,21000.0,0.0,1,0,0.0,0.0,0.00032083,0.0,8,1,2026-07-19,2026-07-19,True,depth4_boundary
100000004911971100,peripheral,0.3,34,0.1926,"v0: признаков роли мало: входов 1 (35 тыс. KZT), выходов 0 (0 KZT); достижим от 7 seed; граница выгрузки (глубина 4)",False,4,1,0,35000.0,0.0,3,0,0.0,0.0,0.00028905,0.0,7,2,2026-07-11,2026-07-12,True,depth4_boundary
100000004917367100,terminal,0.5,5,0.4202,v0: признаки конечного получателя: входов 2 на 120 тыс. KZT; исходящих в выгрузке 0; достижим от 7 seed,False,3,2,0,120000.0,0.0,2,0,0.0,0.0,0.00029403,0.0,7,2,2026-07-10,2026-07-23,False,
100000004921657100,peripheral,0.3,2,0.6041,"v0: признаков роли мало: входов 1 (8 тыс. KZT), выходов 1 (22 тыс. KZT); достижим от 10 seed",False,3,1,1,8300.0,22190.0,1,1,8300.0,0.374,0.0003613,0.0,10,1,2026-07-18,2026-07-18,False,
100000004931931100,peripheral,0.3,0,0.3923,"v0: признаков роли мало: входов 1 (24 тыс. KZT), выходов 1 (45 тыс. KZT); достижим от 7 seed",False,3,1,1,23938.0,45000.0,1,1,23938.0,0.532,0.00029181,1.922e-05,7,2,2026-07-07,2026-07-10,False,
100000004948177100,consolidator,0.375,4,0.685,v0: признаки консолидации (fan-in): входов 3 на 437 тыс. KZT; выходов 0 на 0 KZT; достижим от 7 seed,False,1,3,0,437163.0,0.0,8,0,0.0,0.0,0.00042216,0.0,7,7,2026-07-02,2026-07-10,False,
100000004950490100,terminal,0.5,6,0.4157,v0: признаки конечного получателя: входов 1 на 10 тыс. KZT; исходящих в выгрузке 0; достижим от 1 seed,False,2,1,0,10000.0,0.0,1,0,0.0,0.0,0.00033064,0.0,1,1,2026-07-29,2026-07-29,False,
100000004959752100,terminal,0.5,3,0.5898,v0: признаки конечного получателя: входов 1 на 22 тыс. KZT; исходящих в выгрузке 0; достижим от 11 seed,False,3,1,0,22200.0,0.0,1,0,0.0,0.0,0.00078487,0.0,11,1,2026-07-31,2026-07-31,False,
100000004962193100,consolidator,1.0,0,0.831,v0: признаки консолидации (fan-in): входов 8 на 900 тыс. KZT; выходов 0 на 0 KZT; достижим от 7 seed,False,2,8,0,900468.0,0.0,11,0,0.0,0.0,0.00065732,0.0,7,5,2026-07-01,2026-07-08,False,
100000004970752100,terminal,0.5,0,0.5869,v0: признаки конечного получателя: входов 1 на 10 тыс. KZT; исходящих в выгрузке 0; достижим от 7 seed,False,3,1,0,10000.0,0.0,1,0,0.0,0.0,0.00074286,0.0,7,1,2026-07-01,2026-07-01,False,
100000004971871100,peripheral,0.3,56,0.8395,"v0: признаков роли мало: входов 1 (25 тыс. KZT), выходов 1 (6 тыс. KZT); seed, входы неполны",True,0,1,1,25400.0,5650.0,3,1,5650.0,0.2224,0.00074303,0.0,0,4,2026-07-18,2026-07-23,False,seed_inflow_incomplete
100000004975919100,peripheral,0.3,3,0.4114,"v0: признаков роли мало: входов 1 (22 тыс. KZT), выходов 2 (15 тыс. KZT); достижим от 7 seed",False,3,1,2,22351.0,15000.0,1,2,15000.0,0.6711,0.00029012,3.844e-05,7,3,2026-07-02,2026-07-21,False,
100000004976946100,peripheral,0.3,38,0.3968,"v0: признаков роли мало: входов 1 (246 тыс. KZT), выходов 0 (0 KZT); достижим от 7 seed; граница выгрузки (глубина 4)",False,4,1,0,246000.0,0.0,1,0,0.0,0.0,0.00031949,0.0,7,1,2026-07-09,2026-07-09,True,depth4_boundary
100000004979264100,peripheral,0.3,9,0.4846,"v0: признаков роли мало: входов 1 (40 тыс. KZT), выходов 0 (0 KZT); достижим от 8 seed; граница выгрузки (глубина 4)",False,4,1,0,39800.0,0.0,1,0,0.0,0.0,0.00041138,0.0,8,1,2026-07-21,2026-07-21,True,depth4_boundary
100000004979283100,terminal,0.5,7,0.3207,v0: признаки конечного получателя: входов 1 на 40 тыс. KZT; исходящих в выгрузке 0; достижим от 7 seed,False,3,1,0,40132.0,0.0,1,0,0.0,0.0,0.00030052,0.0,7,1,2026-07-05,2026-07-05,False,
100000004979498100,peripheral,0.3,50,0.7629,"v0: признаков роли мало: входов 1 (700 тыс. KZT), выходов 1 (200 тыс. KZT); достижим от 1 seed",False,2,1,1,700000.0,200000.0,2,1,200000.0,0.2857,0.00131898,0.0,1,2,2026-07-10,2026-07-11,False,
100000004981068100,peripheral,0.3,3,0.4657,"v0: признаков роли мало: входов 1 (10 тыс. KZT), выходов 0 (0 KZT); достижим от 7 seed; граница выгрузки (глубина 4)",False,4,1,0,10000.0,0.0,1,0,0.0,0.0,0.00037885,0.0,7,1,2026-07-10,2026-07-10,True,depth4_boundary
100000004984689100,terminal,0.5,3,0.2895,v0: признаки конечного получателя: входов 1 на 53 тыс. KZT; исходящих в выгрузке 0; достижим от 7 seed,False,3,1,0,53030.0,0.0,1,0,0.0,0.0,0.00029636,0.0,7,1,2026-07-08,2026-07-08,False,
100000004988240100,peripheral,0.3,0,0.5249,"v0: признаков роли мало: входов 1 (20 тыс. KZT), выходов 0 (0 KZT); достижим от 7 seed; граница выгрузки (глубина 4)",False,4,1,0,20000.0,0.0,1,0,0.0,0.0,0.00052993,0.0,7,1,2026-07-21,2026-07-21,True,depth4_boundary
100000004991593100,peripheral,0.3,3,0.4441,"v0: признаков роли мало: входов 1 (45 тыс. KZT), выходов 0 (0 KZT); достижим от 7 seed; граница выгрузки (глубина 4)",False,4,1,0,45000.0,0.0,2,0,0.0,0.0,0.00035489,0.0,7,2,2026-07-02,2026-07-03,True,depth4_boundary
100000004991812100,terminal,0.5,21,0.437,v0: признаки конечного получателя: входов 1 на 10 тыс. KZT; исходящих в выгрузке 0; достижим от 7 seed,False,3,1,0,10000.0,0.0,1,0,0.0,0.0,0.00034636,0.0,7,1,2026-07-23,2026-07-23,False,
100000004993576100,terminal,0.5,15,0.4272,v0: признаки конечного получателя: входов 1 на 167 тыс. KZT; исходящих в выгрузке 0; достижим от 7 seed,False,2,1,0,167000.0,0.0,1,0,0.0,0.0,0.0003387,0.0,7,1,2026-07-31,2026-07-31,False,
100000004997515100,consolidator,0.5,8,0.6991,v0: признаки консолидации (fan-in): входов 4 на 395 тыс. KZT; выходов 4 на 54 тыс. KZT; достижим от 9 seed,False,3,4,4,395000.0,54500.0,4,4,54500.0,0.138,0.00035662,8.956e-05,9,8,2026-07-01,2026-07-31,False,
100000005008589100,terminal,0.5,0,0.3358,v0: признаки конечного получателя: входов 1 на 43 тыс. KZT; исходящих в выгрузке 0; достижим от 7 seed,False,3,1,0,42806.68,0.0,1,0,0.0,0.0,0.00030309,0.0,7,1,2026-07-01,2026-07-01,False,
100000005010159100,peripheral,0.3,3,0.5711,"v0: признаков роли мало: входов 1 (7 тыс. KZT), выходов 0 (0 KZT); достижим от 7 seed; граница выгрузки (глубина 4)",False,4,1,0,7092.0,0.0,1,0,0.0,0.0,0.00061437,0.0,7,1,2026-07-22,2026-07-22,True,depth4_boundary
100000005017150100,peripheral,0.3,76,0.1066,"v0: переводов в выгрузке нет; глубина 0; seed, входы неполны",True,0,0,0,0.0,0.0,0,0,0.0,0.0,0.00028557,0.0,0,0,,,False,seed_inflow_incomplete;isolated
100000005022552100,peripheral,0.3,4,0.5999,"v0: признаков роли мало: входов 1 (241 тыс. KZT), выходов 1 (5 тыс. KZT); достижим от 7 seed",False,3,1,1,241000.0,5000.0,3,1,5000.0,0.0207,0.00035776,0.0,7,4,2026-07-11,2026-07-26,False,
100000005022964100,terminal,0.5,2,0.4112,v0: признаки конечного получателя: входов 1 на 20 тыс. KZT; исходящих в выгрузке 0; достижим от 10 seed,False,2,1,0,20000.0,0.0,1,0,0.0,0.0,0.00032736,0.0,10,1,2026-07-26,2026-07-26,False,
100000005025629100,peripheral,0.3,5,0.3803,"v0: признаков роли мало: входов 1 (5 тыс. KZT), выходов 0 (0 KZT); достижим от 7 seed; граница выгрузки (глубина 4)",False,4,1,0,5227.0,0.0,1,0,0.0,0.0,0.00031415,0.0,7,1,2026-07-27,2026-07-27,True,depth4_boundary
100000005030592100,terminal,0.5,15,0.1853,v0: признаки конечного получателя: входов 1 на 10 тыс. KZT; исходящих в выгрузке 0; достижим от 7 seed,False,2,1,0,10000.0,0.0,1,0,0.0,0.0,0.00028875,0.0,7,1,2026-07-30,2026-07-30,False,
100000005031696100,peripheral,0.3,48,0.7404,"v0: признаков роли мало: входов 1 (5 тыс. KZT), выходов 2 (115 тыс. KZT); достижим от 10 seed",False,2,1,2,5000.0,115000.0,1,3,5000.0,0.0435,0.00053971,9.59e-05,10,4,2026-07-03,2026-07-08,False,
100000005032294100,terminal,0.5,14,0.4745,v0: признаки конечного получателя: входов 1 на 10 тыс. KZT; исходящих в выгрузке 0; достижим от 8 seed,False,2,1,0,10000.0,0.0,1,0,0.0,0.0,0.00039239,0.0,8,1,2026-07-08,2026-07-08,False,
100000005034574100,terminal,0.5,63,0.4891,v0: признаки конечного получателя: входов 1 на 259 тыс. KZT; исходящих в выгрузке 0; достижим от 1 seed,False,1,1,0,258816.0,0.0,16,0,0.0,0.0,0.00042509,0.0,1,5,2026-07-27,2026-07-31,False,
100000005037490100,peripheral,0.3,12,0.6016,"v0: признаков роли мало: входов 1 (15 тыс. KZT), выходов 2 (30 тыс. KZT); достижим от 7 seed",False,3,1,2,15000.0,30000.0,1,3,15000.0,0.5,0.0003232,1.942e-05,7,3,2026-07-16,2026-07-24,False,
100000005041147100,peripheral,0.3,0,0.5349,"v0: признаков роли мало: входов 1 (10 тыс. KZT), выходов 0 (0 KZT); достижим от 7 seed; граница выгрузки (глубина 4)",False,4,1,0,10000.0,0.0,1,0,0.0,0.0,0.00053376,0.0,7,1,2026-07-26,2026-07-26,True,depth4_boundary
100000005041905100,peripheral,0.3,1,0.294,"v0: признаков роли мало: входов 1 (5 тыс. KZT), выходов 1 (1,1 млн KZT); достижим от 1 seed",False,3,1,1,5000.0,1080351.0,1,5,5000.0,0.0046,0.00028635,0.0,1,5,2026-07-08,2026-07-31,False,
100000005042822100,peripheral,0.3,30,0.5002,"v0: признаков роли мало: входов 1 (1,0 млн KZT), выходов 0 (0 KZT); достижим от 7 seed; граница выгрузки (глубина 4)",False,4,1,0,1000000.0,0.0,1,0,0.0,0.0,0.00045261,0.0,7,1,2026-07-20,2026-07-20,True,depth4_boundary
100000005048668100,peripheral,0.3,3,0.4378,"v0: признаков роли мало: входов 2 (17 тыс. KZT), выходов 8 (159 тыс. KZT); достижим от 7 seed",False,3,2,8,16668.0,159400.0,2,11,16668.0,0.1046,0.00028855,0.00065429,7,10,2026-07-02,2026-07-31,False,
100000005049404100,peripheral,0.3,5,0.3736,"v0: признаков роли мало: входов 1 (98 тыс. KZT), выходов 0 (0 KZT); достижим от 7 seed; граница выгрузки (глубина 4)",False,4,1,0,98000.0,0.0,2,0,0.0,0.0,0.00031264,0.0,7,2,2026-07-01,2026-07-10,True,depth4_boundary
100000005052998100,peripheral,0.3,0,0.2898,"v0: признаков роли мало: входов 1 (10 тыс. KZT), выходов 1 (28 тыс. KZT); достижим от 7 seed",False,3,1,1,9500.0,28400.0,1,1,9500.0,0.3345,0.0002861,4.33e-06,7,2,2026-07-10,2026-07-14,False,
100000005053653100,peripheral,0.3,12,0.5754,"v0: признаков роли мало: входов 2 (63 тыс. KZT), выходов 1 (25 тыс. KZT); достижим от 7 seed",False,2,2,1,63073.0,25000.0,2,1,25000.0,0.3964,0.0003136,1.922e-05,7,3,2026-07-09,2026-07-13,False,
100000005055454100,terminal,0.5,28,0.5171,v0: признаки конечного получателя: входов 1 на 6 тыс. KZT; исходящих в выгрузке 0; достижим от 1 seed,False,3,1,0,6500.0,0.0,1,0,0.0,0.0,0.00050598,0.0,1,1,2026-07-14,2026-07-14,False,
100000005056870100,terminal,0.5,43,0.337,v0: признаки конечного получателя: входов 1 на 20 тыс. KZT; исходящих в выгрузке 0; достижим от 1 seed,False,1,1,0,20000.0,0.0,1,0,0.0,0.0,0.00030319,0.0,1,1,2026-07-20,2026-07-20,False,
100000005059998100,terminal,0.5,0,0.2864,v0: признаки конечного получателя: входов 1 на 18 тыс. KZT; исходящих в выгрузке 0; достижим от 7 seed,False,2,1,0,18000.0,0.0,1,0,0.0,0.0,0.00029592,0.0,7,1,2026-07-13,2026-07-13,False,
100000005061890100,terminal,0.5,2,0.5364,v0: признаки конечного получателя: входов 1 на 90 тыс. KZT; исходящих в выгрузке 0; достижим от 7 seed,False,3,1,0,90000.0,0.0,1,0,0.0,0.0,0.00053463,0.0,7,1,2026-07-25,2026-07-25,False,
100000005074393100,coordinator,0.6333,12,0.8622,"v0: признаки gather-scatter: входов 4 на 563 тыс. KZT, выходов 6 на 686 тыс. KZT; betweenness 0.0002; достижим от 10 seed",False,1,4,6,563026.0,685500.0,5,10,563026.0,0.8213,0.00106008,0.00021697,10,12,2026-07-05,2026-07-28,False,
100000005075949100,peripheral,0.3,44,0.5887,"v0: признаков роли мало: входов 1 (2,2 млн KZT), выходов 0 (0 KZT); достижим от 7 seed; граница выгрузки (глубина 4)",False,4,1,0,2226000.0,0.0,7,0,0.0,0.0,0.00076791,0.0,7,4,2026-07-09,2026-07-23,True,depth4_boundary
100000005077484100,peripheral,0.3,28,0.7402,"v0: признаков роли мало: входов 1 (150 тыс. KZT), выходов 2 (14 тыс. KZT); достижим от 1 seed",False,2,1,2,150000.0,13550.0,1,2,13550.0,0.0903,0.00053971,4e-07,1,2,2026-07-04,2026-07-14,False,
100000005079473100,peripheral,0.3,3,0.4085,"v0: признаков роли мало: входов 1 (39 тыс. KZT), выходов 0 (0 KZT); достижим от 7 seed; граница выгрузки (глубина 4)",False,4,1,0,39312.0,0.0,1,0,0.0,0.0,0.00032601,0.0,7,1,2026-07-18,2026-07-18,True,depth4_boundary
100000005079754100,peripheral,0.3,2,0.5111,"v0: признаков роли мало: входов 1 (70 тыс. KZT), выходов 2 (122 тыс. KZT); достижим от 10 seed",False,1,1,2,70000.0,122000.0,1,2,70000.0,0.5738,0.00029959,9.511e-05,10,3,2026-07-16,2026-07-26,False,
100000005082652100,terminal,0.5,6,0.4837,v0: признаки конечного получателя: входов 1 на 30 тыс. KZT; исходящих в выгрузке 0; достижим от 1 seed,False,3,1,0,30000.0,0.0,1,0,0.0,0.0,0.000408,0.0,1,1,2026-07-02,2026-07-02,False,
100000005087431100,peripheral,0.3,77,0.1066,"v0: переводов в выгрузке нет; глубина 0; seed, входы неполны",True,0,0,0,0.0,0.0,0,0,0.0,0.0,0.00028557,0.0,0,0,,,False,seed_inflow_incomplete;isolated
100000005087923100,peripheral,0.3,26,0.5013,"v0: признаков роли мало: входов 1 (20 тыс. KZT), выходов 0 (0 KZT); достижим от 1 seed; граница выгрузки (глубина 4)",False,4,1,0,20000.0,0.0,1,0,0.0,0.0,0.00046058,0.0,1,1,2026-07-21,2026-07-21,True,depth4_boundary
100000005089460100,terminal,0.5,1,0.1588,v0: признаки конечного получателя: входов 1 на 12 тыс. KZT; исходящих в выгрузке 0; достижим от 1 seed,False,3,1,0,12300.0,0.0,1,0,0.0,0.0,0.00028749,0.0,1,1,2026-07-08,2026-07-08,False,
100000005092518100,terminal,0.5,1,0.2287,v0: признаки конечного получателя: входов 1 на 26 тыс. KZT; исходящих в выгрузке 0; достижим от 1 seed,False,1,1,0,26144.0,0.0,1,0,0.0,0.0,0.00029106,0.0,1,1,2026-07-07,2026-07-07,False,
100000005093521100,terminal,0.5,2,0.181,v0: признаки конечного получателя: входов 1 на 15 тыс. KZT; исходящих в выгрузке 0; достижим от 10 seed,False,1,1,0,15200.0,0.0,1,0,0.0,0.0,0.00028861,0.0,10,1,2026-07-20,2026-07-20,False,
100000005100475100,terminal,0.5,6,0.4254,v0: признаки конечного получателя: входов 1 на 40 тыс. KZT; исходящих в выгрузке 0; достижим от 1 seed,False,3,1,0,40000.0,0.0,1,0,0.0,0.0,0.00033775,0.0,1,1,2026-07-22,2026-07-22,False,
100000005105153100,terminal,0.5,0,0.4804,v0: признаки конечного получателя: входов 1 на 30 тыс. KZT; исходящих в выгрузке 0; достижим от 7 seed,False,2,1,0,30000.0,0.0,1,0,0.0,0.0,0.00040102,0.0,7,1,2026-07-02,2026-07-02,False,
100000005124479100,peripheral,0.3,0,0.5588,"v0: признаков роли мало: входов 2 (138 тыс. KZT), выходов 2 (22 тыс. KZT); достижим от 10 seed",False,1,2,2,137753.0,22000.0,2,2,22000.0,0.1597,0.00030323,4.756e-05,10,4,2026-07-06,2026-07-20,False,
100000005127767100,terminal,0.5,36,0.4878,v0: признаки конечного получателя: входов 1 на 7 тыс. KZT; исходящих в выгрузке 0; достижим от 7 seed,False,3,1,0,7000.0,0.0,1,0,0.0,0.0,0.00042253,0.0,7,1,2026-07-06,2026-07-06,False,
100000005133757100,terminal,0.5,3,0.4642,v0: признаки конечного получателя: входов 2 на 65 тыс. KZT; исходящих в выгрузке 0; достижим от 10 seed,False,1,2,0,65000.0,0.0,2,0,0.0,0.0,0.00029941,0.0,10,2,2026-07-17,2026-07-20,False,
100000005140601100,consolidator,0.375,3,0.8577,v0: признаки консолидации (fan-in): входов 3 на 53 тыс. KZT; выходов 2 на 195 тыс. KZT; достижим от 7 seed,False,2,3,2,52685.0,195300.0,4,5,52685.0,0.2698,0.00270573,1.962e-05,7,6,2026-07-05,2026-07-25,False,
100000005142492100,peripheral,0.3,6,0.7714,"v0: признаков роли мало: входов 1 (10 тыс. KZT), выходов 1 (57 тыс. KZT); достижим от 7 seed",False,3,1,1,10000.0,57000.0,1,1,10000.0,0.1754,0.00190779,0.0,7,1,2026-07-28,2026-07-28,False,
100000005142589100,terminal,0.5,0,0.3645,v0: признаки конечного получателя: входов 1 на 50 тыс. KZT; исходящих в выгрузке 0; достижим от 7 seed,False,2,1,0,50000.0,0.0,2,0,0.0,0.0,0.00031037,0.0,7,1,2026-07-26,2026-07-26,False,
100000005146665100,peripheral,0.3,55,0.1434,"v0: признаков роли мало: входов 1 (6 тыс. KZT), выходов 0 (0 KZT); достижим от 7 seed; граница выгрузки (глубина 4)",False,4,1,0,5500.0,0.0,1,0,0.0,0.0,0.00028645,0.0,7,1,2026-07-21,2026-07-21,True,depth4_boundary
100000005168487100,peripheral,0.3,11,0.7698,"v0: признаков роли мало: входов 1 (15 тыс. KZT), выходов 1 (104 тыс. KZT); достижим от 8 seed",False,2,1,1,15000.0,103510.0,1,14,15000.0,0.1449,0.00181255,0.0,8,12,2026-07-01,2026-07-30,False,
100000005171642100,transit,0.9053,26,0.8222,"v0: признаки транзита: вход 697 тыс. KZT, выход 684 тыс. KZT; доля прохода 0.98, входов 2, выходов 1; достижим от 1 seed",False,3,2,1,696800.0,683600.0,5,4,683600.0,0.9811,0.00276718,4e-07,1,7,2026-07-04,2026-07-27,False,
100000005172860100,terminal,0.5,0,0.2397,v0: признаки конечного получателя: входов 1 на 15 тыс. KZT; исходящих в выгрузке 0; достижим от 7 seed,False,3,1,0,15209.2,0.0,1,0,0.0,0.0,0.0002918,0.0,7,1,2026-07-01,2026-07-01,False,
100000005175148100,peripheral,0.3,15,0.7822,"v0: признаков роли мало: входов 2 (79 тыс. KZT), выходов 1 (15 тыс. KZT); достижим от 7 seed",False,2,2,1,79000.0,15000.0,4,1,15000.0,0.1899,0.00071815,0.0,7,4,2026-07-20,2026-07-23,False,
100000005182219100,terminal,0.5,5,0.5959,v0: признаки конечного получателя: входов 2 на 55 тыс. KZT; исходящих в выгрузке 0; достижим от 7 seed,False,3,2,0,55000.0,0.0,2,0,0.0,0.0,0.00035413,0.0,7,2,2026-07-03,2026-07-14,False,
100000005183943100,terminal,0.5,41,0.5702,v0: признаки конечного получателя: входов 1 на 681 тыс. KZT; исходящих в выгрузке 0; достижим от 1 seed,False,1,1,0,680900.0,0.0,9,0,0.0,0.0,0.00061084,0.0,1,9,2026-07-01,2026-07-29,False,
100000005186109100,terminal,0.5,15,0.5691,v0: признаки конечного получателя: входов 1 на 5 тыс. KZT; исходящих в выгрузке 0; достижим от 7 seed,False,3,1,0,5000.0,0.0,1,0,0.0,0.0,0.00060592,0.0,7,1,2026-07-30,2026-07-30,False,
100000005186131100,transit,1.0,0,0.2907,"v0: признаки транзита: вход 10 тыс. KZT, выход 10 тыс. KZT; доля прохода 1.00, входов 1, выходов 1; достижим от 7 seed",False,3,1,1,10000.0,10000.0,1,1,10000.0,1.0,0.00028613,1.922e-05,7,1,2026-07-07,2026-07-07,False,
100000005187208100,terminal,0.5,5,0.371,v0: признаки конечного получателя: входов 1 на 14 тыс. KZT; исходящих в выгрузке 0; достижим от 7 seed,False,3,1,0,14160.0,0.0,1,0,0.0,0.0,0.00031197,0.0,7,1,2026-07-17,2026-07-17,False,
100000005189258100,peripheral,0.3,5,0.3863,"v0: признаков роли мало: входов 1 (50 тыс. KZT), выходов 0 (0 KZT); достижим от 7 seed; граница выгрузки (глубина 4)",False,4,1,0,50000.0,0.0,1,0,0.0,0.0,0.00031598,0.0,7,1,2026-07-16,2026-07-16,True,depth4_boundary
100000005198498100,terminal,0.5,1,0.2133,v0: признаки конечного получателя: входов 1 на 29 тыс. KZT; исходящих в выгрузке 0; достижим от 1 seed,False,3,1,0,28800.0,0.0,1,0,0.0,0.0,0.00029006,0.0,1,1,2026-07-09,2026-07-09,False,
100000005198906100,peripheral,0.3,5,0.4068,"v0: признаков роли мало: входов 1 (228 тыс. KZT), выходов 1 (60 тыс. KZT); достижим от 7 seed",False,3,1,1,227970.0,60000.0,1,1,60000.0,0.2632,0.00029296,1.922e-05,7,2,2026-07-04,2026-07-18,False,
100000005203590100,terminal,0.5,6,0.3338,v0: признаки конечного получателя: входов 1 на 90 тыс. KZT; исходящих в выгрузке 0; достижим от 1 seed,False,2,1,0,90000.0,0.0,1,0,0.0,0.0,0.00030263,0.0,1,1,2026-07-26,2026-07-26,False,
100000005205745100,terminal,0.5,6,0.3721,v0: признаки конечного получателя: входов 1 на 6 тыс. KZT; исходящих в выгрузке 0; достижим от 7 seed,False,2,1,0,6000.0,0.0,1,0,0.0,0.0,0.00031226,0.0,7,1,2026-07-19,2026-07-19,False,
100000005209352100,peripheral,0.3,0,0.4867,"v0: признаков роли мало: входов 1 (5 тыс. KZT), выходов 0 (0 KZT); достижим от 7 seed; граница выгрузки (глубина 4)",False,4,1,0,5000.0,0.0,1,0,0.0,0.0,0.00042028,0.0,7,1,2026-07-07,2026-07-07,True,depth4_boundary
100000005222360100,peripheral,0.3,14,0.7209,"v0: признаков роли мало: входов 1 (5 тыс. KZT), выходов 1 (27 тыс. KZT); достижим от 7 seed",False,3,1,1,5000.0,27000.0,1,1,5000.0,0.1852,0.00060086,0.00190871,7,2,2026-07-03,2026-07-07,False,
100000005226217100,peripheral,0.3,8,0.4673,"v0: признаков роли мало: входов 1 (18 тыс. KZT), выходов 0 (0 KZT); достижим от 9 seed; граница выгрузки (глубина 4)",False,4,1,0,17500.0,0.0,1,0,0.0,0.0,0.00038302,0.0,9,1,2026-07-01,2026-07-01,True,depth4_boundary
100000005228059100,terminal,0.5,1,0.2279,v0: признаки конечного получателя: входов 1 на 26 тыс. KZT; исходящих в выгрузке 0; достижим от 1 seed,False,1,1,0,26000.0,0.0,1,0,0.0,0.0,0.00029103,0.0,1,1,2026-07-08,2026-07-08,False,
100000005233755100,peripheral,0.3,16,0.3901,"v0: признаков роли мало: входов 1 (25 тыс. KZT), выходов 1 (5 тыс. KZT); достижим от 7 seed",False,3,1,1,25000.0,5000.0,1,1,5000.0,0.2,0.00029161,1.922e-05,7,1,2026-07-08,2026-07-08,False,
100000005235389100,peripheral,0.3,78,0.1066,"v0: переводов в выгрузке нет; глубина 0; seed, входы неполны",True,0,0,0,0.0,0.0,0,0,0.0,0.0,0.00028557,0.0,0,0,,,False,seed_inflow_incomplete;isolated
100000005237935150,terminal,0.5,13,0.3013,v0: признаки конечного получателя: входов 1 на 35 тыс. KZT; исходящих в выгрузке 0; достижим от 1 seed,False,2,1,0,34508.0,0.0,1,0,0.0,0.0,0.00029798,0.0,1,1,2026-07-20,2026-07-20,False,
100000005241556100,terminal,0.5,17,0.5502,v0: признаки конечного получателя: входов 1 на 100 тыс. KZT; исходящих в выгрузке 0; достижим от 8 seed,False,3,1,0,100000.0,0.0,1,0,0.0,0.0,0.00054907,0.0,8,1,2026-07-08,2026-07-08,False,
100000005242320100,distributor,0.84,13,0.7829,"v0: признаки распределения (fan-out): выходов 21 на 8,9 млн KZT; входов 2 на 366 тыс. KZT; достижим от 2 seed",False,2,2,21,365700.0,8936295.0,2,29,365700.0,0.0409,0.00050012,2.972e-05,2,16,2026-07-01,2026-07-21,False,
100000005264874100,peripheral,0.3,35,0.6887,"v0: признаков роли мало: входов 1 (30 тыс. KZT), выходов 2 (78 тыс. KZT); достижим от 1 seed",False,3,1,2,30000.0,78000.0,1,3,30000.0,0.3846,0.00042829,7.9e-07,1,4,2026-07-01,2026-07-20,False,
100000005264990100,peripheral,0.3,19,0.7521,"v0: признаков роли мало: входов 1 (17 тыс. KZT), выходов 2 (122 тыс. KZT); достижим от 7 seed; seed, входы неполны",True,0,1,2,17070.0,122000.0,1,2,17070.0,0.1399,0.000364,7.765e-05,7,3,2026-07-03,2026-07-14,False,seed_inflow_incomplete
100000005265073100,peripheral,0.3,19,0.4612,"v0: признаков роли мало: входов 1 (5 тыс. KZT), выходов 1 (9 тыс. KZT); достижим от 8 seed",False,3,1,1,5000.0,9000.0,1,1,5000.0,0.5556,0.00029913,2.1e-05,8,2,2026-07-07,2026-07-21,False,
100000005268319100,peripheral,0.3,0,0.5054,"v0: признаков роли мало: входов 1 (20 тыс. KZT), выходов 5 (91 тыс. KZT); достижим от 7 seed",False,3,1,5,19712.8,91000.0,2,10,19712.8,0.2166,0.00029364,4.047e-05,7,8,2026-07-02,2026-07-26,False,
100000005272139100,peripheral,0.3,4,0.5878,"v0: признаков роли мало: входов 1 (165 тыс. KZT), выходов 0 (0 KZT); достижим от 7 seed; граница выгрузки (глубина 4)",False,4,1,0,165000.0,0.0,1,0,0.0,0.0,0.00075553,0.0,7,1,2026-07-21,2026-07-21,True,depth4_boundary
100000005287097100,peripheral,0.3,4,0.5943,"v0: признаков роли мало: входов 2 (127 тыс. KZT), выходов 9 (697 тыс. KZT); достижим от 7 seed",False,1,2,9,127173.0,697300.0,5,42,127173.0,0.1824,0.00030271,0.00078322,7,18,2026-07-03,2026-07-31,False,
100000005293969100,peripheral,0.3,0,0.5266,"v0: признаков роли мало: входов 1 (5 тыс. KZT), выходов 0 (0 KZT); достижим от 7 seed; граница выгрузки (глубина 4)",False,4,1,0,5466.97,0.0,1,0,0.0,0.0,0.00053049,0.0,7,1,2026-07-02,2026-07-02,True,depth4_boundary
100000005308954100,peripheral,0.3,4,0.6023,"v0: признаков роли мало: входов 1 (69 тыс. KZT), выходов 1 (30 тыс. KZT); достижим от 7 seed",False,3,1,1,69020.0,30000.0,1,1,30000.0,0.4347,0.00035945,1.981e-05,7,2,2026-07-06,2026-07-11,False,
100000005314565100,terminal,0.5,0,0.4626,v0: признаки конечного получателя: входов 1 на 218 тыс. KZT; исходящих в выгрузке 0; достижим от 7 seed,False,3,1,0,218500.0,0.0,3,0,0.0,0.0,0.00037502,0.0,7,1,2026-07-07,2026-07-07,False,
100000005316708100,peripheral,0.3,6,0.4973,"v0: признаков роли мало: входов 1 (90 тыс. KZT), выходов 2 (258 тыс. KZT); достижим от 1 seed",False,1,1,2,90000.0,257500.0,1,4,90000.0,0.3495,0.00029769,1.19e-06,1,4,2026-07-12,2026-07-27,False,
100000005317181100,peripheral,0.3,0,0.5558,"v0: признаков роли мало: входов 1 (141 тыс. KZT), выходов 1 (14 тыс. KZT); достижим от 7 seed",False,3,1,1,141250.0,14500.0,1,1,14500.0,0.1027,0.00032242,1.922e-05,7,2,2026-07-05,2026-07-16,False,
100000005326681100,terminal,0.5,15,0.282,v0: признаки конечного получателя: входов 1 на 31 тыс. KZT; исходящих в выгрузке 0; достижим от 7 seed,False,2,1,0,31228.0,0.0,1,0,0.0,0.0,0.0002955,0.0,7,1,2026-07-27,2026-07-27,False,
100000005328215100,terminal,0.5,7,0.3031,v0: признаки конечного получателя: входов 1 на 27 тыс. KZT; исходящих в выгрузке 0; достижим от 1 seed,False,2,1,0,27000.0,0.0,1,0,0.0,0.0,0.00029843,0.0,1,1,2026-07-20,2026-07-20,False,
100000005339662100,consolidator,0.5,15,0.8685,v0: признаки консолидации (fan-in): входов 4 на 203 тыс. KZT; выходов 4 на 295 тыс. KZT; достижим от 7 seed,False,1,4,4,202939.0,295160.0,9,15,202939.0,0.6876,0.00165674,0.00013962,7,12,2026-07-16,2026-07-31,False,
100000005342513100,peripheral,0.3,1,0.7573,"v0: признаков роли мало: входов 1 (235 тыс. KZT), выходов 1 (30 тыс. KZT); достижим от 1 seed",False,3,1,1,235000.0,30000.0,2,1,30000.0,0.1277,0.00108165,0.0,1,2,2026-07-08,2026-07-10,False,
100000005357034100,terminal,0.5,0,0.1379,v0: признаки конечного получателя: входов 1 на 10 тыс. KZT; исходящих в выгрузке 0; достижим от 7 seed,False,3,1,0,9754.0,0.0,1,0,0.0,0.0,0.00028612,0.0,7,1,2026-07-16,2026-07-16,False,
100000005357705100,peripheral,0.3,3,0.5223,"v0: признаков роли мало: входов 1 (53 тыс. KZT), выходов 4 (387 тыс. KZT); достижим от 7 seed",False,3,1,4,52595.0,387080.0,1,5,52595.0,0.1359,0.00029627,7.688e-05,7,4,2026-07-22,2026-07-26,False,
100000005360814100,peripheral,0.3,3,0.494,"v0: признаков роли мало: входов 1 (144 тыс. KZT), выходов 0 (0 KZT); достижим от 7 seed; граница выгрузки (глубина 4)",False,4,1,0,144000.0,0.0,3,0,0.0,0.0,0.00043369,0.0,7,3,2026-07-10,2026-07-17,True,depth4_boundary
100000005362848100,terminal,0.5,7,0.2904,v0: признаки конечного получателя: входов 1 на 29 тыс. KZT; исходящих в выгрузке 0; достижим от 7 seed,False,3,1,0,29000.0,0.0,1,0,0.0,0.0,0.00029637,0.0,7,1,2026-07-03,2026-07-03,False,
100000005363908100,transit,1.0,46,0.5792,"v0: признаки транзита: вход 20 тыс. KZT, выход 20 тыс. KZT; доля прохода 1.00, входов 1, выходов 1; достижим от 1 seed",False,1,1,1,19500.0,19500.0,1,1,19500.0,1.0,0.00033852,0.0,1,1,2026-07-06,2026-07-06,False,
100000005367180100,peripheral,0.3,3,0.5896,"v0: признаков роли мало: входов 1 (8 тыс. KZT), выходов 0 (0 KZT); достижим от 7 seed; граница выгрузки (глубина 4)",False,4,1,0,7700.0,0.0,1,0,0.0,0.0,0.0007828,0.0,7,1,2026-07-23,2026-07-23,True,depth4_boundary
100000005367284100,peripheral,0.3,0,0.391,"v0: признаков роли мало: входов 1 (14 тыс. KZT), выходов 2 (48 тыс. KZT); достижим от 7 seed",False,3,1,2,13700.0,48300.0,1,5,13700.0,0.2836,0.00028914,3.844e-05,7,5,2026-07-02,2026-07-15,False,
100000005367445100,transit,1.0,9,0.7702,"v0: признаки транзита: вход 5 тыс. KZT, выход 5 тыс. KZT; доля прохода 1.00, входов 1, выходов 1; достижим от 9 seed",False,3,1,1,5000.0,5000.0,1,1,5000.0,1.0,0.001843,0.0,9,2,2026-07-22,2026-07-23,False,
100000005370558100,peripheral,0.3,0,0.31,"v0: признаков роли мало: входов 1 (5 тыс. KZT), выходов 0 (0 KZT); достижим от 7 seed; граница выгрузки (глубина 4)",False,4,1,0,5000.0,0.0,1,0,0.0,0.0,0.0002993,0.0,7,1,2026-07-09,2026-07-09,True,depth4_boundary
100000005370580100,terminal,0.5,12,0.5363,"v0: признаки конечного получателя: входов 1 на 24 тыс. KZT; исходящих в выгрузке 0; достижим от 7 seed; seed, входы неполны",True,0,1,0,24075.0,0.0,1,0,0.0,0.0,0.00034597,0.0,7,1,2026-07-28,2026-07-28,False,seed_inflow_incomplete
100000005375968100,peripheral,0.3,0,0.4764,"v0: признаков роли мало: входов 1 (170 тыс. KZT), выходов 2 (86 тыс. KZT); достижим от 7 seed",False,3,1,2,170082.0,86000.0,1,4,86000.0,0.5056,0.00029515,3.844e-05,7,4,2026-07-03,2026-07-27,False,
100000005382566100,consolidator,0.875,19,0.9746,"v0: признаки консолидации (fan-in): входов 7 на 393 тыс. KZT; выходов 1 на 50 тыс. KZT; достижим от 14 seed; seed, входы неполны",True,0,7,1,393066.0,50000.0,11,1,50000.0,0.1272,0.00211326,4.637e-05,14,7,2026-07-09,2026-07-21,False,seed_inflow_incomplete
100000005386383100,peripheral,0.3,19,0.8188,"v0: признаков роли мало: входов 2 (38 тыс. KZT), выходов 1 (29 тыс. KZT); достижим от 7 seed; seed, входы неполны",True,0,2,1,37500.0,29000.0,2,1,29000.0,0.7733,0.00052433,2.852e-05,7,2,2026-07-18,2026-07-24,False,seed_inflow_incomplete
100000005392290100,peripheral,0.3,67,0.2317,"v0: признаков роли мало: входов 0 (0 KZT), выходов 1 (81 тыс. KZT); seed, входы неполны",True,0,0,1,0.0,81465.0,0,1,0.0,0.0,0.00028557,0.0,0,1,2026-07-29,2026-07-29,False,seed_inflow_incomplete
100000005394708100,peripheral,0.3,19,0.5872,"v0: признаков роли мало: входов 1 (26 тыс. KZT), выходов 1 (65 тыс. KZT); достижим от 1 seed",False,1,1,1,26000.0,65000.0,1,1,26000.0,0.4,0.00034518,2e-07,1,2,2026-07-11,2026-07-12,False,
100000005395727100,terminal,0.5,15,0.5599,"v0: признаки конечного получателя: входов 1 на 17 тыс. KZT; исходящих в выгрузке 0; достижим от 7 seed; seed, входы неполны",True,0,1,0,17000.0,0.0,1,0,0.0,0.0,0.00037121,0.0,7,1,2026-07-30,2026-07-30,False,seed_inflow_incomplete
100000005402643100,peripheral,0.3,8,0.4517,"v0: признаков роли мало: входов 1 (128 тыс. KZT), выходов 1 (90 тыс. KZT); достижим от 1 seed",False,2,1,1,127800.0,90000.0,1,1,90000.0,0.7042,0.0002976,4e-07,1,2,2026-07-22,2026-07-29,False,
100000005409156100,terminal,0.5,5,0.6406,v0: признаки конечного получателя: входов 2 на 260 тыс. KZT; исходящих в выгрузке 0; достижим от 7 seed,False,3,2,0,260080.0,0.0,2,0,0.0,0.0,0.00042393,0.0,7,2,2026-07-11,2026-07-17,False,
100000005409680100,terminal,0.5,18,0.8269,"v0: признаки конечного получателя: входов 2 на 55 тыс. KZT; исходящих в выгрузке 0; достижим от 9 seed; seed, входы неполны",True,0,2,0,55060.0,0.0,2,0,0.0,0.0,0.00063353,0.0,9,2,2026-07-01,2026-07-02,False,seed_inflow_incomplete
100000005413948100,peripheral,0.3,9,0.816,"v0: признаков роли мало: входов 2 (28 тыс. KZT), выходов 1 (5 тыс. KZT); достижим от 9 seed",False,2,2,1,28215.0,5000.0,2,1,5000.0,0.1772,0.00185204,2.18e-05,9,3,2026-07-12,2026-07-23,False,
100000005417257100,peripheral,0.3,19,0.3841,"v0: признаков роли мало: входов 0 (0 KZT), выходов 2 (106 тыс. KZT); seed, входы неполны",True,0,0,2,0.0,106000.0,0,2,0.0,0.0,0.00028557,0.0,0,2,2026-07-11,2026-07-20,False,seed_inflow_incomplete
100000005432267100,terminal,0.5,2,0.5845,v0: признаки конечного получателя: входов 2 на 350 тыс. KZT; исходящих в выгрузке 0; достижим от 10 seed,False,1,2,0,350001.0,0.0,2,0,0.0,0.0,0.00034233,0.0,10,1,2026-07-22,2026-07-22,False,
100000005454368100,terminal,0.5,12,0.7283,"v0: признаки конечного получателя: входов 2 на 49 тыс. KZT; исходящих в выгрузке 0; достижим от 7 seed; seed, входы неполны",True,0,2,0,48600.0,0.0,2,0,0.0,0.0,0.00039419,0.0,7,2,2026-07-19,2026-07-20,False,seed_inflow_incomplete
100000005456919100,peripheral,0.3,40,0.8093,"v0: признаков роли мало: входов 2 (480 тыс. KZT), выходов 1 (5 тыс. KZT); достижим от 1 seed",False,1,2,1,479950.0,5000.0,10,1,5000.0,0.0104,0.00137003,0.0,1,7,2026-07-04,2026-07-19,False,
100000005473151100,consolidator,0.375,7,0.7521,"v0: признаки консолидации (fan-in): входов 3 на 1,2 млн KZT; выходов 4 на 225 тыс. KZT; достижим от 9 seed",False,1,3,4,1220000.0,225000.0,4,6,225000.0,0.1844,0.00046827,0.0002416,9,4,2026-07-04,2026-07-18,False,
100000005474472100,terminal,0.5,22,0.5458,v0: признаки конечного получателя: входов 1 на 100 тыс. KZT; исходящих в выгрузке 0; достижим от 1 seed,False,2,1,0,100000.0,0.0,1,0,0.0,0.0,0.00054495,0.0,1,1,2026-07-17,2026-07-17,False,
100000005475379100,peripheral,0.3,11,0.7083,"v0: признаков роли мало: входов 1 (108 тыс. KZT), выходов 3 (81 тыс. KZT); достижим от 8 seed",False,3,1,3,108370.0,81000.0,1,3,81000.0,0.7474,0.00042164,6.539e-05,8,4,2026-07-16,2026-07-31,False,
100000005480435100,peripheral,0.3,79,0.1066,"v0: переводов в выгрузке нет; глубина 0; seed, входы неполны",True,0,0,0,0.0,0.0,0,0,0.0,0.0,0.00028557,0.0,0,0,,,False,seed_inflow_incomplete;isolated
100000005481280100,peripheral,0.3,15,0.5077,"v0: признаков роли мало: входов 1 (33 тыс. KZT), выходов 3 (50 тыс. KZT); достижим от 7 seed",False,2,1,3,32700.0,50000.0,1,3,32700.0,0.654,0.00029597,4.366e-05,7,4,2026-07-18,2026-07-30,False,
100000005485830100,peripheral,0.3,43,0.4649,"v0: признаков роли мало: входов 0 (0 KZT), выходов 5 (276 тыс. KZT); seed, входы неполны",True,0,0,5,0.0,275885.0,0,9,0.0,0.0,0.00028557,0.0,0,7,2026-07-04,2026-07-20,False,seed_inflow_incomplete
100000005493505100,consolidator,0.375,12,0.8691,"v0: признаки консолидации (fan-in): входов 3 на 62 тыс. KZT; выходов 0 на 0 KZT; достижим от 11 seed; seed, входы неполны",True,0,3,0,62020.0,0.0,3,0,0.0,0.0,0.00061742,0.0,11,3,2026-07-18,2026-07-23,False,seed_inflow_incomplete
100000005495211100,peripheral,0.3,0,0.5578,"v0: признаков роли мало: входов 1 (14 тыс. KZT), выходов 0 (0 KZT); достижим от 7 seed; граница выгрузки (глубина 4)",False,4,1,0,14500.0,0.0,1,0,0.0,0.0,0.00055996,0.0,7,1,2026-07-05,2026-07-05,True,depth4_boundary
100000005495722100,peripheral,0.3,80,0.1066,"v0: переводов в выгрузке нет; глубина 0; seed, входы неполны",True,0,0,0,0.0,0.0,0,0,0.0,0.0,0.00028557,0.0,0,0,,,False,seed_inflow_incomplete;isolated
100000005496254100,terminal,0.5,0,0.1652,v0: признаки конечного получателя: входов 1 на 13 тыс. KZT; исходящих в выгрузке 0; достижим от 7 seed,False,1,1,0,12700.0,0.0,1,0,0.0,0.0,0.00028795,0.0,7,1,2026-07-17,2026-07-17,False,
100000005497148100,peripheral,0.3,5,0.5117,"v0: признаков роли мало: входов 1 (24 тыс. KZT), выходов 0 (0 KZT); достижим от 7 seed; граница выгрузки (глубина 4)",False,4,1,0,24000.0,0.0,2,0,0.0,0.0,0.00049001,0.0,7,2,2026-07-12,2026-07-13,True,depth4_boundary
100000005498992100,distributor,0.64,8,0.497,"v0: признаки распределения (fan-out): выходов 16 на 2,3 млн KZT; входов 0 на 0 KZT; seed, входы неполны",True,0,0,16,0.0,2262868.0,0,19,0.0,0.0,0.00028557,0.0,0,10,2026-07-17,2026-07-31,False,seed_inflow_incomplete
100000005505655100,peripheral,0.3,24,0.6,"v0: признаков роли мало: входов 2 (33 тыс. KZT), выходов 1 (20 тыс. KZT); достижим от 7 seed",False,1,2,1,33070.0,20000.0,2,1,20000.0,0.6048,0.00032151,0.00026908,7,2,2026-07-05,2026-07-08,False,
100000005507142100,consolidator,0.375,35,0.7995,v0: признаки консолидации (fan-in): входов 3 на 51 тыс. KZT; выходов 3 на 100 тыс. KZT; достижим от 1 seed,False,2,3,3,51000.0,100000.0,3,4,51000.0,0.51,0.00055895,4.56e-06,1,7,2026-07-01,2026-07-28,False,
100000005514161100,consolidator,0.5,6,0.8246,v0: признаки консолидации (fan-in): входов 4 на 402 тыс. KZT; выходов 1 на 50 тыс. KZT; достижим от 9 seed,False,1,4,1,401500.0,50000.0,7,1,50000.0,0.1245,0.00080614,4.042e-05,9,5,2026-07-09,2026-07-31,False,
100000005519347100,peripheral,0.3,4,0.8533,"v0: признаков роли мало: входов 2 (73 тыс. KZT), выходов 1 (99 тыс. KZT); достижим от 9 seed; seed, входы неполны",True,0,2,1,73100.0,99000.0,2,1,73100.0,0.7384,0.00055672,1.52e-06,9,3,2026-07-05,2026-07-15,False,seed_inflow_incomplete
100000005519998100,consolidator,0.375,32,0.8186,v0: признаки консолидации (fan-in): входов 3 на 182 тыс. KZT; выходов 3 на 188 тыс. KZT; достижим от 7 seed,False,2,3,3,182000.0,188000.0,5,8,182000.0,0.9681,0.00065246,5.984e-05,7,11,2026-07-05,2026-07-31,False,
100000005523088100,terminal,0.5,19,0.7163,"v0: признаки конечного получателя: входов 1 на 700 тыс. KZT; исходящих в выгрузке 0; достижим от 15 seed; seed, входы неполны",True,0,1,0,700000.0,0.0,2,0,0.0,0.0,0.00172064,0.0,15,1,2026-07-05,2026-07-05,False,seed_inflow_incomplete
100000005527892100,coordinator,0.65,17,0.6328,"v0: признаки gather-scatter: входов 3 на 220 тыс. KZT, выходов 8 на 552 тыс. KZT; betweenness 0.0005; достижим от 8 seed",False,1,3,8,220001.0,552419.0,3,8,220001.0,0.3983,0.00031243,0.00049557,8,8,2026-07-01,2026-07-31,False,
100000005530114100,peripheral,0.3,16,0.711,"v0: признаков роли мало: входов 2 (137 тыс. KZT), выходов 1 (25 тыс. KZT); достижим от 7 seed",False,3,2,1,136970.0,25000.0,2,1,25000.0,0.1825,0.00049487,4.46e-06,7,3,2026-07-04,2026-07-13,False,
100000005532138100,terminal,0.5,6,0.266,v0: признаки конечного получателя: входов 1 на 25 тыс. KZT; исходящих в выгрузке 0; достижим от 7 seed,False,3,1,0,25046.0,0.0,1,0,0.0,0.0,0.00029379,0.0,7,1,2026-07-09,2026-07-09,False,
100000005539201100,peripheral,0.3,4,0.3723,"v0: признаков роли мало: входов 1 (46 тыс. KZT), выходов 1 (25 тыс. KZT); достижим от 7 seed",False,1,1,1,45504.0,25000.0,1,1,25000.0,0.5494,0.00029046,4.197e-05,7,2,2026-07-05,2026-07-09,False,
100000005539910100,peripheral,0.3,2,0.7117,"v0: признаков роли мало: входов 1 (102 тыс. KZT), выходов 2 (22 тыс. KZT); достижим от 10 seed",False,2,1,2,102000.0,22000.0,1,2,22000.0,0.2157,0.00049873,4.795e-05,10,2,2026-07-16,2026-07-20,False,
100000005543136100,peripheral,0.3,12,0.2317,"v0: признаков роли мало: входов 0 (0 KZT), выходов 1 (10 тыс. KZT); seed, входы неполны",True,0,0,1,0.0,10000.0,0,1,0.0,0.0,0.00028557,0.0,0,1,2026-07-18,2026-07-18,False,seed_inflow_incomplete
100000005546031100,consolidator,0.375,46,0.8048,v0: признаки консолидации (fan-in): входов 3 на 67 тыс. KZT; выходов 1 на 8 тыс. KZT; достижим от 1 seed,False,1,3,1,66800.0,8000.0,6,1,8000.0,0.1198,0.00071253,5.9e-07,1,4,2026-07-03,2026-07-07,False,
100000005547096100,peripheral,0.3,46,0.796,"v0: признаков роли мало: входов 1 (8 тыс. KZT), выходов 2 (226 тыс. KZT); достижим от 1 seed",False,2,1,2,8000.0,226300.0,1,3,8000.0,0.0354,0.00089206,4e-07,1,3,2026-07-01,2026-07-05,False,
100000005550592100,peripheral,0.3,81,0.1066,"v0: переводов в выгрузке нет; глубина 0; seed, входы неполны",True,0,0,0,0.0,0.0,0,0,0.0,0.0,0.00028557,0.0,0,0,,,False,seed_inflow_incomplete;isolated
100000005553088100,peripheral,0.3,3,0.2704,"v0: признаков роли мало: входов 1 (18 тыс. KZT), выходов 0 (0 KZT); достижим от 7 seed; граница выгрузки (глубина 4)",False,4,1,0,17500.0,0.0,1,0,0.0,0.0,0.00029429,0.0,7,1,2026-07-09,2026-07-09,True,depth4_boundary
100000005560900100,peripheral,0.3,82,0.1066,"v0: переводов в выгрузке нет; глубина 0; seed, входы неполны",True,0,0,0,0.0,0.0,0,0,0.0,0.0,0.00028557,0.0,0,0,,,False,seed_inflow_incomplete;isolated
100000005561741100,terminal,0.5,7,0.4145,v0: признаки конечного получателя: входов 1 на 25 тыс. KZT; исходящих в выгрузке 0; достижим от 9 seed,False,2,1,0,25000.0,0.0,1,0,0.0,0.0,0.00032985,0.0,9,1,2026-07-10,2026-07-10,False,
100000005567828100,peripheral,0.3,7,0.3999,"v0: признаков роли мало: входов 1 (94 тыс. KZT), выходов 0 (0 KZT); достижим от 7 seed; граница выгрузки (глубина 4)",False,4,1,0,94000.0,0.0,1,0,0.0,0.0,0.00032076,0.0,7,1,2026-07-30,2026-07-30,True,depth4_boundary
100000005568407100,peripheral,0.3,83,0.1066,"v0: переводов в выгрузке нет; глубина 0; seed, входы неполны",True,0,0,0,0.0,0.0,0,0,0.0,0.0,0.00028557,0.0,0,0,,,False,seed_inflow_incomplete;isolated
100000005572303100,peripheral,0.3,4,0.5287,"v0: признаков роли мало: входов 1 (75 тыс. KZT), выходов 1 (20 тыс. KZT); достижим от 7 seed",False,2,1,1,75000.0,20000.0,1,1,20000.0,0.2667,0.00031328,3.844e-05,7,2,2026-07-02,2026-07-07,False,
100000005578559100,distributor,0.84,7,0.7406,v0: признаки распределения (fan-out): выходов 21 на 893 тыс. KZT; входов 2 на 131 тыс. KZT; достижим от 7 seed,False,2,2,21,131000.0,893163.67,2,23,131000.0,0.1467,0.00039102,0.00096675,7,12,2026-07-01,2026-07-13,False,
100000005584222100,peripheral,0.3,0,0.8177,"v0: признаков роли мало: входов 2 (193 тыс. KZT), выходов 2 (109 тыс. KZT); достижим от 7 seed",False,1,2,2,192717.0,108587.0,6,3,108587.0,0.5635,0.00087592,3.864e-05,7,6,2026-07-02,2026-07-16,False,
100000005588444100,terminal,0.5,6,0.1407,v0: признаки конечного получателя: входов 1 на 12 тыс. KZT; исходящих в выгрузке 0; достижим от 1 seed,False,1,1,0,12300.0,0.0,1,0,0.0,0.0,0.00028627,0.0,1,1,2026-07-23,2026-07-23,False,
100000005589319100,peripheral,0.3,2,0.3634,"v0: признаков роли мало: входов 1 (26 тыс. KZT), выходов 0 (0 KZT); достижим от 7 seed; граница выгрузки (глубина 4)",False,4,1,0,26000.0,0.0,1,0,0.0,0.0,0.00030996,0.0,7,1,2026-07-21,2026-07-21,True,depth4_boundary
100000005602999100,peripheral,0.3,11,0.5411,"v0: признаков роли мало: входов 1 (5 тыс. KZT), выходов 2 (16 тыс. KZT); достижим от 8 seed",False,2,1,2,5000.0,16000.0,1,3,5000.0,0.3125,0.00030485,4.201e-05,8,3,2026-07-24,2026-07-28,False,
100000005608515100,terminal,0.5,6,0.2569,v0: признаки конечного получателя: входов 1 на 64 тыс. KZT; исходящих в выгрузке 0; достижим от 1 seed,False,2,1,0,64000.0,0.0,4,0,0.0,0.0,0.00029316,0.0,1,3,2026-07-03,2026-07-14,False,
100000005610717100,consolidator,0.5,0,0.6675,v0: признаки консолидации (fan-in): входов 4 на 484 тыс. KZT; выходов 1 на 265 тыс. KZT; достижим от 7 seed,False,3,4,1,484500.0,265200.0,6,7,265200.0,0.5474,0.00034454,1.922e-05,7,8,2026-07-04,2026-07-27,False,
100000005612411100,coordinator,0.65,2,0.6706,"v0: признаки gather-scatter: входов 3 на 116 тыс. KZT, выходов 8 на 507 тыс. KZT; betweenness 0.0002; достижим от 8 seed",False,1,3,8,115500.0,506997.0,4,8,115500.0,0.2278,0.00032721,0.00015535,8,7,2026-07-03,2026-07-29,False,
100000005614315100,terminal,0.5,4,0.5618,v0: признаки конечного получателя: входов 1 на 455 тыс. KZT; исходящих в выгрузке 0; достижим от 7 seed,False,2,1,0,455000.0,0.0,1,0,0.0,0.0,0.00057509,0.0,7,1,2026-07-17,2026-07-17,False,
100000005616568100,peripheral,0.3,5,0.4933,"v0: признаков роли мало: входов 1 (530 тыс. KZT), выходов 0 (0 KZT); достижим от 7 seed; граница выгрузки (глубина 4)",False,4,1,0,530000.0,0.0,1,0,0.0,0.0,0.00043196,0.0,7,1,2026-07-03,2026-07-03,True,depth4_boundary
100000005619339100,transit,0.5574,4,0.5525,"v0: признаки транзита: вход 5 тыс. KZT, выход 5 тыс. KZT; доля прохода 0.92, входов 1, выходов 1; достижим от 7 seed",False,2,1,1,5000.0,5442.6,1,1,5000.0,0.9187,0.00032083,0.0,7,2,2026-07-12,2026-07-30,False,
100000005620225100,terminal,0.5,0,0.4413,v0: признаки конечного получателя: входов 2 на 50 тыс. KZT; исходящих в выгрузке 0; достижим от 7 seed,False,1,2,0,49845.66,0.0,2,0,0.0,0.0,0.00029624,0.0,7,2,2026-07-02,2026-07-03,False,
100000005621418100,peripheral,0.3,25,0.3563,"v0: признаков роли мало: входов 1 (30 тыс. KZT), выходов 0 (0 KZT); достижим от 7 seed; граница выгрузки (глубина 4)",False,4,1,0,30000.0,0.0,1,0,0.0,0.0,0.00030783,0.0,7,1,2026-07-07,2026-07-07,True,depth4_boundary
100000005628518100,terminal,0.5,18,0.5331,v0: признаки конечного получателя: входов 1 на 77 тыс. KZT; исходящих в выгрузке 0; достижим от 7 seed,False,3,1,0,77000.0,0.0,3,0,0.0,0.0,0.00053299,0.0,7,3,2026-07-06,2026-07-25,False,
100000005634552100,peripheral,0.3,0,0.3973,"v0: признаков роли мало: входов 1 (26 тыс. KZT), выходов 3 (1,2 млн KZT); достижим от 7 seed",False,1,1,3,25850.0,1196000.0,1,4,25850.0,0.0216,0.00028835,2.918e-05,7,4,2026-07-09,2026-07-21,False,
100000005636951100,peripheral,0.3,26,0.5749,"v0: признаков роли мало: входов 1 (40 тыс. KZT), выходов 0 (0 KZT); достижим от 1 seed; граница выгрузки (глубина 4)",False,4,1,0,40000.0,0.0,1,0,0.0,0.0,0.00063559,0.0,1,1,2026-07-07,2026-07-07,True,depth4_boundary
100000005660203100,peripheral,0.3,4,0.7984,"v0: признаков роли мало: входов 1 (573 тыс. KZT), выходов 2 (41 тыс. KZT); достижим от 7 seed",False,2,1,2,572899.0,41000.0,12,5,41000.0,0.0716,0.00094925,1.942e-05,7,13,2026-07-01,2026-07-31,False,
100000005661528100,terminal,0.5,3,0.2297,v0: признаки конечного получателя: входов 1 на 25 тыс. KZT; исходящих в выгрузке 0; достижим от 7 seed,False,3,1,0,25000.0,0.0,1,0,0.0,0.0,0.00029109,0.0,7,1,2026-07-19,2026-07-19,False,
100000005661829100,transit,0.6597,18,0.4406,"v0: признаки транзита: вход 38 тыс. KZT, выход 40 тыс. KZT; доля прохода 0.94, входов 1, выходов 2; достижим от 7 seed",False,3,1,2,37790.0,40362.0,1,4,37790.0,0.9363,0.00029203,2.23e-06,7,3,2026-07-25,2026-07-27,False,
100000005664632100,terminal,0.5,64,0.4552,v0: признаки конечного получателя: входов 1 на 199 тыс. KZT; исходящих в выгрузке 0; достижим от 10 seed,False,2,1,0,198620.0,0.0,18,0,0.0,0.0,0.00036514,0.0,10,5,2026-07-24,2026-07-30,False,
100000005664922100,peripheral,0.3,22,0.8243,"v0: признаков роли мало: входов 2 (22 тыс. KZT), выходов 3 (537 тыс. KZT); достижим от 1 seed",False,2,2,3,22000.0,537000.0,2,4,22000.0,0.041,0.00080597,3.96e-06,1,5,2026-07-01,2026-07-27,False,
100000005665181100,coordinator,0.8833,5,0.7427,"v0: признаки gather-scatter: входов 4 на 45 тыс. KZT, выходов 11 на 182 тыс. KZT; betweenness 0.0003; достижим от 7 seed",False,2,4,11,45498.0,181915.0,5,11,45498.0,0.2501,0.00039854,0.00026832,7,7,2026-07-15,2026-07-31,False,
100000005667841100,terminal,0.5,9,0.524,v0: признаки конечного получателя: входов 2 на 186 тыс. KZT; исходящих в выгрузке 0; достижим от 8 seed,False,3,2,0,186000.0,0.0,2,0,0.0,0.0,0.00031223,0.0,8,1,2026-07-17,2026-07-17,False,
100000005668605100,consolidator,0.375,19,0.8913,"v0: признаки консолидации (fan-in): входов 3 на 94 тыс. KZT; выходов 0 на 0 KZT; достижим от 10 seed; seed, входы неполны",True,0,3,0,94500.0,0.0,3,0,0.0,0.0,0.0008383,0.0,10,3,2026-07-20,2026-07-22,False,seed_inflow_incomplete
100000005669845100,terminal,0.5,28,0.3895,v0: признаки конечного получателя: входов 1 на 20 тыс. KZT; исходящих в выгрузке 0; достижим от 1 seed,False,1,1,0,20000.0,0.0,1,0,0.0,0.0,0.00031754,0.0,1,1,2026-07-04,2026-07-04,False,
100000005674387100,terminal,0.5,1,0.2065,v0: признаки конечного получателя: входов 1 на 26 тыс. KZT; исходящих в выгрузке 0; достижим от 1 seed,False,3,1,0,26200.0,0.0,1,0,0.0,0.0,0.00028966,0.0,1,1,2026-07-13,2026-07-13,False,
100000005685783100,peripheral,0.3,1,0.5318,"v0: признаков роли мало: входов 1 (26 тыс. KZT), выходов 0 (0 KZT); достижим от 1 seed; граница выгрузки (глубина 4)",False,4,1,0,26150.0,0.0,1,0,0.0,0.0,0.00053206,0.0,1,1,2026-07-29,2026-07-29,True,depth4_boundary
100000005704413100,coordinator,1.0,7,0.8384,"v0: признаки gather-scatter: входов 3 на 98 тыс. KZT, выходов 32 на 1,4 млн KZT; betweenness 0.0026; достижим от 7 seed",False,3,3,32,97834.67,1363593.0,4,35,97834.67,0.0717,0.00059969,0.00256276,7,12,2026-07-12,2026-07-30,False,
100000005709551100,terminal,0.5,12,0.2744,v0: признаки конечного получателя: входов 1 на 25 тыс. KZT; исходящих в выгрузке 0; достижим от 7 seed,False,3,1,0,24560.0,0.0,1,0,0.0,0.0,0.00029466,0.0,7,1,2026-07-03,2026-07-03,False,
100000005711521100,peripheral,0.3,12,0.5353,"v0: признаков роли мало: входов 1 (238 тыс. KZT), выходов 0 (0 KZT); достижим от 7 seed; граница выгрузки (глубина 4)",False,4,1,0,238000.0,0.0,1,0,0.0,0.0,0.00053384,0.0,7,1,2026-07-11,2026-07-11,True,depth4_boundary
100000005723580100,peripheral,0.3,9,0.4337,"v0: признаков роли мало: входов 1 (35 тыс. KZT), выходов 0 (0 KZT); достижим от 8 seed; граница выгрузки (глубина 4)",False,4,1,0,35000.0,0.0,1,0,0.0,0.0,0.00034434,0.0,8,1,2026-07-14,2026-07-14,True,depth4_boundary
100000005730108100,terminal,0.5,0,0.449,v0: признаки конечного получателя: входов 1 на 8 тыс. KZT; исходящих в выгрузке 0; достижим от 7 seed,False,2,1,0,8000.0,0.0,1,0,0.0,0.0,0.00035866,0.0,7,1,2026-07-14,2026-07-14,False,
100000005744674100,peripheral,0.3,19,0.2317,"v0: признаков роли мало: входов 0 (0 KZT), выходов 1 (50 тыс. KZT); seed, входы неполны",True,0,0,1,0.0,50066.0,0,2,0.0,0.0,0.00028557,0.0,0,2,2026-07-09,2026-07-11,False,seed_inflow_incomplete
100000005745873100,peripheral,0.3,38,0.3867,"v0: признаков роли мало: входов 1 (223 тыс. KZT), выходов 0 (0 KZT); достижим от 7 seed; граница выгрузки (глубина 4)",False,4,1,0,223000.0,0.0,1,0,0.0,0.0,0.00031632,0.0,7,1,2026-07-15,2026-07-15,True,depth4_boundary
100000005754335100,terminal,0.5,39,0.4822,v0: признаки конечного получателя: входов 1 на 44 тыс. KZT; исходящих в выгрузке 0; достижим от 7 seed,False,3,1,0,44037.0,0.0,1,0,0.0,0.0,0.00040462,0.0,7,1,2026-07-11,2026-07-11,False,
100000005756189100,peripheral,0.3,5,0.3145,"v0: признаков роли мало: входов 1 (65 тыс. KZT), выходов 1 (49 тыс. KZT); достижим от 7 seed",False,3,1,1,65000.0,49050.0,1,1,49050.0,0.7546,0.00028768,1.922e-05,7,1,2026-07-02,2026-07-02,False,
100000005756535100,terminal,0.5,1,0.5449,v0: признаки конечного получателя: входов 1 на 20 тыс. KZT; исходящих в выгрузке 0; достижим от 1 seed,False,3,1,0,20000.0,0.0,1,0,0.0,0.0,0.0005416,0.0,1,1,2026-07-18,2026-07-18,False,
100000005767403100,peripheral,0.3,32,0.6052,"v0: признаков роли мало: входов 1 (1,1 млн KZT), выходов 0 (0 KZT); достижим от 7 seed; граница выгрузки (глубина 4)",False,4,1,0,1100000.0,0.0,2,0,0.0,0.0,0.00108186,0.0,7,2,2026-07-08,2026-07-31,True,depth4_boundary
100000005778283100,consolidator,0.375,6,0.6932,v0: признаки консолидации (fan-in): входов 3 на 616 тыс. KZT; выходов 0 на 0 KZT; достижим от 9 seed,False,1,3,0,615760.0,0.0,3,0,0.0,0.0,0.00043758,0.0,9,3,2026-07-08,2026-07-15,False,
100000005782781100,coordinator,1.0,6,0.7762,"v0: признаки gather-scatter: входов 6 на 172 тыс. KZT, выходов 10 на 1,3 млн KZT; betweenness 0.0006; достижим от 7 seed",False,2,6,10,171888.0,1263597.0,10,10,171888.0,0.136,0.00048751,0.00056832,7,9,2026-07-04,2026-07-15,False,
100000005782886100,peripheral,0.3,8,0.4535,"v0: признаков роли мало: входов 1 (14 тыс. KZT), выходов 0 (0 KZT); достижим от 9 seed; граница выгрузки (глубина 4)",False,4,1,0,14000.0,0.0,1,0,0.0,0.0,0.00036353,0.0,9,1,2026-07-23,2026-07-23,True,depth4_boundary
100000005783452100,peripheral,0.3,13,0.5338,"v0: признаков роли мало: входов 2 (286 тыс. KZT), выходов 0 (0 KZT); достижим от 8 seed; граница выгрузки (глубина 4)",False,4,2,0,286500.0,0.0,2,0,0.0,0.0,0.00031442,0.0,8,1,2026-07-28,2026-07-28,True,depth4_boundary
100000005799271100,terminal,0.5,11,0.5384,v0: признаки конечного получателя: входов 1 на 45 тыс. KZT; исходящих в выгрузке 0; достижим от 8 seed,False,2,1,0,45000.0,0.0,2,0,0.0,0.0,0.00053667,0.0,8,2,2026-07-07,2026-07-26,False,
100000005807278100,terminal,0.5,43,0.2542,v0: признаки конечного получателя: входов 1 на 8 тыс. KZT; исходящих в выгрузке 0; достижим от 1 seed,False,1,1,0,8385.0,0.0,1,0,0.0,0.0,0.00029296,0.0,1,1,2026-07-19,2026-07-19,False,
100000005809252100,terminal,0.5,5,0.5598,v0: признаки конечного получателя: входов 1 на 25 тыс. KZT; исходящих в выгрузке 0; достижим от 7 seed,False,2,1,0,25000.0,0.0,1,0,0.0,0.0,0.00056713,0.0,7,1,2026-07-30,2026-07-30,False,
100000005815602100,peripheral,0.3,4,0.7051,"v0: признаков роли мало: входов 1 (20 тыс. KZT), выходов 1 (165 тыс. KZT); достижим от 7 seed",False,3,1,1,20000.0,165000.0,1,1,20000.0,0.1212,0.00055217,1.942e-05,7,2,2026-07-02,2026-07-21,False,
100000005820746100,peripheral,0.3,22,0.7551,"v0: признаков роли мало: входов 1 (2,0 млн KZT), выходов 1 (60 тыс. KZT); достижим от 1 seed",False,3,1,1,1989000.0,60000.0,2,1,60000.0,0.0302,0.00098946,0.0,1,2,2026-07-16,2026-07-20,False,
100000005830339100,consolidator,0.625,2,0.6958,v0: признаки консолидации (fan-in): входов 5 на 476 тыс. KZT; выходов 1 на 339 тыс. KZT; достижим от 7 seed,False,3,5,1,476341.0,339251.0,12,1,339251.0,0.7122,0.0003636,3.8e-06,7,12,2026-07-01,2026-07-27,False,
100000005834479100,peripheral,0.3,3,0.3445,"v0: признаков роли мало: входов 1 (8 тыс. KZT), выходов 2 (14 тыс. KZT); достижим от 7 seed",False,2,1,2,7500.0,14470.0,1,2,7500.0,0.5183,0.00028675,1.98e-06,7,3,2026-07-11,2026-07-15,False,
100000005844459100,terminal,0.5,0,0.5785,v0: признаки конечного получателя: входов 2 на 243 тыс. KZT; исходящих в выгрузке 0; достижим от 7 seed,False,1,2,0,243400.0,0.0,2,0,0.0,0.0,0.00033808,0.0,7,2,2026-07-09,2026-07-30,False,
100000005847078100,terminal,0.5,1,0.1693,v0: признаки конечного получателя: входов 1 на 16 тыс. KZT; исходящих в выгрузке 0; достижим от 1 seed,False,3,1,0,16300.0,0.0,1,0,0.0,0.0,0.00028811,0.0,1,1,2026-07-23,2026-07-23,False,
100000005849100100,terminal,0.5,2,0.5124,v0: признаки конечного получателя: входов 1 на 33 тыс. KZT; исходящих в выгрузке 0; достижим от 10 seed,False,2,1,0,33300.0,0.0,1,0,0.0,0.0,0.00049072,0.0,10,1,2026-07-15,2026-07-15,False,
100000005849862100,peripheral,0.3,6,0.5493,"v0: признаков роли мало: входов 1 (13 тыс. KZT), выходов 0 (0 KZT); достижим от 7 seed; граница выгрузки (глубина 4)",False,4,1,0,13000.0,0.0,2,0,0.0,0.0,0.00054844,0.0,7,2,2026-07-05,2026-07-22,True,depth4_boundary
100000005852946100,terminal,0.5,2,0.2168,v0: признаки конечного получателя: входов 1 на 24 тыс. KZT; исходящих в выгрузке 0; достижим от 10 seed,False,1,1,0,23746.0,0.0,1,0,0.0,0.0,0.00029032,0.0,10,1,2026-07-16,2026-07-16,False,
100000005857058100,consolidator,0.375,0,0.6692,v0: признаки консолидации (fan-in): входов 3 на 80 тыс. KZT; выходов 0 на 0 KZT; достижим от 7 seed,False,3,3,0,80222.0,0.0,3,0,0.0,0.0,0.00038993,0.0,7,3,2026-07-01,2026-07-06,False,
100000005873152100,transit,1.0,11,0.6555,"v0: признаки транзита: вход 10 тыс. KZT, выход 10 тыс. KZT; доля прохода 1.00, входов 1, выходов 1; достижим от 11 seed",False,3,1,1,10000.0,10000.0,1,1,10000.0,1.0,0.00046746,4e-07,11,2,2026-07-03,2026-07-05,False,
100000005877725100,terminal,0.5,1,0.3189,v0: признаки конечного получателя: входов 1 на 70 тыс. KZT; исходящих в выгрузке 0; достижим от 1 seed,False,1,1,0,70000.0,0.0,1,0,0.0,0.0,0.00030026,0.0,1,1,2026-07-01,2026-07-01,False,
100000005878334100,peripheral,0.3,3,0.479,"v0: признаков роли мало: входов 1 (76 тыс. KZT), выходов 0 (0 KZT); достижим от 7 seed; граница выгрузки (глубина 4)",False,4,1,0,76400.0,0.0,2,0,0.0,0.0,0.00039896,0.0,7,2,2026-07-12,2026-07-28,True,depth4_boundary
100000005882013100,peripheral,0.3,12,0.719,"v0: признаков роли мало: входов 2 (135 тыс. KZT), выходов 1 (10 тыс. KZT); достижим от 10 seed",False,2,2,1,135000.0,10000.0,3,1,10000.0,0.0741,0.00052642,0.0,10,4,2026-07-22,2026-07-28,False,
100000005888829100,peripheral,0.3,8,0.3687,"v0: признаков роли мало: входов 1 (197 тыс. KZT), выходов 0 (0 KZT); достижим от 8 seed; граница выгрузки (глубина 4)",False,4,1,0,197000.0,0.0,1,0,0.0,0.0,0.00031149,0.0,8,1,2026-07-13,2026-07-13,True,depth4_boundary
100000005893892100,terminal,0.5,5,0.1906,v0: признаки конечного получателя: входов 1 на 103 тыс. KZT; исходящих в выгрузке 0; достижим от 7 seed,False,3,1,0,102780.0,0.0,1,0,0.0,0.0,0.0002889,0.0,7,1,2026-07-10,2026-07-10,False,
100000005895525100,terminal,0.5,43,0.4733,v0: признаки конечного получателя: входов 1 на 120 тыс. KZT; исходящих в выгрузке 0; достижим от 1 seed,False,1,1,0,120000.0,0.0,3,0,0.0,0.0,0.00039127,0.0,1,3,2026-07-10,2026-07-13,False,
100000005897462100,terminal,0.5,11,0.3205,v0: признаки конечного получателя: входов 1 на 98 тыс. KZT; исходящих в выгрузке 0; достижим от 8 seed,False,1,1,0,98400.0,0.0,1,0,0.0,0.0,0.00030049,0.0,8,1,2026-07-15,2026-07-15,False,
100000005901606100,terminal,0.5,1,0.256,v0: признаки конечного получателя: входов 1 на 36 тыс. KZT; исходящих в выгрузке 0; достижим от 1 seed,False,1,1,0,35660.0,0.0,1,0,0.0,0.0,0.00029305,0.0,1,1,2026-07-23,2026-07-23,False,
100000005904580100,terminal,0.5,10,0.6733,v0: признаки конечного получателя: входов 2 на 72 тыс. KZT; исходящих в выгрузке 0; достижим от 7 seed,False,2,2,0,72000.0,0.0,2,0,0.0,0.0,0.00052271,0.0,7,1,2026-07-01,2026-07-01,False,
100000005910114100,coordinator,1.0,0,0.7195,"v0: признаки gather-scatter: входов 3 на 326 тыс. KZT, выходов 19 на 1,5 млн KZT; betweenness 0.0058; достижим от 7 seed",False,3,3,19,326144.0,1469993.0,3,56,326144.0,0.2219,0.00036165,0.00584221,7,20,2026-07-01,2026-07-21,False,
100000005910895100,peripheral,0.3,11,0.5676,"v0: признаков роли мало: входов 1 (5 тыс. KZT), выходов 0 (0 KZT); достижим от 8 seed; граница выгрузки (глубина 4)",False,4,1,0,5100.0,0.0,1,0,0.0,0.0,0.0005976,0.0,8,1,2026-07-30,2026-07-30,True,depth4_boundary
100000005911352100,peripheral,0.3,36,0.7852,"v0: признаков роли мало: входов 2 (15 тыс. KZT), выходов 3 (24 тыс. KZT); достижим от 7 seed",False,2,2,3,15000.0,24000.0,2,3,15000.0,0.625,0.00055173,9.749e-05,7,5,2026-07-06,2026-07-30,False,
100000005931985100,terminal,0.5,13,0.3745,v0: признаки конечного получателя: входов 1 на 76 тыс. KZT; исходящих в выгрузке 0; достижим от 1 seed,False,2,1,0,76000.0,0.0,1,0,0.0,0.0,0.0003129,0.0,1,1,2026-07-31,2026-07-31,False,
100000005932987100,terminal,0.5,32,0.4851,v0: признаки конечного получателя: входов 1 на 25 тыс. KZT; исходящих в выгрузке 0; достижим от 7 seed,False,2,1,0,25000.0,0.0,3,0,0.0,0.0,0.00041181,0.0,7,3,2026-07-07,2026-07-31,False,
100000005933757100,coordinator,1.0,14,0.8736,"v0: признаки gather-scatter: входов 4 на 1,2 млн KZT, выходов 34 на 3,0 млн KZT; betweenness 0.0039; достижим от 7 seed",False,2,4,34,1246000.0,3002628.0,6,46,1246000.0,0.415,0.00099799,0.00389279,7,15,2026-07-01,2026-07-21,False,
100000005939154100,terminal,0.5,4,0.2644,v0: признаки конечного получателя: входов 1 на 22 тыс. KZT; исходящих в выгрузке 0; достижим от 7 seed,False,2,1,0,22000.0,0.0,2,0,0.0,0.0,0.0002937,0.0,7,2,2026-07-07,2026-07-20,False,
100000005940652100,terminal,0.5,9,0.1685,v0: признаки конечного получателя: входов 1 на 8 тыс. KZT; исходящих в выгрузке 0; достижим от 10 seed,False,1,1,0,8395.0,0.0,1,0,0.0,0.0,0.00028809,0.0,10,1,2026-07-16,2026-07-16,False,
100000005941908100,terminal,0.5,14,0.582,v0: признаки конечного получателя: входов 1 на 10 тыс. KZT; исходящих в выгрузке 0; достижим от 8 seed,False,3,1,0,10000.0,0.0,1,0,0.0,0.0,0.00069235,0.0,8,1,2026-07-25,2026-07-25,False,
100000005942793100,consolidator,0.5,0,0.6393,v0: признаки консолидации (fan-in): входов 4 на 55 тыс. KZT; выходов 0 на 0 KZT; достижим от 7 seed,False,2,4,0,55000.0,0.0,4,0,0.0,0.0,0.00033223,0.0,7,2,2026-07-06,2026-07-07,False,
100000005958064100,peripheral,0.3,14,0.3367,"v0: признаков роли мало: входов 1 (6 тыс. KZT), выходов 2 (164 тыс. KZT); достижим от 7 seed",False,1,1,2,5746.0,163986.84,1,3,5746.0,0.035,0.00028619,2.513e-05,7,2,2026-07-03,2026-07-29,False,
100000005961971100,terminal,0.5,1,0.2822,v0: признаки конечного получателя: входов 1 на 47 тыс. KZT; исходящих в выгрузке 0; достижим от 1 seed,False,1,1,0,47353.0,0.0,1,0,0.0,0.0,0.00029551,0.0,1,1,2026-07-20,2026-07-20,False,
100000005974542100,terminal,0.5,21,0.5091,v0: признаки конечного получателя: входов 1 на 94 тыс. KZT; исходящих в выгрузке 0; достижим от 7 seed,False,3,1,0,94500.0,0.0,3,0,0.0,0.0,0.00048305,0.0,7,3,2026-07-01,2026-07-14,False,
100000005979037100,peripheral,0.3,3,0.4074,"v0: признаков роли мало: входов 1 (60 тыс. KZT), выходов 0 (0 KZT); достижим от 7 seed; граница выгрузки (глубина 4)",False,4,1,0,60300.0,0.0,1,0,0.0,0.0,0.00032485,0.0,7,1,2026-07-25,2026-07-25,True,depth4_boundary
100000005995391100,terminal,0.5,1,0.1723,v0: признаки конечного получателя: входов 1 на 17 тыс. KZT; исходящих в выгрузке 0; достижим от 1 seed,False,3,1,0,17200.0,0.0,1,0,0.0,0.0,0.00028825,0.0,1,1,2026-07-14,2026-07-14,False,
100000005996909100,terminal,0.5,15,0.3861,v0: признаки конечного получателя: входов 1 на 6 тыс. KZT; исходящих в выгрузке 0; достижим от 7 seed,False,3,1,0,5500.0,0.0,1,0,0.0,0.0,0.00031595,0.0,7,1,2026-07-29,2026-07-29,False,
100000006008169100,terminal,0.5,10,0.2967,v0: признаки конечного получателя: входов 1 на 70 тыс. KZT; исходящих в выгрузке 0; достижим от 1 seed,False,1,1,0,70000.0,0.0,1,0,0.0,0.0,0.00029719,0.0,1,1,2026-07-12,2026-07-12,False,
100000006020215100,transit,0.3667,12,0.4904,"v0: признаки транзита: вход 30 тыс. KZT, выход 34 тыс. KZT; доля прохода 0.89, входов 1, выходов 2; достижим от 7 seed",False,3,1,2,30000.0,33800.0,1,2,30000.0,0.8876,0.00029667,6.056e-05,7,3,2026-07-01,2026-07-24,False,
100000006030946100,terminal,0.5,1,0.3247,v0: признаки конечного получателя: входов 1 на 73 тыс. KZT; исходящих в выгрузке 0; достижим от 1 seed,False,1,1,0,73289.0,0.0,1,0,0.0,0.0,0.00030095,0.0,1,1,2026-07-08,2026-07-08,False,
100000006048193100,terminal,0.5,0,0.2907,v0: признаки конечного получателя: входов 1 на 42 тыс. KZT; исходящих в выгрузке 0; достижим от 7 seed,False,3,1,0,41559.0,0.0,1,0,0.0,0.0,0.00029641,0.0,7,1,2026-07-26,2026-07-26,False,
100000006069103100,consolidator,0.375,52,0.8488,v0: признаки консолидации (fan-in): входов 3 на 229 тыс. KZT; выходов 3 на 270 тыс. KZT; достижим от 7 seed,False,1,3,3,228818.0,270000.0,3,4,228818.0,0.8475,0.00115163,5.806e-05,7,5,2026-07-03,2026-07-08,False,
100000006100920100,terminal,0.5,0,0.4094,v0: признаки конечного получателя: входов 1 на 100 тыс. KZT; исходящих в выгрузке 0; достижим от 7 seed,False,3,1,0,100000.0,0.0,1,0,0.0,0.0,0.00032651,0.0,7,1,2026-07-04,2026-07-04,False,
100000006111439100,consolidator,0.375,5,0.7036,v0: признаки консолидации (fan-in): входов 3 на 21 тыс. KZT; выходов 4 на 24 тыс. KZT; достижим от 7 seed,False,3,3,4,20570.0,24000.0,3,4,20570.0,0.8571,0.0003655,1.756e-05,7,7,2026-07-02,2026-07-26,False,
100000006111442100,terminal,0.5,9,0.2824,v0: признаки конечного получателя: входов 1 на 64 тыс. KZT; исходящих в выгрузке 0; достижим от 8 seed,False,3,1,0,64000.0,0.0,1,0,0.0,0.0,0.00029553,0.0,8,1,2026-07-17,2026-07-17,False,
100000006122699100,terminal,0.5,4,0.6348,v0: признаки конечного получателя: входов 2 на 46 тыс. KZT; исходящих в выгрузке 0; достижим от 7 seed,False,2,2,0,45865.0,0.0,2,0,0.0,0.0,0.00040471,0.0,7,1,2026-07-01,2026-07-01,False,
100000006126743100,terminal,0.5,5,0.1565,v0: признаки конечного получателя: входов 1 на 55 тыс. KZT; исходящих в выгрузке 0; достижим от 7 seed,False,3,1,0,55000.0,0.0,1,0,0.0,0.0,0.00028735,0.0,7,1,2026-07-14,2026-07-14,False,
100000006161893100,terminal,0.5,4,0.5306,v0: признаки конечного получателя: входов 1 на 14 тыс. KZT; исходящих в выгрузке 0; достижим от 7 seed,False,2,1,0,14000.0,0.0,1,0,0.0,0.0,0.00053185,0.0,7,1,2026-07-16,2026-07-16,False,
100000006165886100,peripheral,0.3,0,0.502,"v0: признаков роли мало: входов 2 (184 тыс. KZT), выходов 1 (75 тыс. KZT); достижим от 7 seed",False,3,2,1,184481.0,75000.0,2,1,75000.0,0.4065,0.00029856,6.9e-07,7,2,2026-07-19,2026-07-30,False,
100000006169033100,peripheral,0.3,39,0.7074,"v0: признаков роли мало: входов 1 (49 тыс. KZT), выходов 3 (1,1 млн KZT); достижим от 7 seed",False,3,1,3,49000.0,1140271.0,1,10,49000.0,0.043,0.00041804,3.923e-05,7,10,2026-07-01,2026-07-21,False,
100000006171671100,peripheral,0.3,0,0.5233,"v0: признаков роли мало: входов 1 (10 тыс. KZT), выходов 0 (0 KZT); достижим от 7 seed; граница выгрузки (глубина 4)",False,4,1,0,10000.0,0.0,1,0,0.0,0.0,0.00052907,0.0,7,1,2026-07-07,2026-07-07,True,depth4_boundary
100000006177176100,terminal,0.5,4,0.145,v0: признаки конечного получателя: входов 1 на 9 тыс. KZT; исходящих в выгрузке 0; достижим от 7 seed,False,1,1,0,8911.0,0.0,1,0,0.0,0.0,0.00028653,0.0,7,1,2026-07-16,2026-07-16,False,
100000006209210100,terminal,0.5,6,0.451,v0: признаки конечного получателя: входов 1 на 229 тыс. KZT; исходящих в выгрузке 0; достижим от 7 seed,False,3,1,0,229111.0,0.0,1,0,0.0,0.0,0.0003608,0.0,7,1,2026-07-09,2026-07-09,False,
100000006225798100,consolidator,0.375,16,0.6835,v0: признаки консолидации (fan-in): входов 3 на 722 тыс. KZT; выходов 2 на 26 тыс. KZT; достижим от 7 seed,False,3,3,2,722000.0,26300.0,4,2,26300.0,0.0364,0.00035997,3.844e-05,7,5,2026-07-06,2026-07-23,False,
100000006232642100,peripheral,0.3,39,0.4906,"v0: признаков роли мало: входов 1 (456 тыс. KZT), выходов 0 (0 KZT); достижим от 7 seed; граница выгрузки (глубина 4)",False,4,1,0,456000.0,0.0,4,0,0.0,0.0,0.00042786,0.0,7,4,2026-07-14,2026-07-19,True,depth4_boundary
100000006232815100,peripheral,0.3,28,0.8975,"v0: признаков роли мало: входов 1 (160 тыс. KZT), выходов 5 (296 тыс. KZT); seed, входы неполны",True,0,1,5,160000.0,296500.0,2,5,160000.0,0.5396,0.00055665,2.77e-06,0,6,2026-07-03,2026-07-24,False,seed_inflow_incomplete
100000006240939100,peripheral,0.3,26,0.6355,"v0: признаков роли мало: входов 1 (160 тыс. KZT), выходов 5 (778 тыс. KZT); достижим от 1 seed",False,2,1,5,160000.0,778015.0,1,5,160000.0,0.2057,0.00031875,4.16e-06,1,4,2026-07-03,2026-07-07,False,
100000006248077100,terminal,0.5,4,0.2664,v0: признаки конечного получателя: входов 1 на 50 тыс. KZT; исходящих в выгрузке 0; достижим от 7 seed,False,2,1,0,50000.0,0.0,1,0,0.0,0.0,0.00029385,0.0,7,1,2026-07-22,2026-07-22,False,
100000006249740100,peripheral,0.3,51,0.4292,"v0: признаков роли мало: входов 0 (0 KZT), выходов 3 (93 тыс. KZT); seed, входы неполны",True,0,0,3,0.0,93007.0,0,5,0.0,0.0,0.00028557,0.0,0,5,2026-07-21,2026-07-31,False,seed_inflow_incomplete
100000006257675100,peripheral,0.3,20,0.4668,"v0: признаков роли мало: входов 1 (70 тыс. KZT), выходов 0 (0 KZT); достижим от 7 seed; граница выгрузки (глубина 4)",False,4,1,0,70000.0,0.0,2,0,0.0,0.0,0.00038265,0.0,7,1,2026-07-20,2026-07-20,True,depth4_boundary
100000006274203100,peripheral,0.3,18,0.8072,"v0: признаков роли мало: входов 2 (3,4 млн KZT), выходов 3 (72 тыс. KZT); достижим от 9 seed",False,3,2,3,3417512.0,72000.0,41,3,72000.0,0.0211,0.00063211,3.734e-05,9,21,2026-07-02,2026-07-31,False,
100000006288612100,peripheral,0.3,10,0.2996,"v0: признаков роли мало: входов 1 (31 тыс. KZT), выходов 0 (0 KZT); достижим от 7 seed; граница выгрузки (глубина 4)",False,4,1,0,30805.0,0.0,3,0,0.0,0.0,0.00029762,0.0,7,3,2026-07-02,2026-07-21,True,depth4_boundary
100000006308406100,peripheral,0.3,20,0.542,"v0: признаков роли мало: входов 1 (183 тыс. KZT), выходов 0 (0 KZT); достижим от 7 seed; граница выгрузки (глубина 4)",False,4,1,0,183000.0,0.0,2,0,0.0,0.0,0.00053936,0.0,7,2,2026-07-11,2026-07-20,True,depth4_boundary
100000006326645100,terminal,0.5,1,0.2255,v0: признаки конечного получателя: входов 1 на 25 тыс. KZT; исходящих в выгрузке 0; достижим от 1 seed,False,1,1,0,25264.0,0.0,1,0,0.0,0.0,0.00029087,0.0,1,1,2026-07-18,2026-07-18,False,
100000006351075100,peripheral,0.3,38,0.2295,"v0: признаков роли мало: входов 1 (40 тыс. KZT), выходов 0 (0 KZT); достижим от 7 seed; граница выгрузки (глубина 4)",False,4,1,0,40000.0,0.0,2,0,0.0,0.0,0.00029109,0.0,7,1,2026-07-31,2026-07-31,True,depth4_boundary
100000006369769100,terminal,0.5,1,0.2675,v0: признаки конечного получателя: входов 1 на 40 тыс. KZT; исходящих в выгрузке 0; достижим от 1 seed,False,1,1,0,40000.0,0.0,1,0,0.0,0.0,0.00029396,0.0,1,1,2026-07-10,2026-07-10,False,
100000006381453100,peripheral,0.3,8,0.5627,"v0: признаков роли мало: входов 1 (45 тыс. KZT), выходов 0 (0 KZT); достижим от 8 seed; граница выгрузки (глубина 4)",False,4,1,0,45000.0,0.0,1,0,0.0,0.0,0.00057617,0.0,8,1,2026-07-02,2026-07-02,True,depth4_boundary
100000006385877100,peripheral,0.3,8,0.7738,"v0: признаков роли мало: входов 1 (54 тыс. KZT), выходов 1 (37 тыс. KZT); достижим от 1 seed",False,2,1,1,53706.62,36602.93,5,5,36602.93,0.6815,0.0020943,0.0,1,5,2026-07-07,2026-07-30,False,
100000006412162100,peripheral,0.3,7,0.2631,"v0: признаков роли мало: входов 1 (15 тыс. KZT), выходов 0 (0 KZT); достижим от 1 seed; граница выгрузки (глубина 4)",False,4,1,0,15000.0,0.0,2,0,0.0,0.0,0.0002936,0.0,1,1,2026-07-30,2026-07-30,True,depth4_boundary
100000006416061100,peripheral,0.3,0,0.4951,"v0: признаков роли мало: входов 1 (30 тыс. KZT), выходов 0 (0 KZT); достижим от 7 seed; граница выгрузки (глубина 4)",False,4,1,0,30000.0,0.0,1,0,0.0,0.0,0.00043486,0.0,7,1,2026-07-28,2026-07-28,True,depth4_boundary
100000006424479100,peripheral,0.3,12,0.7982,"v0: признаков роли мало: входов 1 (500 тыс. KZT), выходов 2 (220 тыс. KZT); достижим от 10 seed",False,2,1,2,500000.0,220000.0,2,3,220000.0,0.44,0.00094382,7.312e-05,10,3,2026-07-05,2026-07-28,False,
100000006443391100,consolidator,0.375,8,0.8568,v0: признаки консолидации (fan-in): входов 3 на 87 тыс. KZT; выходов 2 на 60 тыс. KZT; достижим от 1 seed,False,1,3,2,86775.93,60041.71,7,6,60041.71,0.6919,0.00241951,1.19e-06,1,8,2026-07-07,2026-07-30,False,
100000006444163100,terminal,0.5,0,0.3941,v0: признаки конечного получателя: входов 1 на 6 тыс. KZT; исходящих в выгрузке 0; достижим от 7 seed,False,3,1,0,6026.0,0.0,1,0,0.0,0.0,0.00031891,0.0,7,1,2026-07-10,2026-07-10,False,
100000006445501100,terminal,0.5,11,0.3109,v0: признаки конечного получателя: входов 1 на 91 тыс. KZT; исходящих в выгрузке 0; достижим от 8 seed,False,1,1,0,91000.0,0.0,1,0,0.0,0.0,0.00029937,0.0,8,1,2026-07-14,2026-07-14,False,
100000006446271100,terminal,0.5,2,0.5311,v0: признаки конечного получателя: входов 2 на 80 тыс. KZT; исходящих в выгрузке 0; достижим от 10 seed,False,1,2,0,80000.0,0.0,2,0,0.0,0.0,0.00031391,0.0,10,1,2026-07-25,2026-07-25,False,
100000006471232100,terminal,0.5,1,0.2444,v0: признаки конечного получателя: входов 1 на 42 тыс. KZT; исходящих в выгрузке 0; достижим от 1 seed,False,3,1,0,41800.0,0.0,1,0,0.0,0.0,0.00029209,0.0,1,1,2026-07-16,2026-07-16,False,
100000006476758100,terminal,0.5,11,0.5202,v0: признаки конечного получателя: входов 1 на 5 тыс. KZT; исходящих в выгрузке 0; достижим от 8 seed,False,3,1,0,5200.0,0.0,1,0,0.0,0.0,0.00051681,0.0,8,1,2026-07-15,2026-07-15,False,
100000006490557100,terminal,0.5,6,0.139,v0: признаки конечного получателя: входов 1 на 5 тыс. KZT; исходящих в выгрузке 0; достижим от 1 seed,False,2,1,0,5000.0,0.0,1,0,0.0,0.0,0.00028616,0.0,1,1,2026-07-23,2026-07-23,False,
100000006490615100,peripheral,0.3,12,0.4766,"v0: признаков роли мало: входов 1 (42 тыс. KZT), выходов 0 (0 KZT); достижим от 7 seed; граница выгрузки (глубина 4)",False,4,1,0,41600.0,0.0,6,0,0.0,0.0,0.00039475,0.0,7,5,2026-07-01,2026-07-26,True,depth4_boundary
100000006491272100,terminal,0.5,1,0.2065,v0: признаки конечного получателя: входов 1 на 26 тыс. KZT; исходящих в выгрузке 0; достижим от 1 seed,False,3,1,0,26200.0,0.0,1,0,0.0,0.0,0.00028966,0.0,1,1,2026-07-01,2026-07-01,False,
100000006491963100,peripheral,0.3,7,0.2693,"v0: признаков роли мало: входов 1 (16 тыс. KZT), выходов 0 (0 KZT); достижим от 1 seed; граница выгрузки (глубина 4)",False,4,1,0,16000.0,0.0,3,0,0.0,0.0,0.00029413,0.0,1,3,2026-07-27,2026-07-30,True,depth4_boundary
100000006492770100,peripheral,0.3,0,0.4749,"v0: признаков роли мало: входов 1 (269 тыс. KZT), выходов 1 (20 тыс. KZT); достижим от 7 seed",False,3,1,1,269000.0,20000.0,1,1,20000.0,0.0743,0.00030072,1.922e-05,7,2,2026-07-06,2026-07-07,False,
100000006512787100,peripheral,0.3,0,0.5253,"v0: признаков роли мало: входов 1 (20 тыс. KZT), выходов 0 (0 KZT); достижим от 7 seed; граница выгрузки (глубина 4)",False,4,1,0,20000.0,0.0,2,0,0.0,0.0,0.00053005,0.0,7,2,2026-07-21,2026-07-23,True,depth4_boundary
100000006518161100,consolidator,0.375,4,0.8252,v0: признаки консолидации (fan-in): входов 3 на 594 тыс. KZT; выходов 2 на 596 тыс. KZT; достижим от 7 seed,False,1,3,2,594200.0,595899.0,13,13,594200.0,0.9971,0.00081081,5.786e-05,7,16,2026-07-01,2026-07-31,False,
100000006522972100,terminal,0.5,5,0.3385,v0: признаки конечного получателя: входов 1 на 10 тыс. KZT; исходящих в выгрузке 0; достижим от 7 seed,False,3,1,0,9515.0,0.0,1,0,0.0,0.0,0.00030331,0.0,7,1,2026-07-17,2026-07-17,False,
100000006523053100,terminal,0.5,2,0.5409,v0: признаки конечного получателя: входов 1 на 5 тыс. KZT; исходящих в выгрузке 0; достижим от 10 seed,False,2,1,0,5000.0,0.0,1,0,0.0,0.0,0.00053865,0.0,10,1,2026-07-17,2026-07-17,False,
100000006527156100,peripheral,0.3,44,0.2875,"v0: признаков роли мало: входов 1 (48 тыс. KZT), выходов 0 (0 KZT); достижим от 7 seed; граница выгрузки (глубина 4)",False,4,1,0,48500.0,0.0,1,0,0.0,0.0,0.00029608,0.0,7,1,2026-07-08,2026-07-08,True,depth4_boundary
100000006530134100,terminal,0.5,5,0.4609,v0: признаки конечного получателя: входов 2 на 145 тыс. KZT; исходящих в выгрузке 0; достижим от 7 seed,False,3,2,0,144663.0,0.0,2,0,0.0,0.0,0.00029909,0.0,7,2,2026-07-03,2026-07-16,False,
100000006532229100,terminal,0.5,9,0.3218,v0: признаки конечного получателя: входов 1 на 105 тыс. KZT; исходящих в выгрузке 0; достижим от 8 seed,False,3,1,0,105000.0,0.0,1,0,0.0,0.0,0.00030064,0.0,8,1,2026-07-12,2026-07-12,False,
100000006534886100,peripheral,0.3,4,0.7587,"v0: признаков роли мало: входов 1 (72 тыс. KZT), выходов 1 (168 тыс. KZT); достижим от 7 seed",False,2,1,1,71700.0,167500.0,5,8,71700.0,0.4281,0.0011277,0.0,7,8,2026-07-08,2026-07-30,False,
100000006557763100,terminal,0.5,2,0.4377,v0: признаки конечного получателя: входов 1 на 10 тыс. KZT; исходящих в выгрузке 0; достижим от 10 seed,False,2,1,0,10000.0,0.0,1,0,0.0,0.0,0.00034718,0.0,10,1,2026-07-06,2026-07-06,False,
100000006562026100,terminal,0.5,51,0.7335,v0: признаки конечного получателя: входов 2 на 75 тыс. KZT; исходящих в выгрузке 0; достижим от 2 seed,False,1,2,0,75000.0,0.0,6,0,0.0,0.0,0.00068536,0.0,2,6,2026-07-02,2026-07-24,False,
100000006564102100,terminal,0.5,2,0.4908,v0: признаки конечного получателя: входов 1 на 233 тыс. KZT; исходящих в выгрузке 0; достижим от 9 seed,False,2,1,0,233235.0,0.0,1,0,0.0,0.0,0.0004281,0.0,9,1,2026-07-23,2026-07-23,False,
100000006567935100,terminal,0.5,29,0.3654,v0: признаки конечного получателя: входов 1 на 200 тыс. KZT; исходящих в выгрузке 0; достижим от 7 seed,False,2,1,0,200000.0,0.0,1,0,0.0,0.0,0.00031056,0.0,7,1,2026-07-18,2026-07-18,False,
100000006573438100,terminal,0.5,39,0.3082,v0: признаки конечного получателя: входов 1 на 5 тыс. KZT; исходящих в выгрузке 0; достижим от 7 seed,False,3,1,0,5000.0,0.0,1,0,0.0,0.0,0.00029909,0.0,7,1,2026-07-11,2026-07-11,False,
100000006579678100,peripheral,0.3,4,0.8258,"v0: признаков роли мало: входов 2 (193 тыс. KZT), выходов 6 (1,7 млн KZT); достижим от 7 seed",False,1,2,6,192930.0,1668800.0,2,15,192930.0,0.1156,0.00062564,0.00044894,7,6,2026-07-08,2026-07-24,False,
100000006595426100,terminal,0.5,0,0.4217,v0: признаки конечного получателя: входов 1 на 85 тыс. KZT; исходящих в выгрузке 0; достижим от 7 seed,False,2,1,0,84800.0,0.0,3,0,0.0,0.0,0.00033432,0.0,7,3,2026-07-09,2026-07-15,False,
100000006612238100,peripheral,0.3,1,0.5816,"v0: признаков роли мало: входов 1 (160 тыс. KZT), выходов 1 (25 тыс. KZT); достижим от 1 seed",False,2,1,1,160000.0,25000.0,1,1,25000.0,0.1562,0.00033991,0.0,1,1,2026-07-22,2026-07-22,False,
100000006638021100,peripheral,0.3,45,0.698,"v0: признаков роли мало: входов 2 (388 тыс. KZT), выходов 0 (0 KZT); достижим от 9 seed; граница выгрузки (глубина 4)",False,4,2,0,388500.0,0.0,2,0,0.0,0.0,0.00054449,0.0,9,1,2026-07-31,2026-07-31,True,depth4_boundary
100000006641671100,transit,0.3182,3,0.6946,"v0: признаки транзита: вход 22 тыс. KZT, выход 25 тыс. KZT; доля прохода 0.88, входов 2, выходов 1; достижим от 7 seed",False,3,2,1,22000.0,25000.0,2,3,22000.0,0.88,0.00043999,5.45e-06,7,3,2026-07-04,2026-07-27,False,
100000006656003100,peripheral,0.3,1,0.3608,"v0: признаков роли мало: входов 1 (20 тыс. KZT), выходов 1 (9 тыс. KZT); достижим от 1 seed",False,1,1,1,20000.0,9000.0,1,1,9000.0,0.45,0.00028977,0.0,1,1,2026-07-20,2026-07-20,False,
100000006658598100,terminal,0.5,4,0.1452,v0: признаки конечного получателя: входов 1 на 9 тыс. KZT; исходящих в выгрузке 0; достижим от 7 seed,False,1,1,0,9000.0,0.0,1,0,0.0,0.0,0.00028654,0.0,7,1,2026-07-19,2026-07-19,False,
100000006664478100,transit,0.5455,26,0.7689,"v0: признаки транзита: вход 55 тыс. KZT, выход 60 тыс. KZT; доля прохода 0.92, входов 1, выходов 2; достижим от 1 seed",False,3,1,2,55000.0,60000.0,3,2,55000.0,0.9167,0.00061684,1.19e-06,1,3,2026-07-04,2026-07-21,False,
100000006679055100,terminal,0.5,2,0.3236,v0: признаки конечного получателя: входов 1 на 25 тыс. KZT; исходящих в выгрузке 0; достижим от 9 seed,False,2,1,0,25000.0,0.0,1,0,0.0,0.0,0.00030085,0.0,9,1,2026-07-15,2026-07-15,False,
100000006684930100,terminal,0.5,12,0.3058,v0: признаки конечного получателя: входов 1 на 10 тыс. KZT; исходящих в выгрузке 0; достижим от 10 seed,False,2,1,0,10000.0,0.0,1,0,0.0,0.0,0.00029873,0.0,10,1,2026-07-27,2026-07-27,False,
100000006687202100,terminal,0.5,0,0.2779,v0: признаки конечного получателя: входов 1 на 50 тыс. KZT; исходящих в выгрузке 0; достижим от 7 seed,False,1,1,0,50000.0,0.0,1,0,0.0,0.0,0.00029495,0.0,7,1,2026-07-15,2026-07-15,False,
100000006689603100,peripheral,0.3,3,0.3725,"v0: признаков роли мало: входов 1 (400 тыс. KZT), выходов 0 (0 KZT); достижим от 7 seed; граница выгрузки (глубина 4)",False,4,1,0,400000.0,0.0,2,0,0.0,0.0,0.00031239,0.0,7,2,2026-07-09,2026-07-11,True,depth4_boundary
100000006693788100,peripheral,0.3,0,0.532,"v0: признаков роли мало: входов 1 (11 тыс. KZT), выходов 0 (0 KZT); достижим от 7 seed; граница выгрузки (глубина 4)",False,4,1,0,10764.0,0.0,1,0,0.0,0.0,0.00053209,0.0,7,1,2026-07-18,2026-07-18,True,depth4_boundary
100000006701983100,terminal,0.5,1,0.2091,v0: признаки конечного получателя: входов 1 на 27 тыс. KZT; исходящих в выгрузке 0; достижим от 1 seed,False,3,1,0,27000.0,0.0,1,0,0.0,0.0,0.00028978,0.0,1,1,2026-07-03,2026-07-03,False,
100000006704530100,transit,0.7503,25,0.6998,"v0: признаки транзита: вход 450 тыс. KZT, выход 428 тыс. KZT; доля прохода 0.95, входов 1, выходов 3; достижим от 7 seed",False,3,1,3,450500.0,428000.0,1,5,428000.0,0.9501,0.00039854,5.885e-05,7,5,2026-07-05,2026-07-27,False,
100000006706519100,peripheral,0.3,0,0.4719,"v0: признаков роли мало: входов 1 (36 тыс. KZT), выходов 0 (0 KZT); достижим от 7 seed; граница выгрузки (глубина 4)",False,4,1,0,36000.0,0.0,3,0,0.0,0.0,0.00039071,0.0,7,3,2026-07-04,2026-07-27,True,depth4_boundary
100000006707582100,distributor,0.56,7,0.8053,v0: признаки распределения (fan-out): выходов 14 на 961 тыс. KZT; входов 2 на 40 тыс. KZT; достижим от 1 seed,False,1,2,14,39520.0,961138.0,2,15,39520.0,0.0411,0.00053806,0.00036347,1,5,2026-07-18,2026-07-24,False,
100000006710485100,terminal,0.5,1,0.184,v0: признаки конечного получателя: входов 1 на 20 тыс. KZT; исходящих в выгрузке 0; достижим от 1 seed,False,3,1,0,20000.0,0.0,1,0,0.0,0.0,0.00028869,0.0,1,1,2026-07-24,2026-07-24,False,
100000006714366100,peripheral,0.3,12,0.3539,"v0: признаков роли мало: входов 1 (10 тыс. KZT), выходов 1 (5 тыс. KZT); достижим от 7 seed",False,3,1,1,10500.0,5000.0,1,1,5000.0,0.4762,0.00028946,1.922e-05,7,1,2026-07-21,2026-07-21,False,
100000006734214100,consolidator,0.625,5,0.8225,v0: признаки консолидации (fan-in): входов 5 на 610 тыс. KZT; выходов 3 на 36 тыс. KZT; достижим от 7 seed,False,3,5,3,610000.0,36000.0,10,4,36000.0,0.059,0.00060639,5.944e-05,7,11,2026-07-02,2026-07-29,False,
100000006734554100,peripheral,0.3,28,0.5231,"v0: признаков роли мало: входов 1 (16 тыс. KZT), выходов 1 (25 тыс. KZT); достижим от 1 seed",False,1,1,1,16500.0,25000.0,1,1,16500.0,0.66,0.00031194,5.9e-07,1,2,2026-07-03,2026-07-22,False,
100000006735545100,peripheral,0.3,3,0.2586,"v0: признаков роли мало: входов 1 (5 тыс. KZT), выходов 0 (0 KZT); достижим от 7 seed; граница выгрузки (глубина 4)",False,4,1,0,5000.0,0.0,1,0,0.0,0.0,0.00029327,0.0,7,1,2026-07-03,2026-07-03,True,depth4_boundary
100000006745291100,terminal,0.5,11,0.302,v0: признаки конечного получателя: входов 1 на 83 тыс. KZT; исходящих в выгрузке 0; достижим от 8 seed,False,1,1,0,82534.0,0.0,1,0,0.0,0.0,0.00029809,0.0,8,1,2026-07-17,2026-07-17,False,
100000006746688100,terminal,0.5,1,0.2415,v0: признаки конечного получателя: входов 1 на 41 тыс. KZT; исходящих в выгрузке 0; достижим от 1 seed,False,3,1,0,41000.0,0.0,1,0,0.0,0.0,0.00029197,0.0,1,1,2026-07-21,2026-07-21,False,
100000006755850100,terminal,0.5,5,0.5762,v0: признаки конечного получателя: входов 1 на 443 тыс. KZT; исходящих в выгрузке 0; достижим от 11 seed,False,2,1,0,443475.8,0.0,3,0,0.0,0.0,0.00064921,0.0,11,2,2026-07-21,2026-07-22,False,
100000006756956100,peripheral,0.3,0,0.3667,"v0: признаков роли мало: входов 1 (121 тыс. KZT), выходов 0 (0 KZT); достижим от 7 seed; граница выгрузки (глубина 4)",False,4,1,0,121200.0,0.0,9,0,0.0,0.0,0.00031095,0.0,7,5,2026-07-04,2026-07-19,True,depth4_boundary
100000006787636100,terminal,0.5,52,0.4481,v0: признаки конечного получателя: входов 1 на 20 тыс. KZT; исходящих в выгрузке 0; достижим от 7 seed,False,2,1,0,20000.0,0.0,1,0,0.0,0.0,0.0003581,0.0,7,1,2026-07-07,2026-07-07,False,
100000006788200100,consolidator,0.5,6,0.6727,v0: признаки консолидации (fan-in): входов 4 на 272 тыс. KZT; выходов 3 на 64 тыс. KZT; достижим от 7 seed,False,1,4,3,272155.8,64500.0,4,4,64500.0,0.237,0.00033716,9.689e-05,7,8,2026-07-09,2026-07-29,False,
100000006789108100,terminal,0.5,11,0.2333,v0: признаки конечного получателя: входов 1 на 38 тыс. KZT; исходящих в выгрузке 0; достижим от 8 seed,False,1,1,0,37500.0,0.0,1,0,0.0,0.0,0.00029126,0.0,8,1,2026-07-02,2026-07-02,False,
100000006831291100,peripheral,0.3,51,0.2317,"v0: признаков роли мало: входов 0 (0 KZT), выходов 1 (15 тыс. KZT); seed, входы неполны",True,0,0,1,0.0,15000.0,0,3,0.0,0.0,0.00028557,0.0,0,3,2026-07-02,2026-07-09,False,seed_inflow_incomplete
100000006844004100,terminal,0.5,0,0.5464,v0: признаки конечного получателя: входов 1 на 21 тыс. KZT; исходящих в выгрузке 0; достижим от 7 seed,False,3,1,0,20600.0,0.0,1,0,0.0,0.0,0.00054544,0.0,7,1,2026-07-22,2026-07-22,False,
100000006844768100,peripheral,0.3,0,0.8096,"v0: признаков роли мало: входов 1 (282 тыс. KZT), выходов 2 (188 тыс. KZT); достижим от 7 seed",False,2,1,2,282000.0,188000.0,5,5,188000.0,0.6667,0.00137078,3.884e-05,7,9,2026-07-01,2026-07-30,False,
100000006852430100,terminal,0.5,11,0.538,v0: признаки конечного получателя: входов 1 на 37 тыс. KZT; исходящих в выгрузке 0; достижим от 11 seed,False,2,1,0,37000.0,0.0,1,0,0.0,0.0,0.0005362,0.0,11,1,2026-07-20,2026-07-20,False,
100000006866783100,coordinator,1.0,0,0.9681,"v0: признаки gather-scatter: входов 13 на 839 тыс. KZT, выходов 67 на 3,9 млн KZT; betweenness 0.0060; достижим от 6 seed; seed, входы неполны",True,0,13,67,838812.0,3948037.0,31,90,838812.0,0.2125,0.00087037,0.00604523,6,16,2026-07-01,2026-07-18,False,seed_inflow_incomplete
100000006866831100,peripheral,0.3,0,0.4579,"v0: признаков роли мало: входов 1 (16 тыс. KZT), выходов 0 (0 KZT); достижим от 7 seed; граница выгрузки (глубина 4)",False,4,1,0,16500.0,0.0,1,0,0.0,0.0,0.00036768,0.0,7,1,2026-07-23,2026-07-23,True,depth4_boundary
100000006882208100,terminal,0.5,4,0.5751,v0: признаки конечного получателя: входов 1 на 18 тыс. KZT; исходящих в выгрузке 0; достижим от 7 seed,False,3,1,0,18000.0,0.0,1,0,0.0,0.0,0.00064032,0.0,7,1,2026-07-19,2026-07-19,False,
100000006888238100,peripheral,0.3,56,0.7224,"v0: признаков роли мало: входов 1 (18 тыс. KZT), выходов 1 (30 тыс. KZT); достижим от 1 seed",False,2,1,1,18000.0,30000.0,1,1,18000.0,0.6,0.00060975,4e-07,1,2,2026-07-03,2026-07-08,False,
100000006889963100,consolidator,0.5,5,0.7231,"v0: признаки консолидации (fan-in): входов 4 на 1,4 млн KZT; выходов 1 на 443 тыс. KZT; достижим от 11 seed",False,1,4,1,1431000.0,443475.8,6,3,443475.8,0.3099,0.00042726,2.516e-05,11,3,2026-07-20,2026-07-22,False,
100000006894637100,terminal,0.5,0,0.2164,v0: признаки конечного получателя: входов 1 на 53 тыс. KZT; исходящих в выгрузке 0; достижим от 7 seed,False,3,1,0,52831.0,0.0,1,0,0.0,0.0,0.00029025,0.0,7,1,2026-07-23,2026-07-23,False,
100000006901046100,peripheral,0.3,4,0.7782,"v0: признаков роли мало: входов 1 (76 тыс. KZT), выходов 1 (6 тыс. KZT); достижим от 7 seed",False,2,1,1,75800.0,5500.0,3,1,5500.0,0.0726,0.00299988,0.0,7,3,2026-07-27,2026-07-31,False,
100000006903193100,peripheral,0.3,0,0.3287,"v0: признаков роли мало: входов 1 (9 тыс. KZT), выходов 0 (0 KZT); достижим от 7 seed; граница выгрузки (глубина 4)",False,4,1,0,9000.0,0.0,1,0,0.0,0.0,0.0003016,0.0,7,1,2026-07-05,2026-07-05,True,depth4_boundary
100000006912294100,peripheral,0.3,8,0.7119,"v0: признаков роли мало: входов 1 (6 тыс. KZT), выходов 2 (30 тыс. KZT); достижим от 1 seed",False,2,1,2,6335.09,30000.0,1,2,6335.09,0.2112,0.00049892,5.9e-07,1,3,2026-07-05,2026-07-28,False,
100000006918814100,peripheral,0.3,2,0.342,"v0: признаков роли мало: входов 1 (20 тыс. KZT), выходов 0 (0 KZT); достижим от 7 seed; граница выгрузки (глубина 4)",False,4,1,0,20000.0,0.0,2,0,0.0,0.0,0.00030433,0.0,7,2,2026-07-23,2026-07-30,True,depth4_boundary
100000006919124100,terminal,0.5,0,0.1514,v0: признаки конечного получателя: входов 1 на 25 тыс. KZT; исходящих в выгрузке 0; достижим от 7 seed,False,3,1,0,25000.0,0.0,1,0,0.0,0.0,0.00028698,0.0,7,1,2026-07-25,2026-07-25,False,
100000006952718100,terminal,0.5,4,0.2584,v0: признаки конечного получателя: входов 1 на 71 тыс. KZT; исходящих в выгрузке 0; достижим от 7 seed,False,1,1,0,71489.0,0.0,1,0,0.0,0.0,0.00029326,0.0,7,1,2026-07-16,2026-07-16,False,
100000006965162100,terminal,0.5,27,0.3604,v0: признаки конечного получателя: входов 1 на 10 тыс. KZT; исходящих в выгрузке 0; достижим от 7 seed,False,3,1,0,10000.0,0.0,1,0,0.0,0.0,0.00030929,0.0,7,1,2026-07-03,2026-07-03,False,
100000006967370100,peripheral,0.3,16,0.4153,"v0: признаков роли мало: входов 1 (33 тыс. KZT), выходов 1 (14 тыс. KZT); достижим от 7 seed",False,3,1,1,33225.0,13526.27,1,1,13526.27,0.4071,0.00029359,1.922e-05,7,1,2026-07-08,2026-07-08,False,
100000006972210100,consolidator,0.375,8,0.6343,v0: признаки консолидации (fan-in): входов 3 на 489 тыс. KZT; выходов 0 на 0 KZT; достижим от 8 seed,False,1,3,0,488775.0,0.0,4,0,0.0,0.0,0.0003463,0.0,8,4,2026-07-15,2026-07-27,False,
100000006977207100,distributor,0.6,3,0.7039,"v0: признаки распределения (fan-out): выходов 15 на 4,2 млн KZT; входов 1 на 414 тыс. KZT; достижим от 1 seed",False,2,1,15,414000.0,4157018.0,1,15,414000.0,0.0996,0.00034789,3.277e-05,1,11,2026-07-01,2026-07-23,False,
100000006989106100,terminal,0.5,6,0.5137,v0: признаки конечного получателя: входов 1 на 64 тыс. KZT; исходящих в выгрузке 0; достижим от 1 seed,False,2,1,0,64000.0,0.0,2,0,0.0,0.0,0.00049564,0.0,1,2,2026-07-23,2026-07-25,False,
100000006989232100,terminal,0.5,0,0.1594,v0: признаки конечного получателя: входов 1 на 22 тыс. KZT; исходящих в выгрузке 0; достижим от 7 seed,False,3,1,0,22194.0,0.0,1,0,0.0,0.0,0.00028754,0.0,7,1,2026-07-16,2026-07-16,False,
100000006994985100,peripheral,0.3,6,0.6673,"v0: признаков роли мало: входов 1 (48 тыс. KZT), выходов 1 (10 тыс. KZT); достижим от 7 seed",False,2,1,1,48500.0,10200.0,2,2,10200.0,0.2103,0.00050133,1.962e-05,7,4,2026-07-18,2026-07-22,False,
100000007005380100,terminal,0.5,5,0.336,v0: признаки конечного получателя: входов 1 на 9 тыс. KZT; исходящих в выгрузке 0; достижим от 7 seed,False,3,1,0,9400.0,0.0,1,0,0.0,0.0,0.0003031,0.0,7,1,2026-07-15,2026-07-15,False,
100000007018630100,peripheral,0.3,59,0.2317,"v0: признаков роли мало: входов 0 (0 KZT), выходов 1 (200 тыс. KZT); seed, входы неполны",True,0,0,1,0.0,200000.0,0,5,0.0,0.0,0.00028557,0.0,0,3,2026-07-10,2026-07-12,False,seed_inflow_incomplete
100000007020162100,terminal,0.5,14,0.3638,v0: признаки конечного получателя: входов 1 на 86 тыс. KZT; исходящих в выгрузке 0; достижим от 7 seed,False,3,1,0,86395.0,0.0,1,0,0.0,0.0,0.00030999,0.0,7,1,2026-07-20,2026-07-20,False,
100000007022818100,terminal,0.5,1,0.1723,v0: признаки конечного получателя: входов 1 на 17 тыс. KZT; исходящих в выгрузке 0; достижим от 1 seed,False,3,1,0,17200.0,0.0,1,0,0.0,0.0,0.00028825,0.0,1,1,2026-07-07,2026-07-07,False,
100000007034089100,peripheral,0.3,8,0.554,"v0: признаков роли мало: входов 2 (198 тыс. KZT), выходов 0 (0 KZT); достижим от 8 seed; граница выгрузки (глубина 4)",False,4,2,0,198000.0,0.0,2,0,0.0,0.0,0.00032112,0.0,8,1,2026-07-25,2026-07-25,True,depth4_boundary
100000007042175100,peripheral,0.3,0,0.5358,"v0: признаков роли мало: входов 1 (60 тыс. KZT), выходов 0 (0 KZT); достижим от 7 seed; граница выгрузки (глубина 4)",False,4,1,0,60000.0,0.0,1,0,0.0,0.0,0.00053401,0.0,7,1,2026-07-13,2026-07-13,True,depth4_boundary
100000007055802100,consolidator,0.75,0,0.856,"v0: признаки консолидации (fan-in): входов 6 на 2,0 млн KZT; выходов 1 на 605 тыс. KZT; достижим от 7 seed",False,1,6,1,2024999.0,605000.0,34,7,605000.0,0.2988,0.00118192,4.36e-06,7,10,2026-07-08,2026-07-19,False,
100000007071852100,peripheral,0.3,3,0.4977,"v0: признаков роли мало: входов 1 (195 тыс. KZT), выходов 0 (0 KZT); достижим от 7 seed; граница выгрузки (глубина 4)",False,4,1,0,195000.0,0.0,1,0,0.0,0.0,0.00044351,0.0,7,1,2026-07-24,2026-07-24,True,depth4_boundary
100000007129492100,peripheral,0.3,11,0.4706,"v0: признаков роли мало: входов 2 (51 тыс. KZT), выходов 1 (37 тыс. KZT); достижим от 11 seed",False,1,2,1,50990.0,37000.0,2,1,37000.0,0.7256,0.00029452,2.516e-05,11,2,2026-07-20,2026-07-21,False,
100000007131370100,transit,1.0,15,0.752,"v0: признаки транзита: вход 30 тыс. KZT, выход 30 тыс. KZT; доля прохода 1.00, входов 1, выходов 1; достижим от 7 seed",False,3,1,1,30000.0,30000.0,1,1,30000.0,1.0,0.00089999,0.0,7,2,2026-07-24,2026-07-29,False,
100000007138613100,consolidator,0.375,0,0.6769,"v0: признаки консолидации (fan-in): входов 3 на 1,0 млн KZT; выходов 2 на 179 тыс. KZT; достижим от 7 seed",False,3,3,2,1002000.0,179000.0,3,2,179000.0,0.1786,0.00035418,3.884e-05,7,5,2026-07-02,2026-07-30,False,
100000007140834100,terminal,0.5,6,0.5836,v0: признаки конечного получателя: входов 1 на 10 тыс. KZT; исходящих в выгрузке 0; достижим от 7 seed,False,3,1,0,10200.0,0.0,2,0,0.0,0.0,0.00071226,0.0,7,2,2026-07-19,2026-07-22,False,
100000007153161100,peripheral,0.3,0,0.5286,"v0: признаков роли мало: входов 1 (45 тыс. KZT), выходов 0 (0 KZT); достижим от 7 seed; граница выгрузки (глубина 4)",False,4,1,0,44997.0,0.0,1,0,0.0,0.0,0.00053095,0.0,7,1,2026-07-06,2026-07-06,True,depth4_boundary
100000007170072100,transit,0.975,3,0.5528,"v0: признаки транзита: вход 100 тыс. KZT, выход 100 тыс. KZT; доля прохода 0.99, входов 1, выходов 2; достижим от 7 seed",False,3,1,2,100000.0,99500.0,1,9,99500.0,0.995,0.00030766,3.844e-05,7,2,2026-07-11,2026-07-13,False,
100000007173936100,terminal,0.5,29,0.1485,v0: признаки конечного получателя: входов 1 на 10 тыс. KZT; исходящих в выгрузке 0; достижим от 7 seed,False,2,1,0,10000.0,0.0,1,0,0.0,0.0,0.00028682,0.0,7,1,2026-07-14,2026-07-14,False,
100000007175718100,terminal,0.5,43,0.337,v0: признаки конечного получателя: входов 1 на 20 тыс. KZT; исходящих в выгрузке 0; достижим от 1 seed,False,1,1,0,20000.0,0.0,1,0,0.0,0.0,0.00030319,0.0,1,1,2026-07-13,2026-07-13,False,
100000007181706100,terminal,0.5,2,0.5474,v0: признаки конечного получателя: входов 2 на 176 тыс. KZT; исходящих в выгрузке 0; достижим от 10 seed,False,1,2,0,176272.0,0.0,2,0,0.0,0.0,0.00031907,0.0,10,1,2026-07-22,2026-07-22,False,
100000007197866100,peripheral,0.3,3,0.357,"v0: признаков роли мало: входов 1 (20 тыс. KZT), выходов 1 (15 тыс. KZT); достижим от 7 seed",False,3,1,1,20000.0,15000.0,1,1,15000.0,0.75,0.00028964,1.922e-05,7,1,2026-07-12,2026-07-12,False,
100000007229557100,consolidator,0.375,17,0.6737,v0: признаки консолидации (fan-in): входов 3 на 878 тыс. KZT; выходов 0 на 0 KZT; достижим от 9 seed,False,3,3,0,878000.0,0.0,3,0,0.0,0.0,0.00039421,0.0,9,1,2026-07-28,2026-07-28,False,
100000007242833100,peripheral,0.3,10,0.6713,"v0: признаков роли мало: входов 1 (108 тыс. KZT), выходов 1 (45 тыс. KZT); достижим от 9 seed",False,2,1,1,107500.0,45000.0,3,2,45000.0,0.4186,0.0005138,1.981e-05,9,2,2026-07-11,2026-07-12,False,
100000007267915100,peripheral,0.3,16,0.4339,"v0: признаков роли мало: входов 2 (21 тыс. KZT), выходов 1 (10 тыс. KZT); достижим от 7 seed",False,3,2,1,21000.0,10000.0,3,1,10000.0,0.4762,0.00029139,1.67e-06,7,4,2026-07-01,2026-07-15,False,
100000007274584100,terminal,0.5,2,0.2575,v0: признаки конечного получателя: входов 1 на 38 тыс. KZT; исходящих в выгрузке 0; достижим от 10 seed,False,1,1,0,38000.0,0.0,1,0,0.0,0.0,0.00029318,0.0,10,1,2026-07-26,2026-07-26,False,
100000007281639100,terminal,0.5,4,0.5578,v0: признаки конечного получателя: входов 2 на 217 тыс. KZT; исходящих в выгрузке 0; достижим от 7 seed,False,1,2,0,216770.0,0.0,4,0,0.0,0.0,0.00032357,0.0,7,4,2026-07-06,2026-07-31,False,
100000007283257100,terminal,0.5,63,0.4708,v0: признаки конечного получателя: входов 1 на 192 тыс. KZT; исходящих в выгрузке 0; достижим от 1 seed,False,1,1,0,192000.0,0.0,7,0,0.0,0.0,0.00038907,0.0,1,2,2026-07-29,2026-07-31,False,
100000007289427100,terminal,0.5,2,0.4613,v0: признаки конечного получателя: входов 1 на 12 тыс. KZT; исходящих в выгрузке 0; достижим от 1 seed,False,2,1,0,12300.0,0.0,1,0,0.0,0.0,0.00037363,0.0,1,1,2026-07-10,2026-07-10,False,
100000007303047100,terminal,0.5,1,0.2655,v0: признаки конечного получателя: входов 1 на 52 тыс. KZT; исходящих в выгрузке 0; достижим от 1 seed,False,3,1,0,52250.0,0.0,1,0,0.0,0.0,0.00029372,0.0,1,1,2026-07-28,2026-07-28,False,
100000007311010100,peripheral,0.3,2,0.5585,"v0: признаков роли мало: входов 2 (64 тыс. KZT), выходов 1 (20 тыс. KZT); достижим от 10 seed",False,1,2,1,64480.0,20000.0,2,1,20000.0,0.3102,0.00030936,2.398e-05,10,3,2026-07-03,2026-07-22,False,
100000007322059100,peripheral,0.3,31,0.7778,"v0: признаков роли мало: входов 2 (29 тыс. KZT), выходов 1 (22 тыс. KZT); достижим от 8 seed",False,2,2,1,29000.0,22500.0,2,2,22500.0,0.7759,0.00068016,4.003e-05,8,3,2026-07-18,2026-07-31,False,
100000007330432100,peripheral,0.3,68,0.5402,"v0: признаков роли мало: входов 1 (585 тыс. KZT), выходов 0 (0 KZT); достижим от 7 seed; граница выгрузки (глубина 4)",False,4,1,0,584900.0,0.0,1,0,0.0,0.0,0.00053818,0.0,7,1,2026-07-01,2026-07-01,True,depth4_boundary
100000007333038100,peripheral,0.3,13,0.5123,"v0: признаков роли мало: входов 1 (18 тыс. KZT), выходов 2 (35 тыс. KZT); достижим от 1 seed",False,3,1,2,17500.0,34994.0,1,2,17500.0,0.5001,0.00029969,1.59e-06,1,2,2026-07-01,2026-07-25,False,
100000007334196100,terminal,0.5,11,0.3576,v0: признаки конечного получателя: входов 1 на 150 тыс. KZT; исходящих в выгрузке 0; достижим от 8 seed,False,1,1,0,150002.0,0.0,1,0,0.0,0.0,0.00030832,0.0,8,1,2026-07-15,2026-07-15,False,
100000007337374100,terminal,0.5,1,0.248,v0: признаки конечного получателя: входов 1 на 20 тыс. KZT; исходящих в выгрузке 0; достижим от 1 seed,False,2,1,0,20000.0,0.0,2,0,0.0,0.0,0.00029236,0.0,1,2,2026-07-13,2026-07-27,False,
100000007347733100,terminal,0.5,51,0.4359,v0: признаки конечного получателя: входов 1 на 23 тыс. KZT; исходящих в выгрузке 0; достижим от 1 seed,False,1,1,0,23007.0,0.0,1,0,0.0,0.0,0.00034568,0.0,1,1,2026-07-31,2026-07-31,False,
100000007357489100,peripheral,0.3,8,0.5271,"v0: признаков роли мало: входов 2 (164 тыс. KZT), выходов 0 (0 KZT); достижим от 8 seed; граница выгрузки (глубина 4)",False,4,2,0,164500.0,0.0,2,0,0.0,0.0,0.00031296,0.0,8,1,2026-07-23,2026-07-23,True,depth4_boundary
100000007381662100,peripheral,0.3,0,0.2938,"v0: признаков роли мало: входов 1 (11 тыс. KZT), выходов 0 (0 KZT); достижим от 7 seed; граница выгрузки (глубина 4)",False,4,1,0,11000.0,0.0,1,0,0.0,0.0,0.00029683,0.0,7,1,2026-07-31,2026-07-31,True,depth4_boundary
100000007382152100,terminal,0.5,0,0.1443,v0: признаки конечного получателя: входов 1 на 6 тыс. KZT; исходящих в выгрузке 0; достижим от 7 seed,False,2,1,0,5860.0,0.0,1,0,0.0,0.0,0.00028648,0.0,7,1,2026-07-30,2026-07-30,False,
100000007382543100,coordinator,0.5,27,0.8614,"v0: признаки gather-scatter: входов 3 на 218 тыс. KZT, выходов 5 на 427 тыс. KZT; betweenness 0.0002; достижим от 7 seed",False,2,3,5,218000.0,427000.0,3,8,218000.0,0.5105,0.00119049,0.00024448,7,9,2026-07-02,2026-07-25,False,
100000007390016100,peripheral,0.3,69,0.7705,"v0: признаков роли мало: входов 1 (511 тыс. KZT), выходов 1 (346 тыс. KZT); достижим от 7 seed",False,3,1,1,511000.0,346500.0,13,14,346500.0,0.6781,0.001843,0.0,7,7,2026-07-03,2026-07-17,False,
100000007392365100,peripheral,0.3,38,0.3858,"v0: признаков роли мало: входов 1 (10 тыс. KZT), выходов 6 (1,8 млн KZT); достижим от 7 seed",False,3,1,6,9613.0,1765600.0,1,9,9613.0,0.0054,0.00028611,0.00011532,7,9,2026-07-01,2026-07-31,False,
100000007442518100,coordinator,0.8667,29,0.8393,"v0: признаки gather-scatter: входов 5 на 510 тыс. KZT, выходов 9 на 4,4 млн KZT; betweenness 0.0003; достижим от 7 seed",False,1,5,9,510000.0,4419999.0,8,12,510000.0,0.1154,0.00064877,0.00025224,7,13,2026-07-02,2026-07-22,False,
100000007472293100,peripheral,0.3,45,0.3622,"v0: признаков роли мало: входов 1 (5 тыс. KZT), выходов 3 (346 тыс. KZT); достижим от 9 seed",False,3,1,3,5000.0,345900.0,1,3,5000.0,0.0145,0.00028633,4.803e-05,9,2,2026-07-27,2026-07-31,False,
100000007484343100,terminal,0.5,0,0.3456,v0: признаки конечного получателя: входов 2 на 27 тыс. KZT; исходящих в выгрузке 0; достижим от 7 seed,False,3,2,0,26757.0,0.0,2,0,0.0,0.0,0.00028913,0.0,7,1,2026-07-10,2026-07-10,False,
100000007487729100,terminal,0.5,0,0.2689,v0: признаки конечного получателя: входов 1 на 25 тыс. KZT; исходящих в выгрузке 0; достижим от 7 seed,False,3,1,0,25000.0,0.0,1,0,0.0,0.0,0.00029411,0.0,7,1,2026-07-20,2026-07-20,False,
100000007507343100,terminal,0.5,50,0.5756,v0: признаки конечного получателя: входов 1 на 370 тыс. KZT; исходящих в выгрузке 0; достижим от 1 seed,False,1,1,0,370000.0,0.0,1,0,0.0,0.0,0.00064162,0.0,1,1,2026-07-14,2026-07-14,False,
100000007510567100,peripheral,0.3,7,0.3443,"v0: признаков роли мало: входов 1 (52 тыс. KZT), выходов 0 (0 KZT); достижим от 7 seed; граница выгрузки (глубина 4)",False,4,1,0,52000.0,0.0,1,0,0.0,0.0,0.00030503,0.0,7,1,2026-07-13,2026-07-13,True,depth4_boundary
100000007510875100,terminal,0.5,8,0.4452,v0: признаки конечного получателя: входов 1 на 5 тыс. KZT; исходящих в выгрузке 0; достижим от 1 seed,False,3,1,0,5000.0,0.0,1,0,0.0,0.0,0.00035625,0.0,1,1,2026-07-05,2026-07-05,False,
100000007511163100,peripheral,0.3,4,0.662,"v0: признаков роли мало: входов 2 (64 тыс. KZT), выходов 3 (82 тыс. KZT); достижим от 7 seed",False,1,2,3,63666.0,82052.0,2,3,63666.0,0.7759,0.0003396,0.00013646,7,3,2026-07-01,2026-07-05,False,
100000007511780100,peripheral,0.3,0,0.5567,"v0: признаков роли мало: входов 1 (155 тыс. KZT), выходов 0 (0 KZT); достижим от 7 seed; граница выгрузки (глубина 4)",False,4,1,0,155000.0,0.0,2,0,0.0,0.0,0.00055777,0.0,7,2,2026-07-01,2026-07-27,True,depth4_boundary
100000007534354100,peripheral,0.3,7,0.5606,"v0: признаков роли мало: входов 1 (50 тыс. KZT), выходов 3 (148 тыс. KZT); достижим от 1 seed",False,2,1,3,50000.0,147810.0,1,3,50000.0,0.3383,0.00030355,2.38e-06,1,3,2026-07-02,2026-07-10,False,
100000007536804100,peripheral,0.3,6,0.4317,"v0: признаков роли мало: входов 1 (100 тыс. KZT), выходов 2 (55 тыс. KZT); достижим от 1 seed",False,1,1,2,100000.0,55000.0,1,2,55000.0,0.55,0.0002913,7.9e-07,1,3,2026-07-25,2026-07-29,False,
100000007539296100,peripheral,0.3,5,0.556,"v0: признаков роли мало: входов 1 (46 тыс. KZT), выходов 0 (0 KZT); достижим от 7 seed; граница выгрузки (глубина 4)",False,4,1,0,46000.0,0.0,2,0,0.0,0.0,0.00055732,0.0,7,2,2026-07-19,2026-07-27,True,depth4_boundary
100000007544358100,transit,0.5736,4,0.6276,"v0: признаки транзита: вход 322 тыс. KZT, выход 350 тыс. KZT; доля прохода 0.92, входов 2, выходов 1; достижим от 7 seed",False,1,2,1,322500.0,350000.0,2,3,322500.0,0.9214,0.00034057,1.962e-05,7,4,2026-07-04,2026-07-21,False,
100000007591246100,peripheral,0.3,12,0.4535,"v0: признаков роли мало: входов 1 (12 тыс. KZT), выходов 1 (120 тыс. KZT); достижим от 7 seed",False,3,1,1,12190.0,120000.0,1,1,12190.0,0.1016,0.00029789,1.02e-06,7,2,2026-07-22,2026-07-28,False,
100000007593823100,coordinator,0.9,0,0.4877,"v0: признаки gather-scatter: входов 3 на 25 тыс. KZT, выходов 13 на 163 тыс. KZT; betweenness 0.0007; достижим от 7 seed",False,3,3,13,25000.0,162900.0,3,21,25000.0,0.1535,0.00029059,0.00068132,7,13,2026-07-02,2026-07-28,False,
100000007594394100,consolidator,0.75,18,0.7307,"v0: признаки консолидации (fan-in): входов 6 на 395 тыс. KZT; выходов 1 на 3,4 млн KZT; достижим от 9 seed",False,2,6,1,395385.0,3376312.0,6,40,395385.0,0.1171,0.00040559,3.62e-05,9,19,2026-07-11,2026-07-31,False,
100000007597382100,terminal,0.5,5,0.137,v0: признаки конечного получателя: входов 1 на 16 тыс. KZT; исходящих в выгрузке 0; достижим от 7 seed,False,3,1,0,15700.0,0.0,1,0,0.0,0.0,0.00028608,0.0,7,1,2026-07-10,2026-07-10,False,
100000007617808100,terminal,0.5,4,0.4506,v0: признаки конечного получателя: входов 1 на 450 тыс. KZT; исходящих в выгрузке 0; достижим от 7 seed,False,2,1,0,450000.0,0.0,1,0,0.0,0.0,0.0003601,0.0,7,1,2026-07-07,2026-07-07,False,
100000007618425100,terminal,0.5,16,0.2784,v0: признаки конечного получателя: входов 1 на 39 тыс. KZT; исходящих в выгрузке 0; достижим от 7 seed,False,3,1,0,39348.0,0.0,1,0,0.0,0.0,0.00029507,0.0,7,1,2026-07-08,2026-07-08,False,
100000007629096100,consolidator,0.5,0,0.8575,"v0: признаки консолидации (fan-in): входов 4 на 1,1 млн KZT; выходов 1 на 765 тыс. KZT; достижим от 7 seed",False,2,4,1,1075170.0,765205.0,5,5,765205.0,0.7117,0.00247241,1.526e-05,7,7,2026-07-02,2026-07-31,False,
100000007629121100,terminal,0.5,2,0.4777,v0: признаки конечного получателя: входов 1 на 29 тыс. KZT; исходящих в выгрузке 0; достижим от 10 seed,False,2,1,0,29000.0,0.0,1,0,0.0,0.0,0.00039604,0.0,10,1,2026-07-23,2026-07-23,False,
100000007631637100,terminal,0.5,1,0.1861,v0: признаки конечного получателя: входов 1 на 15 тыс. KZT; исходящих в выгрузке 0; достижим от 1 seed,False,1,1,0,15341.0,0.0,1,0,0.0,0.0,0.00028879,0.0,1,1,2026-07-01,2026-07-01,False,
100000007639767100,coordinator,0.8333,0,0.5906,"v0: признаки gather-scatter: входов 4 на 91 тыс. KZT, выходов 10 на 822 тыс. KZT; betweenness 0.0025; достижим от 7 seed",False,1,4,10,90913.0,822244.0,4,13,90913.0,0.1106,0.00030144,0.00251122,7,12,2026-07-03,2026-07-30,False,
100000007641183100,terminal,0.5,4,0.1806,v0: признаки конечного получателя: входов 1 на 28 тыс. KZT; исходящих в выгрузке 0; достижим от 7 seed,False,1,1,0,28000.0,0.0,1,0,0.0,0.0,0.00028858,0.0,7,1,2026-07-06,2026-07-06,False,
100000007641801100,terminal,0.5,6,0.2957,v0: признаки конечного получателя: входов 1 на 200 тыс. KZT; исходящих в выгрузке 0; достижим от 1 seed,False,1,1,0,200000.0,0.0,1,0,0.0,0.0,0.00029704,0.0,1,1,2026-07-20,2026-07-20,False,
100000007647294100,terminal,0.5,33,0.5633,v0: признаки конечного получателя: входов 1 на 385 тыс. KZT; исходящих в выгрузке 0; достижим от 7 seed,False,3,1,0,385000.0,0.0,1,0,0.0,0.0,0.00057922,0.0,7,1,2026-07-16,2026-07-16,False,
100000007648946100,peripheral,0.3,12,0.3483,"v0: признаков роли мало: входов 1 (20 тыс. KZT), выходов 1 (25 тыс. KZT); достижим от 7 seed",False,1,1,1,19550.0,25000.0,1,1,19550.0,0.782,0.00028924,2.91e-06,7,2,2026-07-02,2026-07-05,False,
100000007653003100,terminal,0.5,16,0.3269,v0: признаки конечного получателя: входов 1 на 100 тыс. KZT; исходящих в выгрузке 0; достижим от 7 seed,False,3,1,0,100000.0,0.0,1,0,0.0,0.0,0.00030131,0.0,7,1,2026-07-15,2026-07-15,False,
100000007653094100,peripheral,0.3,12,0.5622,"v0: признаков роли мало: входов 1 (16 тыс. KZT), выходов 0 (0 KZT); достижим от 7 seed; граница выгрузки (глубина 4)",False,4,1,0,16000.0,0.0,1,0,0.0,0.0,0.00057547,0.0,7,1,2026-07-07,2026-07-07,True,depth4_boundary
100000007689942100,peripheral,0.3,18,0.7966,"v0: признаков роли мало: входов 1 (5 тыс. KZT), выходов 2 (25 тыс. KZT); достижим от 7 seed",False,3,1,2,5000.0,25000.0,1,2,5000.0,0.2,0.00089259,1.981e-05,7,3,2026-07-06,2026-07-28,False,
100000007731977100,peripheral,0.3,0,0.4237,"v0: признаков роли мало: входов 1 (50 тыс. KZT), выходов 0 (0 KZT); достижим от 7 seed; граница выгрузки (глубина 4)",False,4,1,0,50000.0,0.0,1,0,0.0,0.0,0.00033677,0.0,7,1,2026-07-02,2026-07-02,True,depth4_boundary
100000007737775100,terminal,0.5,11,0.3363,v0: признаки конечного получателя: входов 1 на 6 тыс. KZT; исходящих в выгрузке 0; достижим от 8 seed,False,3,1,0,6000.0,0.0,1,0,0.0,0.0,0.00030313,0.0,8,1,2026-07-06,2026-07-06,False,
100000007745062100,peripheral,0.3,10,0.5727,"v0: признаков роли мало: входов 1 (100 тыс. KZT), выходов 0 (0 KZT); достижим от 9 seed; граница выгрузки (глубина 4)",False,4,1,0,100000.0,0.0,1,0,0.0,0.0,0.00062528,0.0,9,1,2026-07-19,2026-07-19,True,depth4_boundary
100000007747786100,distributor,1.0,6,0.5011,"v0: признаки распределения (fan-out): выходов 31 на 4,2 млн KZT; входов 0 на 0 KZT; seed, входы неполны",True,0,0,31,0.0,4238009.4,0,35,0.0,0.0,0.00028557,0.0,0,18,2026-07-04,2026-07-25,False,seed_inflow_incomplete
100000007749092100,peripheral,0.3,4,0.7694,"v0: признаков роли мало: входов 1 (8 тыс. KZT), выходов 1 (70 тыс. KZT); достижим от 7 seed",False,2,1,1,7650.0,70375.0,1,5,7650.0,0.1087,0.00180442,0.0,7,5,2026-07-03,2026-07-13,False,
100000007749747100,peripheral,0.3,9,0.498,"v0: признаков роли мало: входов 1 (50 тыс. KZT), выходов 0 (0 KZT); достижим от 8 seed; граница выгрузки (глубина 4)",False,4,1,0,50000.0,0.0,1,0,0.0,0.0,0.00044362,0.0,8,1,2026-07-14,2026-07-14,True,depth4_boundary
100000007754369100,terminal,0.5,0,0.2537,v0: признаки конечного получателя: входов 1 на 82 тыс. KZT; исходящих в выгрузке 0; достижим от 7 seed,False,3,1,0,82424.0,0.0,1,0,0.0,0.0,0.00029288,0.0,7,1,2026-07-15,2026-07-15,False,
100000007777377100,peripheral,0.3,4,0.649,"v0: признаков роли мало: входов 1 (456 тыс. KZT), выходов 2 (10 тыс. KZT); достижим от 7 seed",False,2,1,2,456290.0,10000.0,7,2,10000.0,0.0219,0.00036115,0.00013593,7,7,2026-07-04,2026-07-20,False,
100000007793871100,terminal,0.5,7,0.5814,v0: признаки конечного получателя: входов 1 на 26 тыс. KZT; исходящих в выгрузке 0; достижим от 8 seed,False,3,1,0,26000.0,0.0,3,0,0.0,0.0,0.00068723,0.0,8,3,2026-07-11,2026-07-25,False,
100000007797290100,peripheral,0.3,0,0.478,"v0: признаков роли мало: входов 1 (100 тыс. KZT), выходов 1 (20 тыс. KZT); достижим от 7 seed",False,2,1,1,100000.0,20000.0,1,1,20000.0,0.2,0.00030113,1.922e-05,7,2,2026-07-22,2026-07-31,False,
100000007811950100,peripheral,0.3,24,0.5471,"v0: признаков роли мало: входов 1 (50 тыс. KZT), выходов 0 (0 KZT); достижим от 7 seed; граница выгрузки (глубина 4)",False,4,1,0,50000.0,0.0,1,0,0.0,0.0,0.00054623,0.0,7,1,2026-07-30,2026-07-30,True,depth4_boundary
100000007841978100,peripheral,0.3,5,0.5173,"v0: признаков роли мало: входов 1 (449 тыс. KZT), выходов 0 (0 KZT); достижим от 7 seed; граница выгрузки (глубина 4)",False,4,1,0,449000.0,0.0,1,0,0.0,0.0,0.00050632,0.0,7,1,2026-07-31,2026-07-31,True,depth4_boundary
100000007861311100,terminal,0.5,6,0.4488,v0: признаки конечного получателя: входов 1 на 45 тыс. KZT; исходящих в выгрузке 0; достижим от 1 seed,False,2,1,0,45000.0,0.0,1,0,0.0,0.0,0.00035855,0.0,1,1,2026-07-22,2026-07-22,False,
100000007863304100,terminal,0.5,5,0.142,v0: признаки конечного получателя: входов 1 на 25 тыс. KZT; исходящих в выгрузке 0; достижим от 7 seed,False,3,1,0,25000.0,0.0,1,0,0.0,0.0,0.00028638,0.0,7,1,2026-07-03,2026-07-03,False,
100000007864477100,peripheral,0.3,0,0.5961,"v0: признаков роли мало: входов 2 (76 тыс. KZT), выходов 6 (204 тыс. KZT); достижим от 7 seed",False,3,2,6,76000.0,203500.0,2,10,76000.0,0.3735,0.00030477,7.542e-05,7,9,2026-07-01,2026-07-15,False,
100000007865484100,peripheral,0.3,38,0.4564,"v0: признаков роли мало: входов 1 (585 тыс. KZT), выходов 0 (0 KZT); достижим от 7 seed; граница выгрузки (глубина 4)",False,4,1,0,584600.0,0.0,2,0,0.0,0.0,0.00036619,0.0,7,2,2026-07-01,2026-07-07,True,depth4_boundary
100000007867364100,peripheral,0.3,18,0.4993,"v0: признаков роли мало: входов 1 (42 тыс. KZT), выходов 0 (0 KZT); достижим от 7 seed; граница выгрузки (глубина 4)",False,4,1,0,41852.0,0.0,1,0,0.0,0.0,0.00044874,0.0,7,1,2026-07-06,2026-07-06,True,depth4_boundary
100000007898453100,peripheral,0.3,2,0.6167,"v0: признаков роли мало: входов 1 (25 тыс. KZT), выходов 2 (320 тыс. KZT); достижим от 10 seed",False,2,1,2,24750.0,320000.0,1,2,24750.0,0.0773,0.00033302,2.398e-05,10,3,2026-07-02,2026-07-10,False,
100000007908818100,coordinator,0.6333,3,0.7641,"v0: признаки gather-scatter: входов 4 на 727 тыс. KZT, выходов 6 на 302 тыс. KZT; betweenness 0.0002; достижим от 11 seed",False,1,4,6,727475.0,302000.0,4,13,302000.0,0.4151,0.00047538,0.00017754,11,11,2026-07-03,2026-07-28,False,
100000007930878100,terminal,0.5,41,0.5093,v0: признаки конечного получателя: входов 1 на 5 тыс. KZT; исходящих в выгрузке 0; достижим от 1 seed,False,2,1,0,5000.0,0.0,1,0,0.0,0.0,0.00048364,0.0,1,1,2026-07-09,2026-07-09,False,
100000007938486100,terminal,0.5,1,0.2666,v0: признаки конечного получателя: входов 1 на 40 тыс. KZT; исходящих в выгрузке 0; достижим от 1 seed,False,1,1,0,39500.0,0.0,1,0,0.0,0.0,0.00029386,0.0,1,1,2026-07-06,2026-07-06,False,
100000007939160100,peripheral,0.3,41,0.7764,"v0: признаков роли мало: входов 1 (795 тыс. KZT), выходов 2 (14 тыс. KZT); достижим от 1 seed",False,1,1,2,795000.0,14300.0,2,2,14300.0,0.018,0.00066535,4e-07,1,3,2026-07-09,2026-07-24,False,
100000007953156100,peripheral,0.3,14,0.6599,"v0: признаков роли мало: входов 1 (18 тыс. KZT), выходов 1 (10 тыс. KZT); достижим от 8 seed",False,2,1,1,18000.0,10000.0,1,1,10000.0,0.5556,0.00047784,1.981e-05,8,2,2026-07-14,2026-07-25,False,
100000007960337100,peripheral,0.3,3,0.3347,"v0: признаков роли мало: входов 1 (36 тыс. KZT), выходов 0 (0 KZT); достижим от 7 seed; граница выгрузки (глубина 4)",False,4,1,0,35500.0,0.0,1,0,0.0,0.0,0.00030277,0.0,7,1,2026-07-21,2026-07-21,True,depth4_boundary
100000007982728100,peripheral,0.3,6,0.4847,"v0: признаков роли мало: входов 0 (0 KZT), выходов 8 (1,8 млн KZT); seed, входы неполны",True,0,0,8,0.0,1804384.0,0,12,0.0,0.0,0.00028557,0.0,0,6,2026-07-18,2026-07-28,False,seed_inflow_incomplete
100000007982908100,terminal,0.5,1,0.2878,v0: признаки конечного получателя: входов 1 на 31 тыс. KZT; исходящих в выгрузке 0; достижим от 1 seed,False,2,1,0,31080.0,0.0,1,0,0.0,0.0,0.00029613,0.0,1,1,2026-07-20,2026-07-20,False,
100000007988344100,peripheral,0.3,0,0.4702,"v0: признаков роли мало: входов 1 (20 тыс. KZT), выходов 0 (0 KZT); достижим от 7 seed; граница выгрузки (глубина 4)",False,4,1,0,20000.0,0.0,3,0,0.0,0.0,0.00038746,0.0,7,3,2026-07-02,2026-07-15,True,depth4_boundary
100000007997939100,peripheral,0.3,8,0.4477,"v0: признаков роли мало: входов 1 (13 тыс. KZT), выходов 0 (0 KZT); достижим от 9 seed; граница выгрузки (глубина 4)",False,4,1,0,13000.0,0.0,1,0,0.0,0.0,0.00035796,0.0,9,1,2026-07-16,2026-07-16,True,depth4_boundary
100000007998965100,consolidator,0.625,7,0.7472,v0: признаки консолидации (fan-in): входов 5 на 278 тыс. KZT; выходов 1 на 26 тыс. KZT; достижим от 8 seed,False,2,5,1,278000.0,26000.0,7,3,26000.0,0.0935,0.00047192,1.981e-05,8,8,2026-07-01,2026-07-25,False,
100000007999728100,terminal,0.5,14,0.2451,v0: признаки конечного получателя: входов 1 на 23 тыс. KZT; исходящих в выгрузке 0; достижим от 7 seed,False,3,1,0,23250.0,0.0,1,0,0.0,0.0,0.00029214,0.0,7,1,2026-07-04,2026-07-04,False,
100000008002020100,peripheral,0.3,10,0.4531,"v0: признаков роли мало: входов 1 (74 тыс. KZT), выходов 1 (17 тыс. KZT); достижим от 1 seed",False,1,1,1,73860.0,17000.0,1,1,17000.0,0.2302,0.00029783,1.59e-06,1,2,2026-07-14,2026-07-21,False,
100000008003034100,peripheral,0.3,12,0.3826,"v0: признаков роли мало: входов 1 (12 тыс. KZT), выходов 4 (135 тыс. KZT); достижим от 7 seed",False,1,1,4,12201.0,135000.0,1,4,12201.0,0.0904,0.00028688,0.00199314,7,4,2026-07-06,2026-07-20,False,
100000008008463100,terminal,0.5,6,0.2858,v0: признаки конечного получателя: входов 1 на 54 тыс. KZT; исходящих в выгрузке 0; достижим от 1 seed,False,2,1,0,54180.0,0.0,1,0,0.0,0.0,0.00029584,0.0,1,1,2026-07-28,2026-07-28,False,
100000008011159100,coordinator,0.5,39,0.7633,"v0: признаки gather-scatter: входов 3 на 363 тыс. KZT, выходов 5 на 153 тыс. KZT; betweenness 0.0001; достижим от 7 seed",False,2,3,5,363000.0,153037.0,6,5,153037.0,0.4216,0.00048611,0.00012211,7,7,2026-07-01,2026-07-14,False,
100000008011573100,terminal,0.5,16,0.1954,v0: признаки конечного получателя: входов 1 на 15 тыс. KZT; исходящих в выгрузке 0; достижим от 7 seed,False,3,1,0,15000.0,0.0,1,0,0.0,0.0,0.00028919,0.0,7,1,2026-07-08,2026-07-08,False,
100000008027922100,peripheral,0.3,21,0.5157,"v0: признаков роли мало: входов 1 (70 тыс. KZT), выходов 0 (0 KZT); достижим от 7 seed; граница выгрузки (глубина 4)",False,4,1,0,70000.0,0.0,1,0,0.0,0.0,0.00050237,0.0,7,1,2026-07-17,2026-07-17,True,depth4_boundary
100000008028628100,terminal,0.5,1,0.2991,v0: признаки конечного получателя: входов 1 на 57 тыс. KZT; исходящих в выгрузке 0; достижим от 1 seed,False,1,1,0,57224.0,0.0,1,0,0.0,0.0,0.00029758,0.0,1,1,2026-07-08,2026-07-08,False,
100000008029279100,terminal,0.5,3,0.1923,v0: признаки конечного получателя: входов 1 на 17 тыс. KZT; исходящих в выгрузке 0; достижим от 7 seed,False,3,1,0,17000.0,0.0,1,0,0.0,0.0,0.00028903,0.0,7,1,2026-07-10,2026-07-10,False,
100000008038077100,terminal,0.5,5,0.3294,v0: признаки конечного получателя: входов 1 на 500 тыс. KZT; исходящих в выгрузке 0; достижим от 7 seed,False,3,1,0,499850.0,0.0,2,0,0.0,0.0,0.00030177,0.0,7,1,2026-07-13,2026-07-13,False,
100000008042075100,terminal,0.5,22,0.2411,v0: признаки конечного получателя: входов 1 на 5 тыс. KZT; исходящих в выгрузке 0; достижим от 1 seed,False,3,1,0,5000.0,0.0,1,0,0.0,0.0,0.00029196,0.0,1,1,2026-07-01,2026-07-01,False,
100000008043184100,terminal,0.5,16,0.2617,v0: признаки конечного получателя: входов 1 на 51 тыс. KZT; исходящих в выгрузке 0; достижим от 7 seed,False,3,1,0,50564.0,0.0,1,0,0.0,0.0,0.00029353,0.0,7,1,2026-07-19,2026-07-19,False,
100000008050986100,peripheral,0.3,5,0.3701,"v0: признаков роли мало: входов 1 (95 тыс. KZT), выходов 0 (0 KZT); достижим от 7 seed; граница выгрузки (глубина 4)",False,4,1,0,95000.0,0.0,2,0,0.0,0.0,0.00031181,0.0,7,2,2026-07-05,2026-07-07,True,depth4_boundary
100000008055972100,terminal,0.5,1,0.2121,v0: признаки конечного получателя: входов 1 на 28 тыс. KZT; исходящих в выгрузке 0; достижим от 1 seed,False,3,1,0,28300.0,0.0,1,0,0.0,0.0,0.00028999,0.0,1,1,2026-07-10,2026-07-10,False,
100000008060273100,terminal,0.5,3,0.3073,v0: признаки конечного получателя: входов 1 на 10 тыс. KZT; исходящих в выгрузке 0; достижим от 11 seed,False,2,1,0,10000.0,0.0,2,0,0.0,0.0,0.00029897,0.0,11,2,2026-07-19,2026-07-28,False,
100000008066326100,terminal,0.5,0,0.1957,v0: признаки конечного получателя: входов 1 на 19 тыс. KZT; исходящих в выгрузке 0; достижим от 7 seed,False,1,1,0,19320.0,0.0,1,0,0.0,0.0,0.00028919,0.0,7,1,2026-07-03,2026-07-03,False,
100000008070101100,terminal,0.5,8,0.2506,v0: признаки конечного получателя: входов 1 на 100 тыс. KZT; исходящих в выгрузке 0; достижим от 8 seed,False,3,1,0,100000.0,0.0,1,0,0.0,0.0,0.00029259,0.0,8,1,2026-07-29,2026-07-29,False,
100000008071620100,terminal,0.5,0,0.2713,v0: признаки конечного получателя: входов 1 на 47 тыс. KZT; исходящих в выгрузке 0; достижим от 7 seed,False,1,1,0,46968.0,0.0,1,0,0.0,0.0,0.00029438,0.0,7,1,2026-07-14,2026-07-14,False,
100000008071749100,peripheral,0.3,7,0.2775,"v0: признаков роли мало: входов 1 (25 тыс. KZT), выходов 0 (0 KZT); достижим от 7 seed; граница выгрузки (глубина 4)",False,4,1,0,24943.0,0.0,1,0,0.0,0.0,0.00029491,0.0,7,1,2026-07-21,2026-07-21,True,depth4_boundary
100000008074304100,peripheral,0.3,5,0.419,"v0: признаков роли мало: входов 1 (6 тыс. KZT), выходов 0 (0 KZT); достижим от 7 seed; граница выгрузки (глубина 4)",False,4,1,0,5500.0,0.0,1,0,0.0,0.0,0.00033242,0.0,7,1,2026-07-03,2026-07-03,True,depth4_boundary
100000008077552100,terminal,0.5,3,0.4134,v0: признаки конечного получателя: входов 1 на 214 тыс. KZT; исходящих в выгрузке 0; достижим от 7 seed,False,3,1,0,214000.0,0.0,1,0,0.0,0.0,0.00032911,0.0,7,1,2026-07-24,2026-07-24,False,
100000008086440100,transit,0.0379,0,0.6671,"v0: признаки транзита: вход 200 тыс. KZT, выход 161 тыс. KZT; доля прохода 0.81, входов 1, выходов 5; достижим от 7 seed",False,3,1,5,199733.0,161300.0,1,6,161300.0,0.8076,0.00033767,0.0001052,7,6,2026-07-05,2026-07-24,False,
100000008088082100,peripheral,0.3,12,0.4702,"v0: признаков роли мало: входов 1 (39 тыс. KZT), выходов 1 (50 тыс. KZT); достижим от 7 seed",False,3,1,1,39138.0,50000.0,1,1,39138.0,0.7828,0.00030006,1.922e-05,7,2,2026-07-08,2026-07-28,False,
100000008094734100,consolidator,0.5,0,0.654,v0: признаки консолидации (fan-in): входов 4 на 236 тыс. KZT; выходов 0 на 0 KZT; достижим от 8 seed,False,1,4,0,236249.0,0.0,4,0,0.0,0.0,0.00034414,0.0,8,4,2026-07-02,2026-07-20,False,
100000008097580100,terminal,0.5,3,0.732,v0: признаки конечного получателя: входов 2 на 32 тыс. KZT; исходящих в выгрузке 0; достижим от 7 seed,False,3,2,0,32000.0,0.0,4,0,0.0,0.0,0.00067479,0.0,7,4,2026-07-04,2026-07-31,False,
100000008104567100,consolidator,0.375,7,0.7817,v0: признаки консолидации (fan-in): входов 3 на 54 тыс. KZT; выходов 3 на 40 тыс. KZT; достижим от 7 seed,False,2,3,3,53550.0,40000.0,3,4,40000.0,0.747,0.00053804,0.00202602,7,5,2026-07-07,2026-07-28,False,
100000008106997100,peripheral,0.3,0,0.5431,"v0: признаков роли мало: входов 2 (36 тыс. KZT), выходов 1 (21 тыс. KZT); достижим от 7 seed",False,2,2,1,35600.0,20600.0,2,1,20600.0,0.5787,0.00030537,1.922e-05,7,2,2026-07-22,2026-07-31,False,
100000008111003100,consolidator,0.75,0,0.7528,v0: признаки консолидации (fan-in): входов 6 на 223 тыс. KZT; выходов 1 на 35 тыс. KZT; достижим от 7 seed,False,2,6,1,222716.0,35000.0,9,1,35000.0,0.1572,0.00046962,0.00088191,7,6,2026-07-10,2026-07-19,False,
100000008116374100,terminal,0.5,4,0.1912,v0: признаки конечного получателя: входов 1 на 31 тыс. KZT; исходящих в выгрузке 0; достижим от 7 seed,False,1,1,0,31284.0,0.0,1,0,0.0,0.0,0.00028893,0.0,7,1,2026-07-09,2026-07-09,False,
100000008117324100,peripheral,0.3,84,0.1066,"v0: переводов в выгрузке нет; глубина 0; seed, входы неполны",True,0,0,0,0.0,0.0,0,0,0.0,0.0,0.00028557,0.0,0,0,,,False,seed_inflow_incomplete;isolated
100000008121806100,peripheral,0.3,3,0.5532,"v0: признаков роли мало: входов 1 (67 тыс. KZT), выходов 4 (249 тыс. KZT); достижим от 7 seed",False,3,1,4,67000.0,248509.0,1,6,67000.0,0.2696,0.00030037,0.00078086,7,5,2026-07-10,2026-07-19,False,
100000008129393100,terminal,0.5,51,0.3698,v0: признаки конечного получателя: входов 1 на 10 тыс. KZT; исходящих в выгрузке 0; достижим от 1 seed,False,1,1,0,10000.0,0.0,1,0,0.0,0.0,0.0003117,0.0,1,1,2026-07-30,2026-07-30,False,
100000008130868100,peripheral,0.3,13,0.4997,"v0: признаков роли мало: входов 1 (23 тыс. KZT), выходов 0 (0 KZT); достижим от 1 seed; граница выгрузки (глубина 4)",False,4,1,0,22782.0,0.0,1,0,0.0,0.0,0.0004516,0.0,1,1,2026-07-01,2026-07-01,True,depth4_boundary
100000008136608100,peripheral,0.3,7,0.5593,"v0: признаков роли мало: входов 1 (170 тыс. KZT), выходов 0 (0 KZT); достижим от 7 seed; граница выгрузки (глубина 4)",False,4,1,0,170000.0,0.0,1,0,0.0,0.0,0.00056438,0.0,7,1,2026-07-10,2026-07-10,True,depth4_boundary
100000008137435100,peripheral,0.3,21,0.6337,"v0: признаков роли мало: входов 2 (94 тыс. KZT), выходов 6 (1,4 млн KZT); достижим от 7 seed",False,1,2,6,93906.0,1419700.0,2,7,93906.0,0.0661,0.00031428,0.00029841,7,5,2026-07-02,2026-07-31,False,
100000008141170100,terminal,0.5,4,0.5725,v0: признаки конечного получателя: входов 1 на 11 тыс. KZT; исходящих в выгрузке 0; достижим от 7 seed,False,2,1,0,11000.0,0.0,1,0,0.0,0.0,0.0006219,0.0,7,1,2026-07-06,2026-07-06,False,
100000008144528100,consolidator,0.625,4,0.8372,"v0: признаки консолидации (fan-in): входов 5 на 1,1 млн KZT; выходов 0 на 0 KZT; достижим от 7 seed",False,2,5,0,1068202.6,0.0,13,0,0.0,0.0,0.00105554,0.0,7,4,2026-07-12,2026-07-16,False,
100000008151098100,peripheral,0.3,25,0.3607,"v0: признаков роли мало: входов 1 (30 тыс. KZT), выходов 0 (0 KZT); достижим от 7 seed; граница выгрузки (глубина 4)",False,4,1,0,30000.0,0.0,1,0,0.0,0.0,0.00030935,0.0,7,1,2026-07-19,2026-07-19,True,depth4_boundary
100000008165763100,coordinator,1.0,2,0.8701,"v0: признаки gather-scatter: входов 15 на 1,2 млн KZT, выходов 17 на 1,3 млн KZT; betweenness 0.0003; достижим от 9 seed",False,1,15,17,1165815.0,1267858.0,26,17,1165815.0,0.9195,0.00091024,0.00034529,9,13,2026-07-08,2026-07-28,False,
100000008168850100,peripheral,0.3,5,0.5335,"v0: признаков роли мало: входов 1 (188 тыс. KZT), выходов 0 (0 KZT); достижим от 7 seed; граница выгрузки (глубина 4)",False,4,1,0,187910.0,0.0,2,0,0.0,0.0,0.00053308,0.0,7,2,2026-07-02,2026-07-20,True,depth4_boundary
100000008169544100,peripheral,0.3,4,0.5528,"v0: признаков роли мало: входов 1 (137 тыс. KZT), выходов 4 (43 тыс. KZT); достижим от 7 seed",False,1,1,4,137104.0,42800.0,2,7,42800.0,0.3122,0.00030031,0.00011831,7,7,2026-07-10,2026-07-27,False,
100000008172352100,coordinator,0.6,31,0.721,"v0: признаки gather-scatter: входов 3 на 90 тыс. KZT, выходов 7 на 290 тыс. KZT; betweenness 0.0002; достижим от 8 seed",False,1,3,7,90265.0,289510.0,3,8,90265.0,0.3118,0.00037527,0.00018673,8,6,2026-07-11,2026-07-30,False,
100000008172721100,peripheral,0.3,3,0.4773,"v0: признаков роли мало: входов 1 (168 тыс. KZT), выходов 0 (0 KZT); достижим от 7 seed; граница выгрузки (глубина 4)",False,4,1,0,168335.0,0.0,1,0,0.0,0.0,0.00039522,0.0,7,1,2026-07-22,2026-07-22,True,depth4_boundary
100000008173359100,terminal,0.5,4,0.1396,v0: признаки конечного получателя: входов 1 на 6 тыс. KZT; исходящих в выгрузке 0; достижим от 7 seed,False,1,1,0,6110.0,0.0,1,0,0.0,0.0,0.00028623,0.0,7,1,2026-07-23,2026-07-23,False,
100000008174521100,terminal,0.5,4,0.4973,v0: признаки конечного получателя: входов 1 на 82 тыс. KZT; исходящих в выгрузке 0; достижим от 7 seed,False,2,1,0,82110.0,0.0,1,0,0.0,0.0,0.00044053,0.0,7,1,2026-07-25,2026-07-25,False,
100000008175078100,peripheral,0.3,34,0.5044,"v0: признаков роли мало: входов 1 (1,8 млн KZT), выходов 0 (0 KZT); достижим от 7 seed; граница выгрузки (глубина 4)",False,4,1,0,1846711.0,0.0,15,0,0.0,0.0,0.00046907,0.0,7,8,2026-07-02,2026-07-15,True,depth4_boundary
100000008183752100,peripheral,0.3,17,0.5258,"v0: признаков роли мало: входов 1 (140 тыс. KZT), выходов 0 (0 KZT); достижим от 8 seed; граница выгрузки (глубина 4)",False,4,1,0,140000.0,0.0,1,0,0.0,0.0,0.00053019,0.0,8,1,2026-07-26,2026-07-26,True,depth4_boundary
100000008188026100,peripheral,0.3,15,0.5524,"v0: признаков роли мало: входов 2 (86 тыс. KZT), выходов 4 (338 тыс. KZT); достижим от 7 seed",False,1,2,4,86468.0,337983.17,5,4,86468.0,0.2558,0.0002993,8.203e-05,7,6,2026-07-03,2026-07-30,False,
100000008190411100,peripheral,0.3,49,0.4886,"v0: признаков роли мало: входов 1 (198 тыс. KZT), выходов 0 (0 KZT); достижим от 7 seed; граница выгрузки (глубина 4)",False,4,1,0,198450.0,0.0,12,0,0.0,0.0,0.00042413,0.0,7,9,2026-07-02,2026-07-26,True,depth4_boundary
100000008190442100,terminal,0.5,1,0.1612,v0: признаки конечного получателя: входов 1 на 13 тыс. KZT; исходящих в выгрузке 0; достижим от 1 seed,False,3,1,0,13000.0,0.0,1,0,0.0,0.0,0.0002876,0.0,1,1,2026-07-16,2026-07-16,False,
100000008192264100,transit,0.2292,5,0.3774,"v0: признаки транзита: вход 163 тыс. KZT, выход 188 тыс. KZT; доля прохода 0.87, входов 1, выходов 1; достижим от 7 seed",False,3,1,1,162810.0,187910.0,1,2,162810.0,0.8664,0.00029085,1.922e-05,7,2,2026-07-02,2026-07-20,False,
100000008193258100,peripheral,0.3,16,0.4502,"v0: признаков роли мало: входов 1 (75 тыс. KZT), выходов 1 (30 тыс. KZT); достижим от 7 seed",False,3,1,1,75000.0,30000.0,2,1,30000.0,0.4,0.00029737,1.922e-05,7,3,2026-07-11,2026-07-24,False,
100000008193577100,peripheral,0.3,40,0.858,"v0: признаков роли мало: входов 2 (154 тыс. KZT), выходов 5 (480 тыс. KZT); достижим от 1 seed",False,1,2,5,154300.0,480180.0,6,16,154300.0,0.3213,0.00123895,9.9e-07,1,14,2026-07-04,2026-07-29,False,
100000008200810100,terminal,0.5,13,0.3574,v0: признаки конечного получателя: входов 1 на 475 тыс. KZT; исходящих в выгрузке 0; достижим от 2 seed,False,3,1,0,475000.0,0.0,1,0,0.0,0.0,0.00030819,0.0,2,1,2026-07-03,2026-07-03,False,
100000008205000100,peripheral,0.3,85,0.1066,"v0: переводов в выгрузке нет; глубина 0; seed, входы неполны",True,0,0,0,0.0,0.0,0,0,0.0,0.0,0.00028557,0.0,0,0,,,False,seed_inflow_incomplete;isolated
100000008205937100,terminal,0.5,12,0.4172,v0: признаки конечного получателя: входов 1 на 35 тыс. KZT; исходящих в выгрузке 0; достижим от 10 seed,False,2,1,0,35000.0,0.0,3,0,0.0,0.0,0.00033165,0.0,10,3,2026-07-06,2026-07-26,False,
100000008213966100,consolidator,0.375,27,0.8408,v0: признаки консолидации (fan-in): входов 3 на 187 тыс. KZT; выходов 1 на 437 тыс. KZT; достижим от 7 seed,False,2,3,1,187004.0,436900.0,7,8,187004.0,0.428,0.00193355,4.32e-05,7,7,2026-07-03,2026-07-30,False,
100000008219168100,terminal,0.5,6,0.1812,v0: признаки конечного получателя: входов 1 на 53 тыс. KZT; исходящих в выгрузке 0; достижим от 1 seed,False,1,1,0,53200.0,0.0,2,0,0.0,0.0,0.00028862,0.0,1,2,2026-07-15,2026-07-25,False,
100000008221543100,terminal,0.5,16,0.6128,v0: признаки конечного получателя: входов 2 на 542 тыс. KZT; исходящих в выгрузке 0; достижим от 7 seed,False,1,2,0,542000.0,0.0,2,0,0.0,0.0,0.00037148,0.0,7,2,2026-07-13,2026-07-14,False,
100000008221765100,peripheral,0.3,5,0.5438,"v0: признаков роли мало: входов 1 (156 тыс. KZT), выходов 0 (0 KZT); достижим от 7 seed; граница выгрузки (глубина 4)",False,4,1,0,156354.0,0.0,1,0,0.0,0.0,0.00054044,0.0,7,1,2026-07-01,2026-07-01,True,depth4_boundary
100000008223661100,peripheral,0.3,9,0.6304,"v0: признаков роли мало: входов 2 (202 тыс. KZT), выходов 5 (263 тыс. KZT); достижим от 8 seed",False,3,2,5,202000.0,262580.0,2,5,202000.0,0.7693,0.00031467,0.00032542,8,5,2026-07-09,2026-07-20,False,
100000008223756100,terminal,0.5,3,0.5979,v0: признаки конечного получателя: входов 2 на 332 тыс. KZT; исходящих в выгрузке 0; достижим от 7 seed,False,3,2,0,331682.0,0.0,2,0,0.0,0.0,0.00035628,0.0,7,2,2026-07-19,2026-07-22,False,
100000008229700100,peripheral,0.3,10,0.3542,"v0: признаков роли мало: входов 1 (24 тыс. KZT), выходов 1 (7 тыс. KZT); достижим от 1 seed",False,1,1,1,23500.0,7200.0,1,1,7200.0,0.3064,0.00028947,2e-07,1,2,2026-07-14,2026-07-25,False,
100000008232832100,peripheral,0.3,9,0.6655,"v0: признаков роли мало: входов 1 (337 тыс. KZT), выходов 1 (138 тыс. KZT); достижим от 10 seed",False,1,1,1,337000.0,138000.0,2,1,138000.0,0.4095,0.00049423,0.0,10,2,2026-07-10,2026-07-17,False,
100000008237827100,terminal,0.5,2,0.2626,v0: признаки конечного получателя: входов 1 на 40 тыс. KZT; исходящих в выгрузке 0; достижим от 10 seed,False,1,1,0,40001.0,0.0,1,0,0.0,0.0,0.00029358,0.0,10,1,2026-07-16,2026-07-16,False,
100000008238112100,terminal,0.5,5,0.2393,v0: признаки конечного получателя: входов 1 на 190 тыс. KZT; исходящих в выгрузке 0; достижим от 7 seed,False,3,1,0,190000.0,0.0,1,0,0.0,0.0,0.00029173,0.0,7,1,2026-07-20,2026-07-20,False,
100000008238989100,terminal,0.5,21,0.4046,v0: признаки конечного получателя: входов 1 на 200 тыс. KZT; исходящих в выгрузке 0; достижим от 7 seed,False,2,1,0,200000.0,0.0,2,0,0.0,0.0,0.00032325,0.0,7,2,2026-07-02,2026-07-03,False,
100000008244300100,consolidator,0.625,5,0.7416,v0: признаки консолидации (fan-in): входов 5 на 65 тыс. KZT; выходов 0 на 0 KZT; достижим от 8 seed,False,1,5,0,65430.0,0.0,6,0,0.0,0.0,0.00047937,0.0,8,6,2026-07-02,2026-07-18,False,
100000008251939100,peripheral,0.3,7,0.3314,"v0: признаков роли мало: входов 1 (44 тыс. KZT), выходов 0 (0 KZT); достижим от 7 seed; граница выгрузки (глубина 4)",False,4,1,0,44360.0,0.0,1,0,0.0,0.0,0.00030217,0.0,7,1,2026-07-12,2026-07-12,True,depth4_boundary
100000008254069100,peripheral,0.3,19,0.6745,"v0: признаков роли мало: входов 1 (10 тыс. KZT), выходов 5 (108 тыс. KZT); достижим от 8 seed",False,2,1,5,10200.0,107500.0,2,6,10200.0,0.0949,0.00034249,9.351e-05,8,4,2026-07-12,2026-07-22,False,
100000008254576100,peripheral,0.3,33,0.3906,"v0: признаков роли мало: входов 1 (8 тыс. KZT), выходов 1 (60 тыс. KZT); достижим от 7 seed",False,3,1,1,8000.0,60000.0,1,1,8000.0,0.1333,0.00029167,1.962e-05,7,2,2026-07-03,2026-07-31,False,
100000008255655100,peripheral,0.3,16,0.5295,"v0: признаков роли мало: входов 1 (5 тыс. KZT), выходов 0 (0 KZT); достижим от 7 seed; граница выгрузки (глубина 4)",False,4,1,0,5400.0,0.0,1,0,0.0,0.0,0.00053119,0.0,7,1,2026-07-02,2026-07-02,True,depth4_boundary
100000008258083100,peripheral,0.3,29,0.8248,"v0: признаков роли мало: входов 2 (3,1 млн KZT), выходов 2 (2,0 млн KZT); достижим от 7 seed",False,2,2,2,3149500.0,2045650.0,13,6,2045650.0,0.6495,0.00105004,7.767e-05,7,12,2026-07-02,2026-07-31,False,
100000008258458100,peripheral,0.3,62,0.4312,"v0: признаков роли мало: входов 1 (19 тыс. KZT), выходов 2 (1,6 млн KZT); достижим от 7 seed",False,3,1,2,19000.0,1557988.0,1,4,19000.0,0.0122,0.00029126,3.844e-05,7,3,2026-07-02,2026-07-17,False,
100000008259451100,terminal,0.5,14,0.3254,v0: признаки конечного получателя: входов 1 на 55 тыс. KZT; исходящих в выгрузке 0; достижим от 7 seed,False,3,1,0,55000.0,0.0,1,0,0.0,0.0,0.00030112,0.0,7,1,2026-07-03,2026-07-03,False,
100000008279405100,terminal,0.5,3,0.4201,v0: признаки конечного получателя: входов 1 на 235 тыс. KZT; исходящих в выгрузке 0; достижим от 7 seed,False,3,1,0,234738.0,0.0,2,0,0.0,0.0,0.00033333,0.0,7,2,2026-07-20,2026-07-30,False,
100000008283183100,terminal,0.5,1,0.2809,v0: признаки конечного получателя: входов 1 на 29 тыс. KZT; исходящих в выгрузке 0; достижим от 1 seed,False,2,1,0,29000.0,0.0,1,0,0.0,0.0,0.00029542,0.0,1,1,2026-07-08,2026-07-08,False,
100000008289539100,terminal,0.5,15,0.2166,v0: признаки конечного получателя: входов 1 на 15 тыс. KZT; исходящих в выгрузке 0; достижим от 7 seed,False,2,1,0,14912.0,0.0,1,0,0.0,0.0,0.00029031,0.0,7,1,2026-07-29,2026-07-29,False,
100000008293431100,peripheral,0.3,0,0.3927,"v0: признаков роли мало: входов 1 (15 тыс. KZT), выходов 5 (297 тыс. KZT); достижим от 7 seed",False,3,1,5,15000.0,297000.0,1,7,15000.0,0.0505,0.0002869,5.687e-05,7,7,2026-07-16,2026-07-30,False,
100000008295429100,terminal,0.5,5,0.2949,v0: признаки конечного получателя: входов 1 на 352 тыс. KZT; исходящих в выгрузке 0; достижим от 7 seed,False,3,1,0,352000.0,0.0,1,0,0.0,0.0,0.00029698,0.0,7,1,2026-07-20,2026-07-20,False,
100000008297199100,terminal,0.5,0,0.292,v0: признаки конечного получателя: входов 1 на 42 тыс. KZT; исходящих в выгрузке 0; достижим от 7 seed,False,3,1,0,42268.0,0.0,1,0,0.0,0.0,0.0002966,0.0,7,1,2026-07-06,2026-07-06,False,
100000008304115100,terminal,0.5,10,0.268,v0: признаки конечного получателя: входов 1 на 51 тыс. KZT; исходящих в выгрузке 0; достижим от 1 seed,False,1,1,0,51000.0,0.0,1,0,0.0,0.0,0.00029403,0.0,1,1,2026-07-12,2026-07-12,False,
100000008304139100,coordinator,1.0,2,0.6472,"v0: признаки gather-scatter: входов 4 на 189 тыс. KZT, выходов 24 на 1,7 млн KZT; betweenness 0.0013; достижим от 7 seed",False,1,4,24,189329.75,1692997.0,4,43,189329.75,0.1118,0.00031362,0.0013103,7,24,2026-07-02,2026-07-31,False,
100000008306857100,terminal,0.5,13,0.2371,v0: признаки конечного получателя: входов 1 на 125 тыс. KZT; исходящих в выгрузке 0; достижим от 2 seed,False,3,1,0,125000.0,0.0,1,0,0.0,0.0,0.00029152,0.0,2,1,2026-07-16,2026-07-16,False,
100000008308418100,peripheral,0.3,0,0.4931,"v0: признаков роли мало: входов 1 (50 тыс. KZT), выходов 0 (0 KZT); достижим от 7 seed; граница выгрузки (глубина 4)",False,4,1,0,50000.0,0.0,1,0,0.0,0.0,0.0004316,0.0,7,1,2026-07-03,2026-07-03,True,depth4_boundary
100000008309514100,terminal,0.5,1,0.1723,v0: признаки конечного получателя: входов 1 на 17 тыс. KZT; исходящих в выгрузке 0; достижим от 1 seed,False,3,1,0,17200.0,0.0,1,0,0.0,0.0,0.00028825,0.0,1,1,2026-07-09,2026-07-09,False,
100000008314203100,transit,0.2793,9,0.837,"v0: признаки транзита: вход 382 тыс. KZT, выход 327 тыс. KZT; доля прохода 0.86, входов 2, выходов 2; достижим от 9 seed; seed, входы неполны",True,0,2,2,382076.0,327000.0,10,13,327000.0,0.8559,0.00050299,0.0,9,13,2026-07-01,2026-07-21,False,seed_inflow_incomplete
100000008314863100,terminal,0.5,2,0.5204,v0: признаки конечного получателя: входов 1 на 12 тыс. KZT; исходящих в выгрузке 0; достижим от 10 seed,False,3,1,0,12000.0,0.0,1,0,0.0,0.0,0.0005171,0.0,10,1,2026-07-20,2026-07-20,False,
100000008321975100,peripheral,0.3,20,0.3376,"v0: признаков роли мало: входов 1 (6 тыс. KZT), выходов 0 (0 KZT); достижим от 7 seed; граница выгрузки (глубина 4)",False,4,1,0,5900.0,0.0,1,0,0.0,0.0,0.00030323,0.0,7,1,2026-07-11,2026-07-11,True,depth4_boundary
100000008324800100,consolidator,0.375,69,0.8393,v0: признаки консолидации (fan-in): входов 3 на 526 тыс. KZT; выходов 1 на 511 тыс. KZT; достижим от 7 seed,False,2,3,1,526500.0,511000.0,17,13,511000.0,0.9706,0.00185178,1.922e-05,7,8,2026-07-03,2026-07-17,False,
100000008327791100,peripheral,0.3,16,0.5387,"v0: признаков роли мало: входов 1 (11 тыс. KZT), выходов 0 (0 KZT); достижим от 7 seed; граница выгрузки (глубина 4)",False,4,1,0,11000.0,0.0,1,0,0.0,0.0,0.00053677,0.0,7,1,2026-07-29,2026-07-29,True,depth4_boundary
100000008331280100,peripheral,0.3,25,0.3919,"v0: признаков роли мало: входов 1 (41 тыс. KZT), выходов 0 (0 KZT); достижим от 7 seed; граница выгрузки (глубина 4)",False,4,1,0,41000.0,0.0,2,0,0.0,0.0,0.00031807,0.0,7,2,2026-07-05,2026-07-27,True,depth4_boundary
100000008332511100,terminal,0.5,6,0.6058,v0: признаки конечного получателя: входов 1 на 100 тыс. KZT; исходящих в выгрузке 0; достижим от 9 seed,False,3,1,0,100000.0,0.0,1,0,0.0,0.0,0.00111278,0.0,9,1,2026-07-01,2026-07-01,False,
100000008333492100,peripheral,0.3,45,0.4962,"v0: признаков роли мало: входов 1 (216 тыс. KZT), выходов 0 (0 KZT); достижим от 9 seed; граница выгрузки (глубина 4)",False,4,1,0,216400.0,0.0,1,0,0.0,0.0,0.00043801,0.0,9,1,2026-07-31,2026-07-31,True,depth4_boundary
100000008335401100,terminal,0.5,7,0.5511,v0: признаки конечного получателя: входов 1 на 150 тыс. KZT; исходящих в выгрузке 0; достижим от 9 seed,False,2,1,0,150000.0,0.0,3,0,0.0,0.0,0.00055123,0.0,9,1,2026-07-08,2026-07-08,False,
100000008336318100,peripheral,0.3,8,0.4097,"v0: признаков роли мало: входов 1 (170 тыс. KZT), выходов 0 (0 KZT); достижим от 8 seed; граница выгрузки (глубина 4)",False,4,1,0,170000.0,0.0,1,0,0.0,0.0,0.00032672,0.0,8,1,2026-07-27,2026-07-27,True,depth4_boundary
100000008337304100,peripheral,0.3,3,0.4439,"v0: признаков роли мало: входов 1 (105 тыс. KZT), выходов 0 (0 KZT); достижим от 7 seed; граница выгрузки (глубина 4)",False,4,1,0,105465.0,0.0,2,0,0.0,0.0,0.00035427,0.0,7,1,2026-07-26,2026-07-26,True,depth4_boundary
100000008343415100,peripheral,0.3,3,0.4944,"v0: признаков роли мало: входов 1 (100 тыс. KZT), выходов 0 (0 KZT); достижим от 7 seed; граница выгрузки (глубина 4)",False,4,1,0,100000.0,0.0,3,0,0.0,0.0,0.00043399,0.0,7,1,2026-07-11,2026-07-11,True,depth4_boundary
100000008343874100,peripheral,0.3,3,0.5759,"v0: признаков роли мало: входов 2 (284 тыс. KZT), выходов 2 (176 тыс. KZT); достижим от 7 seed",False,3,2,2,283535.0,176400.0,2,5,176400.0,0.6221,0.00030765,3.884e-05,7,5,2026-07-09,2026-07-28,False,
100000008346837100,coordinator,1.0,12,0.8184,"v0: признаки gather-scatter: входов 9 на 254 тыс. KZT, выходов 25 на 1,3 млн KZT; betweenness 0.0090; достижим от 7 seed",False,2,9,25,254359.0,1258643.0,12,26,254359.0,0.2021,0.00054741,0.00898116,7,15,2026-07-02,2026-07-22,False,
100000008349675100,peripheral,0.3,6,0.3236,"v0: признаков роли мало: входов 1 (47 тыс. KZT), выходов 1 (37 тыс. KZT); достижим от 1 seed",False,1,1,1,46520.0,36650.0,1,2,36650.0,0.7878,0.00028824,2e-07,1,2,2026-07-11,2026-07-19,False,
100000008349740100,peripheral,0.3,34,0.2502,"v0: признаков роли мало: входов 1 (70 тыс. KZT), выходов 0 (0 KZT); достижим от 7 seed; граница выгрузки (глубина 4)",False,4,1,0,70000.0,0.0,2,0,0.0,0.0,0.00029253,0.0,7,2,2026-07-07,2026-07-10,True,depth4_boundary
100000008352542100,terminal,0.5,2,0.417,v0: признаки конечного получателя: входов 1 на 50 тыс. KZT; исходящих в выгрузке 0; достижим от 10 seed,False,2,1,0,50220.0,0.0,1,0,0.0,0.0,0.00033148,0.0,10,1,2026-07-18,2026-07-18,False,
100000008356606100,terminal,0.5,12,0.7255,v0: признаки конечного получателя: входов 2 на 168 тыс. KZT; исходящих в выгрузке 0; достижим от 7 seed,False,2,2,0,168500.0,0.0,2,0,0.0,0.0,0.00062679,0.0,7,2,2026-07-08,2026-07-22,False,
100000008376089100,terminal,0.5,29,0.3325,v0: признаки конечного получателя: входов 1 на 135 тыс. KZT; исходящих в выгрузке 0; достижим от 7 seed,False,2,1,0,135000.0,0.0,1,0,0.0,0.0,0.00030244,0.0,7,1,2026-07-18,2026-07-18,False,
100000008376785100,peripheral,0.3,5,0.5304,"v0: признаков роли мало: входов 1 (234 тыс. KZT), выходов 0 (0 KZT); достижим от 7 seed; граница выгрузки (глубина 4)",False,4,1,0,234250.0,0.0,2,0,0.0,0.0,0.00053181,0.0,7,2,2026-07-22,2026-07-29,True,depth4_boundary
100000008379273100,transit,0.7222,7,0.5497,"v0: признаки транзита: вход 36 тыс. KZT, выход 38 тыс. KZT; доля прохода 0.95, входов 2, выходов 4; достижим от 7 seed",False,3,2,4,36000.0,38000.0,2,4,36000.0,0.9474,0.00029902,0.00170051,7,5,2026-07-02,2026-07-20,False,
100000008383405100,terminal,0.5,22,0.3483,v0: признаки конечного получателя: входов 1 на 25 тыс. KZT; исходящих в выгрузке 0; достижим от 1 seed,False,1,1,0,25000.0,0.0,2,0,0.0,0.0,0.00030603,0.0,1,2,2026-07-01,2026-07-08,False,
100000008388049100,terminal,0.5,13,0.3598,v0: признаки конечного получателя: входов 1 на 496 тыс. KZT; исходящих в выгрузке 0; достижим от 2 seed,False,3,1,0,496400.0,0.0,1,0,0.0,0.0,0.00030921,0.0,2,1,2026-07-13,2026-07-13,False,
100000008389800100,coordinator,0.6,4,0.7746,"v0: признаки gather-scatter: входов 3 на 189 тыс. KZT, выходов 7 на 402 тыс. KZT; betweenness 0.0002; достижим от 7 seed",False,2,3,7,189000.0,401620.0,3,8,189000.0,0.4706,0.0005051,0.00015931,7,7,2026-07-01,2026-07-10,False,
100000008405209100,terminal,0.5,16,0.2695,v0: признаки конечного получателя: входов 1 на 54 тыс. KZT; исходящих в выгрузке 0; достижим от 7 seed,False,3,1,0,54400.0,0.0,1,0,0.0,0.0,0.00029413,0.0,7,1,2026-07-11,2026-07-11,False,
100000008406609100,terminal,0.5,19,0.4924,v0: признаки конечного получателя: входов 1 на 34 тыс. KZT; исходящих в выгрузке 0; достижим от 8 seed,False,2,1,0,34000.0,0.0,1,0,0.0,0.0,0.0004305,0.0,8,1,2026-07-09,2026-07-09,False,
100000008413748100,distributor,0.72,16,0.7392,"v0: признаки распределения (fan-out): выходов 18 на 1,4 млн KZT; входов 2 на 26 тыс. KZT; достижим от 7 seed",False,2,2,18,26480.0,1377320.22,2,21,26480.0,0.0192,0.00039089,0.00062472,7,5,2026-07-02,2026-07-10,False,
100000008416433100,terminal,0.5,14,0.2319,v0: признаки конечного получателя: входов 1 на 20 тыс. KZT; исходящих в выгрузке 0; достижим от 7 seed,False,3,1,0,20000.0,0.0,1,0,0.0,0.0,0.00029122,0.0,7,1,2026-07-16,2026-07-16,False,
100000008417029100,terminal,0.5,8,0.3514,v0: признаки конечного получателя: входов 1 на 100 тыс. KZT; исходящих в выгрузке 0; достижим от 9 seed,False,3,1,0,100000.0,0.0,1,0,0.0,0.0,0.00030663,0.0,9,1,2026-07-29,2026-07-29,False,
100000008417359100,peripheral,0.3,16,0.4399,"v0: признаков роли мало: входов 1 (41 тыс. KZT), выходов 2 (111 тыс. KZT); достижим от 7 seed",False,3,1,2,40810.0,110760.0,2,3,40810.0,0.3685,0.00029199,0.0,7,5,2026-07-06,2026-07-31,False,
100000008418835100,peripheral,0.3,58,0.8558,"v0: признаков роли мало: входов 1 (1,4 млн KZT), выходов 4 (186 тыс. KZT); достижим от 1 seed; seed, входы неполны",True,0,1,4,1372000.0,186179.0,67,6,186179.0,0.1357,0.00052859,0.00031664,1,18,2026-07-01,2026-07-31,False,seed_inflow_incomplete
100000008418934100,terminal,0.5,8,0.3963,v0: признаки конечного получателя: входов 1 на 360 тыс. KZT; исходящих в выгрузке 0; достижим от 1 seed,False,2,1,0,360000.0,0.0,1,0,0.0,0.0,0.00031945,0.0,1,1,2026-07-26,2026-07-26,False,
100000008422226100,terminal,0.5,0,0.2202,v0: признаки конечного получателя: входов 1 на 87 тыс. KZT; исходящих в выгрузке 0; достижим от 7 seed,False,3,1,0,87450.0,0.0,1,0,0.0,0.0,0.00029049,0.0,7,1,2026-07-03,2026-07-03,False,
100000008427027100,terminal,0.5,2,0.5513,v0: признаки конечного получателя: входов 1 на 300 тыс. KZT; исходящих в выгрузке 0; достижим от 10 seed,False,3,1,0,300000.0,0.0,1,0,0.0,0.0,0.00055126,0.0,10,1,2026-07-03,2026-07-03,False,
100000008430691100,peripheral,0.3,68,0.5496,"v0: признаков роли мало: входов 1 (20 тыс. KZT), выходов 2 (605 тыс. KZT); достижим от 7 seed",False,3,1,2,20000.0,604900.0,1,2,20000.0,0.0331,0.00030698,1.962e-05,7,2,2026-07-01,2026-07-08,False,
100000008432942100,terminal,0.5,0,0.1681,v0: признаки конечного получателя: входов 1 на 45 тыс. KZT; исходящих в выгрузке 0; достижим от 7 seed,False,3,1,0,44542.0,0.0,2,0,0.0,0.0,0.00028808,0.0,7,2,2026-07-16,2026-07-27,False,
100000008436257100,terminal,0.5,16,0.4262,v0: признаки конечного получателя: входов 2 на 35 тыс. KZT; исходящих в выгрузке 0; достижим от 7 seed,False,3,2,0,35000.0,0.0,2,0,0.0,0.0,0.00029458,0.0,7,1,2026-07-18,2026-07-18,False,
100000008438656100,peripheral,0.3,2,0.4957,"v0: признаков роли мало: входов 2 (80 тыс. KZT), выходов 1 (5 тыс. KZT); достижим от 10 seed",False,1,2,1,80000.0,5000.0,2,1,5000.0,0.0625,0.00029739,2.378e-05,10,2,2026-07-03,2026-07-17,False,
100000008443341100,peripheral,0.3,10,0.8123,"v0: признаков роли мало: входов 2 (34 тыс. KZT), выходов 3 (50 тыс. KZT); достижим от 7 seed",False,1,2,3,34500.0,50000.0,2,4,34500.0,0.69,0.00066897,0.0003601,7,4,2026-07-01,2026-07-18,False,
100000008454065100,terminal,0.5,14,0.2482,v0: признаки конечного получателя: входов 1 на 24 тыс. KZT; исходящих в выгрузке 0; достижим от 7 seed,False,3,1,0,24050.0,0.0,1,0,0.0,0.0,0.00029237,0.0,7,1,2026-07-01,2026-07-01,False,
100000008459449100,terminal,0.5,0,0.3133,v0: признаки конечного получателя: входов 1 на 54 тыс. KZT; исходящих в выгрузке 0; достижим от 7 seed,False,3,1,0,53700.0,0.0,1,0,0.0,0.0,0.00029958,0.0,7,1,2026-07-03,2026-07-03,False,
100000008460102100,distributor,1.0,7,0.5846,v0: признаки распределения (fan-out): выходов 31 на 477 тыс. KZT; входов 1 на 18 тыс. KZT; достижим от 1 seed,False,3,1,31,17500.0,476570.0,1,34,17500.0,0.0367,0.00029969,0.00097772,1,9,2026-07-07,2026-07-31,False,
100000008461217100,peripheral,0.3,48,0.5467,"v0: признаков роли мало: входов 1 (18 тыс. KZT), выходов 0 (0 KZT); достижим от 10 seed; граница выгрузки (глубина 4)",False,4,1,0,18000.0,0.0,1,0,0.0,0.0,0.00054559,0.0,10,1,2026-07-24,2026-07-24,True,depth4_boundary
100000008461532100,peripheral,0.3,25,0.8453,"v0: признаков роли мало: входов 2 (565 тыс. KZT), выходов 8 (2,5 млн KZT); достижим от 7 seed",False,2,2,8,565300.0,2530090.0,2,9,565300.0,0.2234,0.00074525,0.00027126,7,3,2026-07-16,2026-07-30,False,
100000008463968100,terminal,0.5,1,0.1528,v0: признаки конечного получателя: входов 1 на 10 тыс. KZT; исходящих в выгрузке 0; достижим от 1 seed,False,3,1,0,10000.0,0.0,1,0,0.0,0.0,0.00028713,0.0,1,1,2026-07-30,2026-07-30,False,
100000008465789100,distributor,0.64,9,0.4764,"v0: признаки распределения (fan-out): выходов 16 на 1,9 млн KZT; входов 1 на 30 тыс. KZT; достижим от 8 seed",False,3,1,16,30099.0,1858100.0,1,17,30099.0,0.0162,0.00028989,0.0008451,8,7,2026-07-12,2026-07-19,False,
100000008466579100,distributor,0.68,9,0.71,"v0: признаки распределения (fan-out): выходов 17 на 1,9 млн KZT; входов 2 на 37 тыс. KZT; достижим от 8 seed",False,2,2,17,36952.0,1933000.0,2,20,36952.0,0.0191,0.00035341,0.00050563,8,9,2026-07-13,2026-07-21,False,
100000008468762100,terminal,0.5,17,0.5171,v0: признаки конечного получателя: входов 2 на 170 тыс. KZT; исходящих в выгрузке 0; достижим от 8 seed,False,3,2,0,170000.0,0.0,2,0,0.0,0.0,0.00031041,0.0,8,1,2026-07-27,2026-07-27,False,
100000008469048100,peripheral,0.3,0,0.5631,"v0: признаков роли мало: входов 1 (265 тыс. KZT), выходов 0 (0 KZT); достижим от 7 seed; граница выгрузки (глубина 4)",False,4,1,0,265200.0,0.0,7,0,0.0,0.0,0.00057881,0.0,7,6,2026-07-04,2026-07-27,True,depth4_boundary
100000008470470100,terminal,0.5,1,0.2508,v0: признаки конечного получателя: входов 1 на 34 тыс. KZT; исходящих в выгрузке 0; достижим от 1 seed,False,1,1,0,33547.0,0.0,1,0,0.0,0.0,0.00029261,0.0,1,1,2026-07-16,2026-07-16,False,
100000008471634100,peripheral,0.3,24,0.606,"v0: признаков роли мало: входов 1 (20 тыс. KZT), выходов 0 (0 KZT); достижим от 7 seed; граница выгрузки (глубина 4)",False,4,1,0,20000.0,0.0,1,0,0.0,0.0,0.00112461,0.0,7,1,2026-07-10,2026-07-10,True,depth4_boundary
100000008472324100,terminal,0.5,5,0.2462,v0: признаки конечного получателя: входов 1 на 205 тыс. KZT; исходящих в выгрузке 0; достижим от 7 seed,False,3,1,0,205200.0,0.0,1,0,0.0,0.0,0.00029222,0.0,7,1,2026-07-20,2026-07-20,False,
100000008473207100,terminal,0.5,3,0.5553,v0: признаки конечного получателя: входов 1 на 202 тыс. KZT; исходящих в выгрузке 0; достижим от 11 seed,False,2,1,0,202000.0,0.0,4,0,0.0,0.0,0.00055621,0.0,11,4,2026-07-03,2026-07-13,False,
100000008473765100,terminal,0.5,3,0.2384,v0: признаки конечного получателя: входов 1 на 30 тыс. KZT; исходящих в выгрузке 0; достижим от 7 seed,False,3,1,0,30000.0,0.0,1,0,0.0,0.0,0.00029167,0.0,7,1,2026-07-04,2026-07-04,False,
100000008474308100,peripheral,0.3,10,0.6508,"v0: признаков роли мало: входов 1 (14 тыс. KZT), выходов 1 (10 тыс. KZT); достижим от 7 seed",False,2,1,1,14000.0,10000.0,2,1,10000.0,0.7143,0.00044502,0.0,7,3,2026-07-11,2026-07-18,False,
100000008474391100,terminal,0.5,21,0.4828,v0: признаки конечного получателя: входов 1 на 20 тыс. KZT; исходящих в выгрузке 0; достижим от 7 seed,False,3,1,0,20000.0,0.0,1,0,0.0,0.0,0.00040715,0.0,7,1,2026-07-06,2026-07-06,False,
100000008477350100,coordinator,1.0,0,0.8748,"v0: признаки gather-scatter: входов 11 на 610 тыс. KZT, выходов 39 на 3,4 млн KZT; betweenness 0.0025; достижим от 7 seed",False,2,11,39,610100.0,3374866.0,14,44,610100.0,0.1808,0.00103424,0.00251719,7,17,2026-07-01,2026-07-30,False,
100000008478414100,terminal,0.5,1,0.192,v0: признаки конечного получателя: входов 1 на 10 тыс. KZT; исходящих в выгрузке 0; достижим от 1 seed,False,2,1,0,10000.0,0.0,1,0,0.0,0.0,0.00028897,0.0,1,1,2026-07-24,2026-07-24,False,
100000008486520100,peripheral,0.3,4,0.3534,"v0: признаков роли мало: входов 1 (36 тыс. KZT), выходов 1 (14 тыс. KZT); достижим от 7 seed",False,1,1,1,35720.0,14000.0,2,1,14000.0,0.3919,0.00028941,1.922e-05,7,2,2026-07-16,2026-07-18,False,
100000008488166100,terminal,0.5,1,0.1432,v0: признаки конечного получателя: входов 1 на 6 тыс. KZT; исходящих в выгрузке 0; достижим от 1 seed,False,3,1,0,5600.0,0.0,1,0,0.0,0.0,0.00028644,0.0,1,1,2026-07-21,2026-07-21,False,
100000008489604100,terminal,0.5,1,0.1559,v0: признаки конечного получателя: входов 1 на 11 тыс. KZT; исходящих в выгрузке 0; достижим от 1 seed,False,3,1,0,11000.0,0.0,1,0,0.0,0.0,0.00028729,0.0,1,1,2026-07-02,2026-07-02,False,
100000008489922100,coordinator,1.0,8,0.8361,"v0: признаки gather-scatter: входов 3 на 262 тыс. KZT, выходов 36 на 3,8 млн KZT; betweenness 0.0009; достижим от 8 seed",False,3,3,36,262010.0,3789900.0,5,41,262010.0,0.0691,0.0005859,0.00087219,8,15,2026-07-13,2026-07-31,False,
100000008490127100,peripheral,0.3,5,0.561,"v0: признаков роли мало: входов 1 (432 тыс. KZT), выходов 6 (923 тыс. KZT); достижим от 7 seed",False,3,1,6,431755.0,923000.0,2,9,431755.0,0.4678,0.00029956,0.00011532,7,7,2026-07-01,2026-07-20,False,
100000008491390100,terminal,0.5,0,0.161,v0: признаки конечного получателя: входов 1 на 36 тыс. KZT; исходящих в выгрузке 0; достижим от 7 seed,False,3,1,0,36000.0,0.0,1,0,0.0,0.0,0.0002876,0.0,7,1,2026-07-05,2026-07-05,False,
100000008493007100,transit,1.0,1,0.3577,"v0: признаки транзита: вход 26 тыс. KZT, выход 26 тыс. KZT; доля прохода 1.00, входов 1, выходов 1; достижим от 1 seed",False,3,1,1,26150.0,26150.0,1,1,26150.0,1.0,0.00028965,1.39e-06,1,2,2026-07-28,2026-07-29,False,
100000008497298100,terminal,0.5,8,0.4319,v0: признаки конечного получателя: входов 1 на 600 тыс. KZT; исходящих в выгрузке 0; достижим от 1 seed,False,2,1,0,600000.0,0.0,1,0,0.0,0.0,0.00034203,0.0,1,1,2026-07-29,2026-07-29,False,
100000008501413100,transit,0.9,11,0.6092,"v0: признаки транзита: вход 5 тыс. KZT, выход 5 тыс. KZT; доля прохода 0.98, входов 1, выходов 1; достижим от 8 seed",False,3,1,1,5000.0,5100.0,1,1,5000.0,0.9804,0.00036665,2.12e-05,8,2,2026-07-28,2026-07-30,False,
100000008502995100,terminal,0.5,0,0.5856,v0: признаки конечного получателя: входов 1 на 25 тыс. KZT; исходящих в выгрузке 0; достижим от 7 seed,False,3,1,0,25000.0,0.0,2,0,0.0,0.0,0.00072709,0.0,7,2,2026-07-05,2026-07-12,False,
100000008503177100,terminal,0.5,3,0.2495,v0: признаки конечного получателя: входов 1 на 34 тыс. KZT; исходящих в выгрузке 0; достижим от 7 seed,False,3,1,0,33951.0,0.0,1,0,0.0,0.0,0.00029248,0.0,7,1,2026-07-31,2026-07-31,False,
100000008507703100,terminal,0.5,1,0.2128,v0: признаки конечного получателя: входов 1 на 28 тыс. KZT; исходящих в выгрузке 0; достижим от 1 seed,False,3,1,0,28500.0,0.0,1,0,0.0,0.0,0.00029002,0.0,1,1,2026-07-03,2026-07-03,False,
100000008512552100,coordinator,0.6333,16,0.7474,"v0: признаки gather-scatter: входов 4 на 394 тыс. KZT, выходов 6 на 1,3 млн KZT; betweenness 0.0004; достижим от 7 seed",False,2,4,6,394360.0,1302275.0,9,11,394360.0,0.3028,0.00042588,0.00043073,7,11,2026-07-02,2026-07-19,False,
100000008512827100,coordinator,0.75,13,0.6847,"v0: признаки gather-scatter: входов 3 на 108 тыс. KZT, выходов 10 на 1,9 млн KZT; betweenness 0.0001; достижим от 9 seed",False,2,3,10,107949.0,1944500.0,3,10,107949.0,0.0555,0.00033526,0.00013727,9,8,2026-07-18,2026-07-31,False,
100000008513251100,peripheral,0.3,86,0.1066,"v0: переводов в выгрузке нет; глубина 0; seed, входы неполны",True,0,0,0,0.0,0.0,0,0,0.0,0.0,0.00028557,0.0,0,0,,,False,seed_inflow_incomplete;isolated
100000008514970100,peripheral,0.3,3,0.5258,"v0: признаков роли мало: входов 1 (380 тыс. KZT), выходов 1 (31 тыс. KZT); достижим от 1 seed",False,3,1,1,379966.0,31000.0,1,1,31000.0,0.0816,0.00031263,7.9e-07,1,1,2026-07-08,2026-07-08,False,
100000008516839100,consolidator,0.375,19,0.902,"v0: признаки консолидации (fan-in): входов 3 на 155 тыс. KZT; выходов 0 на 0 KZT; достижим от 10 seed; seed, входы неполны",True,0,3,0,155000.0,0.0,4,0,0.0,0.0,0.00106958,0.0,10,2,2026-07-06,2026-07-12,False,seed_inflow_incomplete
100000008517061100,peripheral,0.3,14,0.4857,"v0: признаков роли мало: входов 1 (1,8 млн KZT), выходов 0 (0 KZT); достижим от 7 seed; граница выгрузки (глубина 4)",False,4,1,0,1844000.0,0.0,4,0,0.0,0.0,0.00041306,0.0,7,1,2026-07-16,2026-07-16,True,depth4_boundary
100000008517538100,coordinator,1.0,8,0.6194,"v0: признаки gather-scatter: входов 3 на 156 тыс. KZT, выходов 17 на 1,4 млн KZT; betweenness 0.0002; достижим от 8 seed",False,3,3,17,155500.0,1439000.0,6,18,155500.0,0.1081,0.00030702,0.00024581,8,13,2026-07-14,2026-07-31,False,
100000008522127100,peripheral,0.3,61,0.2317,"v0: признаков роли мало: входов 0 (0 KZT), выходов 1 (145 тыс. KZT); seed, входы неполны",True,0,0,1,0.0,145000.0,0,3,0.0,0.0,0.00028557,0.0,0,3,2026-07-01,2026-07-13,False,seed_inflow_incomplete
100000008524903100,peripheral,0.3,0,0.4179,"v0: признаков роли мало: входов 1 (15 тыс. KZT), выходов 0 (0 KZT); достижим от 7 seed; граница выгрузки (глубина 4)",False,4,1,0,15000.0,0.0,1,0,0.0,0.0,0.00033177,0.0,7,1,2026-07-16,2026-07-16,True,depth4_boundary
100000008525136100,peripheral,0.3,0,0.1797,"v0: признаков роли мало: входов 1 (14 тыс. KZT), выходов 0 (0 KZT); достижим от 7 seed; граница выгрузки (глубина 4)",False,4,1,0,14100.0,0.0,1,0,0.0,0.0,0.00028852,0.0,7,1,2026-07-10,2026-07-10,True,depth4_boundary
100000008531133100,peripheral,0.3,4,0.7536,"v0: признаков роли мало: входов 1 (25 тыс. KZT), выходов 3 (158 тыс. KZT); достижим от 7 seed",False,2,1,3,25000.0,158271.68,1,3,25000.0,0.158,0.00053275,2.335e-05,7,3,2026-07-01,2026-07-05,False,
100000008531186100,terminal,0.5,2,0.4528,v0: признаки конечного получателя: входов 1 на 125 тыс. KZT; исходящих в выгрузке 0; достижим от 9 seed,False,2,1,0,125000.0,0.0,1,0,0.0,0.0,0.00036196,0.0,9,1,2026-07-22,2026-07-22,False,
100000008532050100,terminal,0.5,5,0.3198,v0: признаки конечного получателя: входов 1 на 455 тыс. KZT; исходящих в выгрузке 0; достижим от 7 seed,False,3,1,0,455156.0,0.0,1,0,0.0,0.0,0.00030032,0.0,7,1,2026-07-15,2026-07-15,False,
100000008536546100,terminal,0.5,17,0.5414,v0: признаки конечного получателя: входов 2 на 250 тыс. KZT; исходящих в выгрузке 0; достижим от 8 seed,False,3,2,0,250000.0,0.0,2,0,0.0,0.0,0.00031725,0.0,8,1,2026-07-26,2026-07-26,False,
100000008537380100,terminal,0.5,1,0.1483,v0: признаки конечного получателя: входов 1 на 8 тыс. KZT; исходящих в выгрузке 0; достижим от 1 seed,False,3,1,0,8000.0,0.0,1,0,0.0,0.0,0.00028682,0.0,1,1,2026-07-21,2026-07-21,False,
100000008545727100,peripheral,0.3,7,0.6758,"v0: признаков роли мало: входов 1 (30 тыс. KZT), выходов 6 (1,9 млн KZT); достижим от 9 seed",False,2,1,6,30000.0,1866500.0,1,7,30000.0,0.0161,0.0003387,0.0001342,9,5,2026-07-08,2026-07-21,False,
100000008546855100,consolidator,0.75,18,0.8663,v0: признаки консолидации (fan-in): входов 6 на 72 тыс. KZT; выходов 2 на 10 тыс. KZT; достижим от 7 seed,False,2,6,2,71790.0,10000.0,8,2,10000.0,0.1393,0.00142698,5.885e-05,7,3,2026-07-26,2026-07-28,False,
100000008547295100,terminal,0.5,6,0.5589,v0: признаки конечного получателя: входов 1 на 15 тыс. KZT; исходящих в выгрузке 0; достижим от 1 seed,False,3,1,0,15000.0,0.0,1,0,0.0,0.0,0.00056297,0.0,1,1,2026-07-31,2026-07-31,False,
100000008547844100,coordinator,1.0,9,0.7015,"v0: признаки gather-scatter: входов 3 на 178 тыс. KZT, выходов 19 на 2,0 млн KZT; betweenness 0.0018; достижим от 8 seed",False,2,3,19,177600.0,2042199.0,3,21,177600.0,0.087,0.00034434,0.00178761,8,11,2026-07-12,2026-07-28,False,
100000008547948100,coordinator,1.0,8,0.7602,"v0: признаки gather-scatter: входов 6 на 213 тыс. KZT, выходов 26 на 5,2 млн KZT; betweenness 0.0011; достижим от 8 seed",False,2,6,26,212665.0,5185600.0,7,31,212665.0,0.041,0.0004277,0.00113221,8,13,2026-07-16,2026-07-31,False,
100000008548853100,terminal,0.5,1,0.1631,v0: признаки конечного получателя: входов 1 на 14 тыс. KZT; исходящих в выгрузке 0; достижим от 1 seed,False,3,1,0,14000.0,0.0,1,0,0.0,0.0,0.00028775,0.0,1,1,2026-07-09,2026-07-09,False,
100000008551752100,peripheral,0.3,38,0.4317,"v0: признаков роли мало: входов 1 (406 тыс. KZT), выходов 0 (0 KZT); достижим от 7 seed; граница выгрузки (глубина 4)",False,4,1,0,406000.0,0.0,2,0,0.0,0.0,0.00034156,0.0,7,2,2026-07-21,2026-07-23,True,depth4_boundary
100000008554390100,peripheral,0.3,7,0.2562,"v0: признаков роли мало: входов 1 (14 тыс. KZT), выходов 0 (0 KZT); достижим от 1 seed; граница выгрузки (глубина 4)",False,4,1,0,14000.0,0.0,1,0,0.0,0.0,0.00029306,0.0,1,1,2026-07-24,2026-07-24,True,depth4_boundary
100000008555233100,terminal,0.5,17,0.4532,v0: признаки конечного получателя: входов 1 на 441 тыс. KZT; исходящих в выгрузке 0; достижим от 9 seed,False,3,1,0,440600.0,0.0,1,0,0.0,0.0,0.00036341,0.0,9,1,2026-07-31,2026-07-31,False,
100000008555918100,peripheral,0.3,2,0.5745,"v0: признаков роли мало: входов 1 (139 тыс. KZT), выходов 2 (43 тыс. KZT); достижим от 10 seed",False,1,1,2,139211.0,43300.0,1,2,43300.0,0.311,0.00031344,4.756e-05,10,3,2026-07-06,2026-07-19,False,
100000008556318100,terminal,0.5,2,0.7106,v0: признаки конечного получателя: входов 2 на 180 тыс. KZT; исходящих в выгрузке 0; достижим от 10 seed,False,1,2,0,180132.0,0.0,2,0,0.0,0.0,0.0005605,0.0,10,2,2026-07-14,2026-07-19,False,
100000008557672100,terminal,0.5,1,0.3318,v0: признаки конечного получателя: входов 1 на 49 тыс. KZT; исходящих в выгрузке 0; достижим от 1 seed,False,2,1,0,49125.0,0.0,1,0,0.0,0.0,0.00030225,0.0,1,1,2026-07-02,2026-07-02,False,
100000008560263100,peripheral,0.3,5,0.3761,"v0: признаков роли мало: входов 1 (100 тыс. KZT), выходов 0 (0 KZT); достижим от 7 seed; граница выгрузки (глубина 4)",False,4,1,0,100000.0,0.0,1,0,0.0,0.0,0.00031319,0.0,7,1,2026-07-01,2026-07-01,True,depth4_boundary
100000008560717100,consolidator,0.875,5,0.669,v0: признаки консолидации (fan-in): входов 7 на 529 тыс. KZT; выходов 1 на 25 тыс. KZT; достижим от 7 seed,False,1,7,1,529000.0,25000.0,9,1,25000.0,0.0473,0.00033083,1.922e-05,7,8,2026-07-05,2026-07-30,False,
100000008561016100,transit,0.8611,8,0.4288,"v0: признаки транзита: вход 180 тыс. KZT, выход 185 тыс. KZT; доля прохода 0.97, входов 1, выходов 1; достижим от 9 seed",False,3,1,1,180000.0,185000.0,2,4,180000.0,0.973,0.00029484,2.239e-05,9,2,2026-07-25,2026-07-26,False,
100000008566737100,terminal,0.5,0,0.5921,v0: признаки конечного получателя: входов 2 на 230 тыс. KZT; исходящих в выгрузке 0; достижим от 10 seed,False,1,2,0,230000.0,0.0,2,0,0.0,0.0,0.00034946,0.0,10,1,2026-07-20,2026-07-20,False,
100000008568512100,terminal,0.5,5,0.2433,v0: признаки конечного получателя: входов 1 на 200 тыс. KZT; исходящих в выгрузке 0; достижим от 7 seed,False,3,1,0,199640.0,0.0,1,0,0.0,0.0,0.00029204,0.0,7,1,2026-07-12,2026-07-12,False,
100000008571243100,terminal,0.5,7,0.3494,v0: признаки конечного получателя: входов 1 на 134 тыс. KZT; исходящих в выгрузке 0; достижим от 9 seed,False,3,1,0,134000.0,0.0,1,0,0.0,0.0,0.00030626,0.0,9,1,2026-07-19,2026-07-19,False,
100000008571433100,peripheral,0.3,50,0.9359,"v0: признаков роли мало: входов 2 (350 тыс. KZT), выходов 2 (1,4 млн KZT); seed, входы неполны",True,0,2,2,350000.0,1434000.0,2,3,350000.0,0.2441,0.00162648,9.9e-07,0,4,2026-07-09,2026-07-14,False,seed_inflow_incomplete
100000008571443100,terminal,0.5,12,0.5349,v0: признаки конечного получателя: входов 2 на 65 тыс. KZT; исходящих в выгрузке 0; достижим от 7 seed,False,2,2,0,65000.0,0.0,2,0,0.0,0.0,0.00031475,0.0,7,2,2026-07-10,2026-07-22,False,
100000008575624100,peripheral,0.3,46,0.4292,"v0: признаков роли мало: входов 0 (0 KZT), выходов 3 (90 тыс. KZT); seed, входы неполны",True,0,0,3,0.0,89500.0,0,5,0.0,0.0,0.00028557,0.0,0,4,2026-07-03,2026-07-16,False,seed_inflow_incomplete
100000008576243100,terminal,0.5,0,0.7678,v0: признаки конечного получателя: входов 2 на 83 тыс. KZT; исходящих в выгрузке 0; достижим от 8 seed,False,3,2,0,82920.0,0.0,4,0,0.0,0.0,0.00165157,0.0,8,3,2026-07-08,2026-07-10,False,
100000008576528100,terminal,0.5,5,0.1439,v0: признаки конечного получателя: входов 1 на 28 тыс. KZT; исходящих в выгрузке 0; достижим от 7 seed,False,3,1,0,28000.0,0.0,1,0,0.0,0.0,0.00028648,0.0,7,1,2026-07-26,2026-07-26,False,
100000008579978100,peripheral,0.3,5,0.2987,"v0: признаков роли мало: входов 1 (34 тыс. KZT), выходов 1 (77 тыс. KZT); достижим от 7 seed",False,3,1,1,34000.0,77000.0,1,6,34000.0,0.4416,0.00028667,1.922e-05,7,3,2026-07-18,2026-07-20,False,
100000008582730100,transit,1.0,18,0.7514,"v0: признаки транзита: вход 5 тыс. KZT, выход 5 тыс. KZT; доля прохода 1.00, входов 1, выходов 1; достижим от 7 seed",False,3,1,1,5000.0,5000.0,1,1,5000.0,1.0,0.00089259,0.0,7,1,2026-07-27,2026-07-27,False,
100000008583360100,peripheral,0.3,7,0.5638,"v0: признаков роли мало: входов 1 (113 тыс. KZT), выходов 1 (170 тыс. KZT); достижим от 7 seed",False,3,1,1,112843.0,170000.0,1,1,112843.0,0.6638,0.00032761,1.922e-05,7,2,2026-07-05,2026-07-10,False,
100000008583971100,peripheral,0.3,0,0.5665,"v0: признаков роли мало: входов 2 (51 тыс. KZT), выходов 0 (0 KZT); достижим от 7 seed; граница выгрузки (глубина 4)",False,4,2,0,51000.0,0.0,2,0,0.0,0.0,0.00032972,0.0,7,2,2026-07-23,2026-07-28,True,depth4_boundary
100000008586731100,terminal,0.5,10,0.1603,v0: признаки конечного получателя: входов 1 на 12 тыс. KZT; исходящих в выгрузке 0; достижим от 1 seed,False,1,1,0,12000.0,0.0,1,0,0.0,0.0,0.00028756,0.0,1,1,2026-07-16,2026-07-16,False,
100000008587459100,peripheral,0.3,0,0.5439,"v0: признаков роли мало: входов 2 (182 тыс. KZT), выходов 2 (686 тыс. KZT); достижим от 7 seed",False,2,2,2,181507.0,686500.0,2,4,181507.0,0.2644,0.00030076,1.772e-05,7,5,2026-07-01,2026-07-15,False,
100000008588665100,peripheral,0.3,0,0.4426,"v0: признаков роли мало: входов 1 (25 тыс. KZT), выходов 0 (0 KZT); достижим от 7 seed; граница выгрузки (глубина 4)",False,4,1,0,25000.0,0.0,1,0,0.0,0.0,0.00035249,0.0,7,1,2026-07-05,2026-07-05,True,depth4_boundary
100000008595687100,peripheral,0.3,4,0.4962,"v0: признаков роли мало: входов 1 (64 тыс. KZT), выходов 1 (10 тыс. KZT); достижим от 7 seed",False,3,1,1,64395.0,10400.0,1,1,10400.0,0.1615,0.00030486,0.00030108,7,2,2026-07-11,2026-07-12,False,
100000008596924100,terminal,0.5,6,0.4862,v0: признаки конечного получателя: входов 1 на 100 тыс. KZT; исходящих в выгрузке 0; достижим от 1 seed,False,3,1,0,100000.0,0.0,1,0,0.0,0.0,0.00041602,0.0,1,1,2026-07-31,2026-07-31,False,
100000008598972100,terminal,0.5,3,0.2691,v0: признаки конечного получателя: входов 1 на 120 тыс. KZT; исходящих в выгрузке 0; достижим от 1 seed,False,3,1,0,120000.0,0.0,1,0,0.0,0.0,0.00029412,0.0,1,1,2026-07-06,2026-07-06,False,
100000008599354100,peripheral,0.3,0,0.5701,"v0: признаков роли мало: входов 1 (177 тыс. KZT), выходов 1 (38 тыс. KZT); достижим от 7 seed",False,3,1,1,177000.0,38200.0,1,2,38200.0,0.2158,0.00033174,4.36e-06,7,3,2026-07-10,2026-07-21,False,
100000008601794100,peripheral,0.3,54,0.9207,"v0: признаков роли мало: входов 2 (494 тыс. KZT), выходов 1 (871 тыс. KZT); seed, входы неполны",True,0,2,1,494400.0,871400.0,8,13,494400.0,0.5674,0.00236778,4e-07,0,17,2026-07-01,2026-07-31,False,seed_inflow_incomplete
100000008603331100,peripheral,0.3,9,0.6864,"v0: признаков роли мало: входов 2 (40 тыс. KZT), выходов 6 (742 тыс. KZT); достижим от 7 seed",False,2,2,6,39500.0,741774.0,3,6,39500.0,0.0533,0.00034423,0.00019577,7,6,2026-07-04,2026-07-14,False,
100000008603629100,coordinator,1.0,3,0.8806,"v0: признаки gather-scatter: входов 19 на 1,8 млн KZT, выходов 61 на 5,0 млн KZT; betweenness 0.0058; достижим от 7 seed",False,2,19,61,1817300.0,4986156.0,45,74,1817300.0,0.3645,0.00119181,0.00576053,7,27,2026-07-03,2026-07-31,False,
100000008612257100,terminal,0.5,16,0.1645,v0: признаки конечного получателя: входов 1 на 10 тыс. KZT; исходящих в выгрузке 0; достижим от 7 seed,False,3,1,0,9500.0,0.0,1,0,0.0,0.0,0.00028786,0.0,7,1,2026-07-08,2026-07-08,False,
100000008619159100,peripheral,0.3,62,0.4459,"v0: признаков роли мало: входов 1 (446 тыс. KZT), выходов 0 (0 KZT); достижим от 7 seed; граница выгрузки (глубина 4)",False,4,1,0,446400.0,0.0,2,0,0.0,0.0,0.00035659,0.0,7,1,2026-07-02,2026-07-02,True,depth4_boundary
100000008619857100,peripheral,0.3,0,0.3512,"v0: признаков роли мало: входов 1 (29 тыс. KZT), выходов 2 (13 тыс. KZT); достижим от 7 seed",False,3,1,2,29000.0,13000.0,1,2,13000.0,0.4483,0.0002872,1.76e-06,7,2,2026-07-06,2026-07-26,False,
100000008620570100,peripheral,0.3,3,0.66,"v0: признаков роли мало: входов 2 (145 тыс. KZT), выходов 2 (32 тыс. KZT); достижим от 7 seed",False,3,2,2,145000.0,31800.0,2,2,31800.0,0.2193,0.00034854,3.308e-05,7,3,2026-07-03,2026-07-22,False,
100000008624978100,terminal,0.5,17,0.4259,v0: признаки конечного получателя: входов 1 на 109 тыс. KZT; исходящих в выгрузке 0; достижим от 8 seed,False,2,1,0,109000.0,0.0,1,0,0.0,0.0,0.00033803,0.0,8,1,2026-07-05,2026-07-05,False,
100000008625905100,peripheral,0.3,15,0.7435,"v0: признаков роли мало: входов 1 (198 тыс. KZT), выходов 2 (635 тыс. KZT); достижим от 7 seed",False,3,1,2,197800.0,635000.0,1,2,197800.0,0.3115,0.00054531,3.963e-05,7,2,2026-07-05,2026-07-31,False,
100000008628231100,peripheral,0.3,64,0.4806,"v0: признаков роли мало: входов 1 (50 тыс. KZT), выходов 2 (628 тыс. KZT); достижим от 10 seed",False,1,1,2,50000.0,627870.0,1,19,50000.0,0.0796,0.00029558,4.756e-05,10,7,2026-07-23,2026-07-30,False,
100000008628818100,peripheral,0.3,7,0.3351,"v0: признаков роли мало: входов 1 (46 тыс. KZT), выходов 0 (0 KZT); достижим от 7 seed; граница выгрузки (глубина 4)",False,4,1,0,46310.0,0.0,1,0,0.0,0.0,0.0003029,0.0,7,1,2026-07-28,2026-07-28,True,depth4_boundary
100000008629504100,peripheral,0.3,0,0.3305,"v0: признаков роли мало: входов 1 (20 тыс. KZT), выходов 0 (0 KZT); достижим от 7 seed; граница выгрузки (глубина 4)",False,4,1,0,20000.0,0.0,1,0,0.0,0.0,0.00030201,0.0,7,1,2026-07-16,2026-07-16,True,depth4_boundary
100000008629581100,terminal,0.5,2,0.3847,v0: признаки конечного получателя: входов 1 на 54 тыс. KZT; исходящих в выгрузке 0; достижим от 8 seed,False,2,1,0,54184.0,0.0,1,0,0.0,0.0,0.00031533,0.0,8,1,2026-07-27,2026-07-27,False,
100000008631800100,peripheral,0.3,7,0.2491,"v0: признаков роли мало: входов 1 (13 тыс. KZT), выходов 0 (0 KZT); достижим от 1 seed; граница выгрузки (глубина 4)",False,4,1,0,12850.0,0.0,1,0,0.0,0.0,0.00029245,0.0,1,1,2026-07-28,2026-07-28,True,depth4_boundary
100000008632060100,peripheral,0.3,0,0.4251,"v0: признаков роли мало: входов 1 (6 тыс. KZT), выходов 9 (339 тыс. KZT); достижим от 7 seed",False,3,1,9,6000.0,339200.0,1,12,6000.0,0.0177,0.00028803,0.00053654,7,11,2026-07-01,2026-07-22,False,
100000008633099100,peripheral,0.3,6,0.3937,"v0: признаков роли мало: входов 1 (19 тыс. KZT), выходов 1 (14 тыс. KZT); достижим от 7 seed",False,3,1,1,19468.0,13500.0,1,1,13500.0,0.6934,0.00029196,1.922e-05,7,2,2026-07-06,2026-07-14,False,
100000008634520100,terminal,0.5,9,0.3036,v0: признаки конечного получателя: входов 1 на 90 тыс. KZT; исходящих в выгрузке 0; достижим от 8 seed,False,3,1,0,90000.0,0.0,1,0,0.0,0.0,0.00029848,0.0,8,1,2026-07-16,2026-07-16,False,
100000008636603100,peripheral,0.3,4,0.6804,"v0: признаков роли мало: входов 2 (35 тыс. KZT), выходов 6 (159 тыс. KZT); достижим от 7 seed",False,2,2,6,35460.0,159375.0,2,7,35460.0,0.2225,0.0003387,0.00347457,7,6,2026-07-01,2026-07-30,False,
100000008637537100,consolidator,0.375,9,0.9351,"v0: признаки консолидации (fan-in): входов 3 на 620 тыс. KZT; выходов 3 на 2,4 млн KZT; достижим от 9 seed; seed, входы неполны",True,0,3,3,619890.0,2351495.0,22,30,619890.0,0.2636,0.00082873,7.754e-05,9,15,2026-07-01,2026-07-17,False,seed_inflow_incomplete
100000008638859100,peripheral,0.3,18,0.5424,"v0: признаков роли мало: входов 1 (34 тыс. KZT), выходов 0 (0 KZT); достижим от 9 seed; граница выгрузки (глубина 4)",False,4,1,0,34000.0,0.0,1,0,0.0,0.0,0.00053965,0.0,9,1,2026-07-02,2026-07-02,True,depth4_boundary
100000008647905100,peripheral,0.3,18,0.6103,"v0: признаков роли мало: входов 1 (50 тыс. KZT), выходов 2 (344 тыс. KZT); достижим от 7 seed",False,2,1,2,50000.0,344222.0,1,2,50000.0,0.1453,0.00032871,3.844e-05,7,3,2026-07-08,2026-07-14,False,
100000008648783100,peripheral,0.3,7,0.1766,"v0: признаков роли мало: входов 1 (5 тыс. KZT), выходов 0 (0 KZT); достижим от 1 seed; граница выгрузки (глубина 4)",False,4,1,0,5200.0,0.0,1,0,0.0,0.0,0.00028835,0.0,1,1,2026-07-28,2026-07-28,True,depth4_boundary
100000008649416100,peripheral,0.3,16,0.5347,"v0: признаков роли мало: входов 1 (5 тыс. KZT), выходов 0 (0 KZT); достижим от 7 seed; граница выгрузки (глубина 4)",False,4,1,0,5000.0,0.0,1,0,0.0,0.0,0.00053373,0.0,7,1,2026-07-08,2026-07-08,True,depth4_boundary
100000008650785100,peripheral,0.3,4,0.8917,"v0: признаков роли мало: входов 2 (92 тыс. KZT), выходов 2 (120 тыс. KZT); достижим от 8 seed; seed, входы неполны",True,0,2,2,92000.0,120120.0,2,2,92000.0,0.7659,0.00061252,2.242e-05,8,4,2026-07-05,2026-07-14,False,seed_inflow_incomplete
100000008652094100,terminal,0.5,0,0.1597,v0: признаки конечного получателя: входов 1 на 35 тыс. KZT; исходящих в выгрузке 0; достижим от 7 seed,False,3,1,0,35000.0,0.0,1,0,0.0,0.0,0.00028754,0.0,7,1,2026-07-16,2026-07-16,False,
100000008653041100,terminal,0.5,1,0.2106,v0: признаки конечного получателя: входов 1 на 28 тыс. KZT; исходящих в выгрузке 0; достижим от 1 seed,False,3,1,0,28000.0,0.0,1,0,0.0,0.0,0.00028994,0.0,1,1,2026-07-22,2026-07-22,False,
100000008654653100,peripheral,0.3,4,0.2317,"v0: признаков роли мало: входов 0 (0 KZT), выходов 1 (54 тыс. KZT); seed, входы неполны",True,0,0,1,0.0,54000.0,0,1,0.0,0.0,0.00028557,0.0,0,1,2026-07-11,2026-07-11,False,seed_inflow_incomplete
100000008655035100,terminal,0.5,6,0.5435,v0: признаки конечного получателя: входов 1 на 30 тыс. KZT; исходящих в выгрузке 0; достижим от 2 seed,False,2,1,0,30000.0,0.0,1,0,0.0,0.0,0.00054014,0.0,2,1,2026-07-05,2026-07-05,False,
100000008655779100,peripheral,0.3,27,0.6757,"v0: признаков роли мало: входов 1 (47 тыс. KZT), выходов 2 (25 тыс. KZT); достижим от 7 seed",False,3,1,2,47000.0,24704.0,1,2,24704.0,0.5256,0.00039705,5.921e-05,7,3,2026-07-06,2026-07-30,False,
100000008656043100,terminal,0.5,1,0.2726,v0: признаки конечного получателя: входов 1 на 26 тыс. KZT; исходящих в выгрузке 0; достижим от 1 seed,False,2,1,0,26200.0,0.0,1,0,0.0,0.0,0.00029447,0.0,1,1,2026-07-28,2026-07-28,False,
100000008659445100,consolidator,0.375,40,0.972,"v0: признаки консолидации (fan-in): входов 3 на 138 тыс. KZT; выходов 4 на 875 тыс. KZT; seed, входы неполны",True,0,3,4,138490.0,875150.0,7,18,138490.0,0.1582,0.0024238,9.9e-07,0,15,2026-07-05,2026-07-31,False,seed_inflow_incomplete
100000008659950100,terminal,0.5,9,0.4005,v0: признаки конечного получателя: входов 1 на 246 тыс. KZT; исходящих в выгрузке 0; достижим от 8 seed,False,3,1,0,246000.0,0.0,1,0,0.0,0.0,0.00032087,0.0,8,1,2026-07-13,2026-07-13,False,
100000008661550100,terminal,0.5,1,0.193,v0: признаки конечного получателя: входов 1 на 23 тыс. KZT; исходящих в выгрузке 0; достижим от 1 seed,False,3,1,0,22800.0,0.0,1,0,0.0,0.0,0.00028913,0.0,1,1,2026-07-01,2026-07-01,False,
100000008661585100,terminal,0.5,1,0.274,v0: признаки конечного получателя: входов 1 на 43 тыс. KZT; исходящих в выгрузке 0; достижим от 1 seed,False,1,1,0,43141.0,0.0,1,0,0.0,0.0,0.00029462,0.0,1,1,2026-07-01,2026-07-01,False,
100000008662216100,terminal,0.5,1,0.2065,v0: признаки конечного получателя: входов 1 на 26 тыс. KZT; исходящих в выгрузке 0; достижим от 1 seed,False,3,1,0,26200.0,0.0,1,0,0.0,0.0,0.00028966,0.0,1,1,2026-07-01,2026-07-01,False,
100000008662805100,terminal,0.5,1,0.1701,v0: признаки конечного получателя: входов 1 на 16 тыс. KZT; исходящих в выгрузке 0; достижим от 1 seed,False,3,1,0,16500.0,0.0,1,0,0.0,0.0,0.00028814,0.0,1,1,2026-07-01,2026-07-01,False,
100000008663007100,terminal,0.5,1,0.1791,v0: признаки конечного получателя: входов 1 на 14 тыс. KZT; исходящих в выгрузке 0; достижим от 1 seed,False,1,1,0,14000.0,0.0,1,0,0.0,0.0,0.00028851,0.0,1,1,2026-07-01,2026-07-01,False,
100000008663723100,terminal,0.5,1,0.166,v0: признаки конечного получателя: входов 1 на 16 тыс. KZT; исходящих в выгрузке 0; достижим от 1 seed,False,3,1,0,15600.0,0.0,1,0,0.0,0.0,0.000288,0.0,1,1,2026-07-01,2026-07-01,False,
100000008664469100,terminal,0.5,2,0.2222,v0: признаки конечного получателя: входов 1 на 25 тыс. KZT; исходящих в выгрузке 0; достижим от 10 seed,False,1,1,0,25000.0,0.0,1,0,0.0,0.0,0.00029058,0.0,10,1,2026-07-23,2026-07-23,False,
100000008664774100,terminal,0.5,1,0.1693,v0: признаки конечного получателя: входов 1 на 16 тыс. KZT; исходящих в выгрузке 0; достижим от 1 seed,False,3,1,0,16300.0,0.0,1,0,0.0,0.0,0.00028811,0.0,1,1,2026-07-02,2026-07-02,False,
100000008665380100,peripheral,0.3,0,0.4219,"v0: признаков роли мало: входов 2 (69 тыс. KZT), выходов 1 (18 тыс. KZT); достижим от 7 seed",False,1,2,1,69100.0,18200.0,2,1,18200.0,0.2634,0.00029077,1.922e-05,7,3,2026-07-06,2026-07-09,False,
100000008666075100,terminal,0.5,1,0.2293,v0: признаки конечного получателя: входов 1 на 26 тыс. KZT; исходящих в выгрузке 0; достижим от 1 seed,False,1,1,0,26217.0,0.0,1,0,0.0,0.0,0.00029107,0.0,1,1,2026-07-02,2026-07-02,False,
100000008667058100,terminal,0.5,1,0.1965,v0: признаки конечного получателя: входов 1 на 18 тыс. KZT; исходящих в выгрузке 0; достижим от 1 seed,False,1,1,0,17534.0,0.0,1,0,0.0,0.0,0.00028925,0.0,1,1,2026-07-03,2026-07-03,False,
100000008667795100,terminal,0.5,1,0.2258,v0: признаки конечного получателя: входов 1 на 34 тыс. KZT; исходящих в выгрузке 0; достижим от 1 seed,False,3,1,0,34000.0,0.0,1,0,0.0,0.0,0.00029088,0.0,1,1,2026-07-02,2026-07-02,False,
100000008667799100,terminal,0.5,1,0.2258,v0: признаки конечного получателя: входов 1 на 34 тыс. KZT; исходящих в выгрузке 0; достижим от 1 seed,False,3,1,0,34000.0,0.0,1,0,0.0,0.0,0.00029088,0.0,1,1,2026-07-02,2026-07-02,False,
100000008668099100,terminal,0.5,1,0.1669,v0: признаки конечного получателя: входов 1 на 16 тыс. KZT; исходящих в выгрузке 0; достижим от 1 seed,False,3,1,0,15700.0,0.0,1,0,0.0,0.0,0.00028802,0.0,1,1,2026-07-02,2026-07-02,False,
100000008669037100,peripheral,0.3,87,0.1066,"v0: переводов в выгрузке нет; глубина 0; seed, входы неполны",True,0,0,0,0.0,0.0,0,0,0.0,0.0,0.00028557,0.0,0,0,,,False,seed_inflow_incomplete;isolated
100000008669310100,terminal,0.5,0,0.1908,v0: признаки конечного получателя: входов 1 на 60 тыс. KZT; исходящих в выгрузке 0; достижим от 7 seed,False,3,1,0,59567.0,0.0,2,0,0.0,0.0,0.00028892,0.0,7,2,2026-07-03,2026-07-27,False,
100000008670667100,terminal,0.5,1,0.1878,v0: признаки конечного получателя: входов 1 на 16 тыс. KZT; исходящих в выгрузке 0; достижим от 1 seed,False,1,1,0,15534.0,0.0,1,0,0.0,0.0,0.00028883,0.0,1,1,2026-07-03,2026-07-03,False,
100000008671026100,terminal,0.5,1,0.2205,v0: признаки конечного получателя: входов 1 на 24 тыс. KZT; исходящих в выгрузке 0; достижим от 1 seed,False,1,1,0,23534.0,0.0,1,0,0.0,0.0,0.00029051,0.0,1,1,2026-07-03,2026-07-03,False,
100000008671081100,terminal,0.5,1,0.2351,v0: признаки конечного получателя: входов 1 на 37 тыс. KZT; исходящих в выгрузке 0; достижим от 1 seed,False,3,1,0,37200.0,0.0,1,0,0.0,0.0,0.00029138,0.0,1,1,2026-07-03,2026-07-03,False,
100000008671129100,terminal,0.5,1,0.2065,v0: признаки конечного получателя: входов 1 на 26 тыс. KZT; исходящих в выгрузке 0; достижим от 1 seed,False,3,1,0,26200.0,0.0,1,0,0.0,0.0,0.00028966,0.0,1,1,2026-07-03,2026-07-03,False,
100000008671929100,terminal,0.5,2,0.3214,v0: признаки конечного получателя: входов 1 на 75 тыс. KZT; исходящих в выгрузке 0; достижим от 10 seed,False,1,1,0,75000.0,0.0,2,0,0.0,0.0,0.00030059,0.0,10,2,2026-07-19,2026-07-21,False,
100000008672162100,terminal,0.5,1,0.1883,v0: признаки конечного получателя: входов 1 на 16 тыс. KZT; исходящих в выгрузке 0; достижим от 1 seed,False,1,1,0,15550.0,0.0,1,0,0.0,0.0,0.00028883,0.0,1,1,2026-07-03,2026-07-03,False,
100000008672200100,terminal,0.5,1,0.1568,v0: признаки конечного получателя: входов 1 на 9 тыс. KZT; исходящих в выгрузке 0; достижим от 1 seed,False,1,1,0,8511.0,0.0,1,0,0.0,0.0,0.00028736,0.0,1,1,2026-07-03,2026-07-03,False,
100000008672480100,terminal,0.5,1,0.2118,v0: признаки конечного получателя: входов 1 на 13 тыс. KZT; исходящих в выгрузке 0; достижим от 1 seed,False,2,1,0,13000.0,0.0,1,0,0.0,0.0,0.00028998,0.0,1,1,2026-07-03,2026-07-03,False,
100000008672493100,terminal,0.5,1,0.1631,v0: признаки конечного получателя: входов 1 на 14 тыс. KZT; исходящих в выгрузке 0; достижим от 1 seed,False,3,1,0,14000.0,0.0,1,0,0.0,0.0,0.00028775,0.0,1,1,2026-07-03,2026-07-03,False,
100000008672603100,terminal,0.5,2,0.2971,v0: признаки конечного получателя: входов 1 на 21 тыс. KZT; исходящих в выгрузке 0; достижим от 8 seed,False,2,1,0,21200.0,0.0,1,0,0.0,0.0,0.00029721,0.0,8,1,2026-07-03,2026-07-03,False,
100000008672762100,terminal,0.5,1,0.2118,v0: признаки конечного получателя: входов 1 на 13 тыс. KZT; исходящих в выгрузке 0; достижим от 1 seed,False,2,1,0,13000.0,0.0,1,0,0.0,0.0,0.00028998,0.0,1,1,2026-07-03,2026-07-03,False,
100000008673001100,terminal,0.5,19,0.6042,"v0: признаки конечного получателя: входов 1 на 80 тыс. KZT; исходящих в выгрузке 0; достижим от 1 seed; seed, входы неполны",True,0,1,0,80000.0,0.0,1,0,0.0,0.0,0.00046898,0.0,1,1,2026-07-20,2026-07-20,False,seed_inflow_incomplete
100000008675322100,peripheral,0.3,34,0.3959,"v0: признаков роли мало: входов 1 (340 тыс. KZT), выходов 0 (0 KZT); достижим от 7 seed; граница выгрузки (глубина 4)",False,4,1,0,340000.0,0.0,4,0,0.0,0.0,0.00031935,0.0,7,4,2026-07-09,2026-07-15,True,depth4_boundary
100000008676812100,terminal,0.5,18,0.5055,v0: признаки конечного получателя: входов 1 на 231 тыс. KZT; исходящих в выгрузке 0; достижим от 7 seed,False,3,1,0,230800.0,0.0,1,0,0.0,0.0,0.00047313,0.0,7,1,2026-07-09,2026-07-09,False,
100000008677215100,terminal,0.5,21,0.3425,v0: признаки конечного получателя: входов 1 на 9 тыс. KZT; исходящих в выгрузке 0; достижим от 7 seed,False,3,1,0,9000.0,0.0,1,0,0.0,0.0,0.00030438,0.0,7,1,2026-07-05,2026-07-05,False,
100000008677368100,peripheral,0.3,6,0.536,"v0: признаков роли мало: входов 1 (14 тыс. KZT), выходов 0 (0 KZT); достижим от 7 seed; граница выгрузки (глубина 4)",False,4,1,0,13500.0,0.0,1,0,0.0,0.0,0.00053403,0.0,7,1,2026-07-14,2026-07-14,True,depth4_boundary
100000008677518100,terminal,0.5,1,0.2573,v0: признаки конечного получателя: входов 1 на 49 тыс. KZT; исходящих в выгрузке 0; достижим от 1 seed,False,3,1,0,48700.0,0.0,1,0,0.0,0.0,0.00029317,0.0,1,1,2026-07-05,2026-07-05,False,
100000008679986100,terminal,0.5,1,0.2029,v0: признаки конечного получателя: входов 1 на 19 тыс. KZT; исходящих в выгрузке 0; достижим от 1 seed,False,1,1,0,19000.0,0.0,1,0,0.0,0.0,0.00028956,0.0,1,1,2026-07-06,2026-07-06,False,
100000008680061100,peripheral,0.3,5,0.3663,"v0: признаков роли мало: входов 1 (41 тыс. KZT), выходов 0 (0 KZT); достижим от 7 seed; граница выгрузки (глубина 4)",False,4,1,0,41300.0,0.0,2,0,0.0,0.0,0.00031069,0.0,7,2,2026-07-07,2026-07-09,True,depth4_boundary
100000008680451100,terminal,0.5,1,0.2205,v0: признаки конечного получателя: входов 1 на 24 тыс. KZT; исходящих в выгрузке 0; достижим от 1 seed,False,1,1,0,23534.0,0.0,1,0,0.0,0.0,0.00029051,0.0,1,1,2026-07-06,2026-07-06,False,
100000008680731100,distributor,1.0,10,0.5007,"v0: признаки распределения (fan-out): выходов 27 на 1,5 млн KZT; входов 0 на 0 KZT; seed, входы неполны",True,0,0,27,0.0,1464354.0,0,28,0.0,0.0,0.00028557,0.0,0,6,2026-07-11,2026-07-16,False,seed_inflow_incomplete
100000008680912100,peripheral,0.3,0,0.6893,"v0: признаков роли мало: входов 1 (45 тыс. KZT), выходов 1 (6 тыс. KZT); достижим от 7 seed",False,3,1,1,45112.0,5990.85,2,1,5990.85,0.1328,0.00053518,0.0,7,3,2026-07-06,2026-07-11,False,
100000008682426100,terminal,0.5,14,0.2319,v0: признаки конечного получателя: входов 1 на 20 тыс. KZT; исходящих в выгрузке 0; достижим от 7 seed,False,3,1,0,20000.0,0.0,1,0,0.0,0.0,0.00029122,0.0,7,1,2026-07-18,2026-07-18,False,
100000008683818100,terminal,0.5,1,0.2366,v0: признаки конечного получателя: входов 1 на 17 тыс. KZT; исходящих в выгрузке 0; достижим от 1 seed,False,2,1,0,17400.0,0.0,1,0,0.0,0.0,0.00029148,0.0,1,1,2026-07-07,2026-07-07,False,
100000008684452100,terminal,0.5,1,0.264,v0: признаки конечного получателя: входов 1 на 52 тыс. KZT; исходящих в выгрузке 0; достижим от 1 seed,False,3,1,0,51800.0,0.0,1,0,0.0,0.0,0.00029365,0.0,1,1,2026-07-08,2026-07-08,False,
100000008684767100,terminal,0.5,1,0.2185,v0: признаки конечного получателя: входов 1 на 31 тыс. KZT; исходящих в выгрузке 0; достижим от 1 seed,False,3,1,0,31100.0,0.0,1,0,0.0,0.0,0.00029042,0.0,1,1,2026-07-07,2026-07-07,False,
100000008684951100,terminal,0.5,1,0.1723,v0: признаки конечного получателя: входов 1 на 17 тыс. KZT; исходящих в выгрузке 0; достижим от 1 seed,False,3,1,0,17200.0,0.0,1,0,0.0,0.0,0.00028825,0.0,1,1,2026-07-07,2026-07-07,False,
100000008686214100,terminal,0.5,3,0.3002,v0: признаки конечного получателя: входов 1 на 25 тыс. KZT; исходящих в выгрузке 0; достижим от 7 seed,False,3,1,0,25000.0,0.0,1,0,0.0,0.0,0.00029773,0.0,7,1,2026-07-22,2026-07-22,False,
100000008686234100,terminal,0.5,0,0.2555,v0: признаки конечного получателя: входов 1 на 40 тыс. KZT; исходящих в выгрузке 0; достижим от 7 seed,False,1,1,0,39778.0,0.0,1,0,0.0,0.0,0.00029303,0.0,7,1,2026-07-08,2026-07-08,False,
100000008686247100,peripheral,0.3,22,0.5309,"v0: признаков роли мало: входов 1 (22 тыс. KZT), выходов 1 (5 тыс. KZT); достижим от 1 seed",False,3,1,1,22000.0,5000.0,2,1,5000.0,0.2273,0.00031367,0.0,1,3,2026-07-15,2026-07-27,False,
100000008686313100,coordinator,0.85,0,0.7658,"v0: признаки gather-scatter: входов 6 на 1,9 млн KZT, выходов 7 на 334 тыс. KZT; betweenness 0.0020; достижим от 7 seed",False,1,6,7,1912716.0,333800.0,16,13,333800.0,0.1745,0.00046763,0.00198483,7,20,2026-07-09,2026-07-31,False,
100000008686494100,terminal,0.5,1,0.1669,v0: признаки конечного получателя: входов 1 на 16 тыс. KZT; исходящих в выгрузке 0; достижим от 1 seed,False,3,1,0,15700.0,0.0,1,0,0.0,0.0,0.00028802,0.0,1,1,2026-07-08,2026-07-08,False,
100000008687492100,terminal,0.5,1,0.2228,v0: признаки конечного получателя: входов 1 на 15 тыс. KZT; исходящих в выгрузке 0; достижим от 1 seed,False,2,1,0,15000.0,0.0,1,0,0.0,0.0,0.00029066,0.0,1,1,2026-07-08,2026-07-08,False,
100000008687617100,terminal,0.5,1,0.2477,v0: признаки конечного получателя: входов 1 на 43 тыс. KZT; исходящих в выгрузке 0; достижим от 1 seed,False,3,1,0,43350.0,0.0,2,0,0.0,0.0,0.00029234,0.0,1,2,2026-07-08,2026-07-15,False,
100000008687671100,terminal,0.5,1,0.2609,v0: признаки конечного получателя: входов 1 на 38 тыс. KZT; исходящих в выгрузке 0; достижим от 1 seed,False,1,1,0,37500.0,0.0,1,0,0.0,0.0,0.00029344,0.0,1,1,2026-07-09,2026-07-09,False,
100000008687733100,terminal,0.5,1,0.1643,v0: признаки конечного получателя: входов 1 на 15 тыс. KZT; исходящих в выгрузке 0; достижим от 1 seed,False,3,1,0,14650.0,0.0,1,0,0.0,0.0,0.00028786,0.0,1,1,2026-07-08,2026-07-08,False,
100000008687990100,terminal,0.5,1,0.1746,v0: признаки конечного получателя: входов 1 на 18 тыс. KZT; исходящих в выгрузке 0; достижим от 1 seed,False,3,1,0,17600.0,0.0,1,0,0.0,0.0,0.00028832,0.0,1,1,2026-07-08,2026-07-08,False,
100000008688109100,terminal,0.5,1,0.1605,v0: признаки конечного получателя: входов 1 на 13 тыс. KZT; исходящих в выгрузке 0; достижим от 1 seed,False,3,1,0,12800.0,0.0,1,0,0.0,0.0,0.00028757,0.0,1,1,2026-07-08,2026-07-08,False,
100000008688155100,terminal,0.5,1,0.1971,v0: признаки конечного получателя: входов 1 на 24 тыс. KZT; исходящих в выгрузке 0; достижим от 1 seed,False,3,1,0,23600.0,0.0,1,0,0.0,0.0,0.00028925,0.0,1,1,2026-07-08,2026-07-08,False,
100000008688476100,terminal,0.5,1,0.2651,v0: признаки конечного получателя: входов 1 на 24 тыс. KZT; исходящих в выгрузке 0; достижим от 1 seed,False,2,1,0,24000.0,0.0,1,0,0.0,0.0,0.00029372,0.0,1,1,2026-07-08,2026-07-08,False,
100000008688881100,terminal,0.5,1,0.3211,v0: признаки конечного получателя: входов 1 на 44 тыс. KZT; исходящих в выгрузке 0; достижим от 1 seed,False,2,1,0,44211.0,0.0,1,0,0.0,0.0,0.00030058,0.0,1,1,2026-07-08,2026-07-08,False,
100000008690762100,terminal,0.5,1,0.2079,v0: признаки конечного получателя: входов 1 на 27 тыс. KZT; исходящих в выгрузке 0; достижим от 1 seed,False,3,1,0,26750.0,0.0,1,0,0.0,0.0,0.00028974,0.0,1,1,2026-07-09,2026-07-09,False,
100000008690932100,terminal,0.5,1,0.2179,v0: признаки конечного получателя: входов 1 на 23 тыс. KZT; исходящих в выгрузке 0; достижим от 1 seed,False,1,1,0,23000.0,0.0,1,0,0.0,0.0,0.0002904,0.0,1,1,2026-07-09,2026-07-09,False,
100000008691027100,terminal,0.5,1,0.1965,v0: признаки конечного получателя: входов 1 на 18 тыс. KZT; исходящих в выгрузке 0; достижим от 1 seed,False,1,1,0,17534.0,0.0,1,0,0.0,0.0,0.00028925,0.0,1,1,2026-07-09,2026-07-09,False,
100000008691168100,terminal,0.5,1,0.2651,v0: признаки конечного получателя: входов 1 на 24 тыс. KZT; исходящих в выгрузке 0; достижим от 1 seed,False,2,1,0,24000.0,0.0,1,0,0.0,0.0,0.00029372,0.0,1,1,2026-07-09,2026-07-09,False,
100000008691330100,terminal,0.5,1,0.2135,v0: признаки конечного получателя: входов 1 на 21 тыс. KZT; исходящих в выгрузке 0; достижим от 1 seed,False,1,1,0,21440.0,0.0,1,0,0.0,0.0,0.00029007,0.0,1,1,2026-07-09,2026-07-09,False,
100000008691495100,terminal,0.5,1,0.2324,v0: признаки конечного получателя: входов 1 на 27 тыс. KZT; исходящих в выгрузке 0; достижим от 1 seed,False,1,1,0,27000.0,0.0,1,0,0.0,0.0,0.00029124,0.0,1,1,2026-07-09,2026-07-09,False,
100000008692291100,consolidator,0.375,9,0.5984,v0: признаки консолидации (fan-in): входов 3 на 160 тыс. KZT; выходов 3 на 156 тыс. KZT; достижим от 8 seed,False,3,3,3,160000.0,156000.0,3,3,156000.0,0.975,0.00030785,6.42e-05,8,5,2026-07-14,2026-07-30,False,
100000008693069100,terminal,0.5,1,0.2084,v0: признаки конечного получателя: входов 1 на 20 тыс. KZT; исходящих в выгрузке 0; достижим от 1 seed,False,1,1,0,20000.0,0.0,1,0,0.0,0.0,0.00028977,0.0,1,1,2026-07-09,2026-07-09,False,
100000008695133100,terminal,0.5,1,0.2339,v0: признаки конечного получателя: входов 1 на 37 тыс. KZT; исходящих в выгрузке 0; достижим от 1 seed,False,3,1,0,36610.0,0.0,1,0,0.0,0.0,0.00029128,0.0,1,1,2026-07-10,2026-07-10,False,
100000008695157100,peripheral,0.3,3,0.514,"v0: признаков роли мало: входов 1 (426 тыс. KZT), выходов 0 (0 KZT); достижим от 7 seed; граница выгрузки (глубина 4)",False,4,1,0,425546.0,0.0,3,0,0.0,0.0,0.00049752,0.0,7,3,2026-07-10,2026-07-30,True,depth4_boundary
100000008695495100,terminal,0.5,1,0.2114,v0: признаки конечного получателя: входов 1 на 21 тыс. KZT; исходящих в выгрузке 0; достижим от 1 seed,False,1,1,0,21000.0,0.0,1,0,0.0,0.0,0.00028998,0.0,1,1,2026-07-10,2026-07-10,False,
100000008695566100,terminal,0.5,1,0.2248,v0: признаки конечного получателя: входов 1 на 34 тыс. KZT; исходящих в выгрузке 0; достижим от 1 seed,False,3,1,0,33700.0,0.0,1,0,0.0,0.0,0.00029083,0.0,1,1,2026-07-10,2026-07-10,False,
100000008695689100,terminal,0.5,1,0.2065,v0: признаки конечного получателя: входов 1 на 26 тыс. KZT; исходящих в выгрузке 0; достижим от 1 seed,False,3,1,0,26200.0,0.0,1,0,0.0,0.0,0.00028966,0.0,1,1,2026-07-10,2026-07-10,False,
100000008696692100,terminal,0.5,1,0.2428,v0: признаки конечного получателя: входов 1 на 19 тыс. KZT; исходящих в выгрузке 0; достижим от 1 seed,False,2,1,0,19000.0,0.0,1,0,0.0,0.0,0.00029202,0.0,1,1,2026-07-10,2026-07-10,False,
100000008696919100,terminal,0.5,1,0.2471,v0: признаки конечного получателя: входов 1 на 32 тыс. KZT; исходящих в выгрузке 0; достижим от 1 seed,False,1,1,0,31945.0,0.0,1,0,0.0,0.0,0.00029227,0.0,1,1,2026-07-10,2026-07-10,False,
100000008697670100,terminal,0.5,1,0.2026,v0: признаки конечного получателя: входов 1 на 25 тыс. KZT; исходящих в выгрузке 0; достижим от 1 seed,False,3,1,0,25350.0,0.0,1,0,0.0,0.0,0.00028953,0.0,1,1,2026-07-10,2026-07-10,False,
100000008699083100,peripheral,0.3,13,0.35,"v0: признаков роли мало: входов 1 (238 тыс. KZT), выходов 0 (0 KZT); достижим от 8 seed; граница выгрузки (глубина 4)",False,4,1,0,238500.0,0.0,1,0,0.0,0.0,0.0003064,0.0,8,1,2026-07-30,2026-07-30,True,depth4_boundary
100000008701222100,peripheral,0.3,88,0.1066,"v0: переводов в выгрузке нет; глубина 0; seed, входы неполны",True,0,0,0,0.0,0.0,0,0,0.0,0.0,0.00028557,0.0,0,0,,,False,seed_inflow_incomplete;isolated
100000008701256100,terminal,0.5,0,0.3407,v0: признаки конечного получателя: входов 1 на 58 тыс. KZT; исходящих в выгрузке 0; достижим от 7 seed,False,2,1,0,58250.0,0.0,1,0,0.0,0.0,0.00030374,0.0,7,1,2026-07-24,2026-07-24,False,
100000008701944100,terminal,0.5,58,0.4848,v0: признаки конечного получателя: входов 1 на 52 тыс. KZT; исходящих в выгрузке 0; достижим от 2 seed,False,1,1,0,52124.0,0.0,1,0,0.0,0.0,0.00041152,0.0,2,1,2026-07-12,2026-07-12,False,
100000008703533100,peripheral,0.3,9,0.2827,"v0: признаков роли мало: входов 1 (75 тыс. KZT), выходов 0 (0 KZT); достижим от 8 seed; граница выгрузки (глубина 4)",False,4,1,0,75000.0,0.0,1,0,0.0,0.0,0.00029553,0.0,8,1,2026-07-16,2026-07-16,True,depth4_boundary
100000008706846100,terminal,0.5,1,0.1634,v0: признаки конечного получателя: входов 1 на 14 тыс. KZT; исходящих в выгрузке 0; достижим от 1 seed,False,3,1,0,14200.0,0.0,1,0,0.0,0.0,0.00028779,0.0,1,1,2026-07-13,2026-07-13,False,
100000008706947100,terminal,0.5,1,0.1723,v0: признаки конечного получателя: входов 1 на 17 тыс. KZT; исходящих в выгрузке 0; достижим от 1 seed,False,3,1,0,17200.0,0.0,1,0,0.0,0.0,0.00028825,0.0,1,1,2026-07-13,2026-07-13,False,
100000008707810100,terminal,0.5,1,0.2065,v0: признаки конечного получателя: входов 1 на 26 тыс. KZT; исходящих в выгрузке 0; достижим от 1 seed,False,3,1,0,26200.0,0.0,1,0,0.0,0.0,0.00028966,0.0,1,1,2026-07-13,2026-07-13,False,
100000008708025100,terminal,0.5,27,0.3604,v0: признаки конечного получателя: входов 1 на 10 тыс. KZT; исходящих в выгрузке 0; достижим от 7 seed,False,3,1,0,10000.0,0.0,1,0,0.0,0.0,0.00030929,0.0,7,1,2026-07-25,2026-07-25,False,
100000008708061100,terminal,0.5,1,0.151,v0: признаки конечного получателя: входов 1 на 9 тыс. KZT; исходящих в выгрузке 0; достижим от 1 seed,False,3,1,0,8650.0,0.0,1,0,0.0,0.0,0.00028692,0.0,1,1,2026-07-13,2026-07-13,False,
100000008708207100,terminal,0.5,8,0.6025,v0: признаки конечного получателя: входов 2 на 465 тыс. KZT; исходящих в выгрузке 0; достижим от 9 seed,False,3,2,0,465000.0,0.0,2,0,0.0,0.0,0.00035979,0.0,9,1,2026-07-31,2026-07-31,False,
100000008708368100,terminal,0.5,1,0.2216,v0: признаки конечного получателя: входов 1 на 24 тыс. KZT; исходящих в выгрузке 0; достижим от 1 seed,False,1,1,0,23677.0,0.0,1,0,0.0,0.0,0.00029054,0.0,1,1,2026-07-13,2026-07-13,False,
100000008708595100,terminal,0.5,1,0.1723,v0: признаки конечного получателя: входов 1 на 17 тыс. KZT; исходящих в выгрузке 0; достижим от 1 seed,False,3,1,0,17200.0,0.0,1,0,0.0,0.0,0.00028825,0.0,1,1,2026-07-13,2026-07-13,False,
100000008708743100,terminal,0.5,1,0.1657,v0: признаки конечного получателя: входов 1 на 16 тыс. KZT; исходящих в выгрузке 0; достижим от 1 seed,False,3,1,0,15550.0,0.0,1,0,0.0,0.0,0.000288,0.0,1,1,2026-07-13,2026-07-13,False,
100000008710791100,coordinator,1.0,8,0.6899,"v0: признаки gather-scatter: входов 3 на 182 тыс. KZT, выходов 23 на 5,5 млн KZT; betweenness 0.0003; достижим от 9 seed",False,2,3,23,181510.0,5521511.0,3,25,181510.0,0.0329,0.00033426,0.00031461,9,10,2026-07-16,2026-07-31,False,
100000008710843100,distributor,0.52,17,0.5176,"v0: признаки распределения (fan-out): выходов 13 на 2,0 млн KZT; входов 2 на 34 тыс. KZT; достижим от 8 seed",False,2,2,13,33944.0,1985500.0,3,14,33944.0,0.0171,0.00029288,0.00123575,8,12,2026-07-14,2026-07-31,False,
100000008710913100,peripheral,0.3,8,0.169,"v0: признаков роли мало: входов 1 (14 тыс. KZT), выходов 0 (0 KZT); достижим от 8 seed; граница выгрузки (глубина 4)",False,4,1,0,14000.0,0.0,1,0,0.0,0.0,0.00028811,0.0,8,1,2026-07-16,2026-07-16,True,depth4_boundary
100000008712036100,terminal,0.5,1,0.189,v0: признаки конечного получателя: входов 1 на 21 тыс. KZT; исходящих в выгрузке 0; достижим от 1 seed,False,3,1,0,21000.0,0.0,1,0,0.0,0.0,0.00028885,0.0,1,1,2026-07-14,2026-07-14,False,
100000008712184100,terminal,0.5,1,0.177,v0: признаки конечного получателя: входов 1 на 18 тыс. KZT; исходящих в выгрузке 0; достижим от 1 seed,False,3,1,0,18000.0,0.0,1,0,0.0,0.0,0.00028838,0.0,1,1,2026-07-14,2026-07-14,False,
100000008712827100,terminal,0.5,1,0.2987,v0: признаки конечного получателя: входов 1 на 76 тыс. KZT; исходящих в выгрузке 0; достижим от 1 seed,False,3,1,0,76000.0,0.0,1,0,0.0,0.0,0.00029743,0.0,1,1,2026-07-14,2026-07-14,False,
100000008712991100,terminal,0.5,1,0.286,v0: признаки конечного получателя: входов 1 на 66 тыс. KZT; исходящих в выгрузке 0; достижим от 1 seed,False,3,1,0,66100.0,0.0,1,0,0.0,0.0,0.00029589,0.0,1,1,2026-07-14,2026-07-14,False,
100000008713270100,peripheral,0.3,6,0.4538,"v0: признаков роли мало: входов 1 (30 тыс. KZT), выходов 3 (190 тыс. KZT); достижим от 1 seed",False,2,1,3,30000.0,190000.0,1,3,30000.0,0.1579,0.00029126,1.19e-06,1,3,2026-07-22,2026-07-31,False,
100000008713685100,terminal,0.5,1,0.2595,v0: признаки конечного получателя: входов 1 на 50 тыс. KZT; исходящих в выгрузке 0; достижим от 1 seed,False,3,1,0,49700.0,0.0,1,0,0.0,0.0,0.00029333,0.0,1,1,2026-07-14,2026-07-14,False,
100000008714412100,terminal,0.5,7,0.3696,v0: признаки конечного получателя: входов 1 на 169 тыс. KZT; исходящих в выгрузке 0; достижим от 9 seed,False,3,1,0,169000.0,0.0,1,0,0.0,0.0,0.00031167,0.0,9,1,2026-07-16,2026-07-16,False,
100000008715513100,peripheral,0.3,7,0.3356,"v0: признаков роли мало: входов 1 (32 тыс. KZT), выходов 0 (0 KZT); достижим от 1 seed; граница выгрузки (глубина 4)",False,4,1,0,32500.0,0.0,1,0,0.0,0.0,0.00030296,0.0,1,1,2026-07-31,2026-07-31,True,depth4_boundary
100000008715887100,terminal,0.5,1,0.177,v0: признаки конечного получателя: входов 1 на 18 тыс. KZT; исходящих в выгрузке 0; достижим от 1 seed,False,3,1,0,18000.0,0.0,1,0,0.0,0.0,0.00028838,0.0,1,1,2026-07-15,2026-07-15,False,
100000008716072100,terminal,0.5,1,0.1583,v0: признаки конечного получателя: входов 1 на 12 тыс. KZT; исходящих в выгрузке 0; достижим от 1 seed,False,3,1,0,12100.0,0.0,1,0,0.0,0.0,0.00028746,0.0,1,1,2026-07-15,2026-07-15,False,
100000008716222100,terminal,0.5,1,0.1997,v0: признаки конечного получателя: входов 1 на 18 тыс. KZT; исходящих в выгрузке 0; достижим от 1 seed,False,1,1,0,18000.0,0.0,1,0,0.0,0.0,0.00028935,0.0,1,1,2026-07-15,2026-07-15,False,
100000008716439100,terminal,0.5,1,0.1699,v0: признаки конечного получателя: входов 1 на 12 тыс. KZT; исходящих в выгрузке 0; достижим от 1 seed,False,1,1,0,12267.0,0.0,1,0,0.0,0.0,0.00028814,0.0,1,1,2026-07-15,2026-07-15,False,
100000008716773100,terminal,0.5,1,0.1898,v0: признаки конечного получателя: входов 1 на 16 тыс. KZT; исходящих в выгрузке 0; достижим от 1 seed,False,1,1,0,15677.0,0.0,1,0,0.0,0.0,0.00028886,0.0,1,1,2026-07-15,2026-07-15,False,
100000008717340100,terminal,0.5,1,0.2702,v0: признаки конечного получателя: входов 1 на 42 тыс. KZT; исходящих в выгрузке 0; достижим от 1 seed,False,1,1,0,41500.0,0.0,1,0,0.0,0.0,0.00029428,0.0,1,1,2026-07-15,2026-07-15,False,
100000008717341100,terminal,0.5,1,0.1819,v0: признаки конечного получателя: входов 1 на 15 тыс. KZT; исходящих в выгрузке 0; достижим от 1 seed,False,1,1,0,14627.0,0.0,1,0,0.0,0.0,0.00028864,0.0,1,1,2026-07-15,2026-07-15,False,
100000008717375100,terminal,0.5,2,0.3296,v0: признаки конечного получателя: входов 1 на 30 тыс. KZT; исходящих в выгрузке 0; достижим от 8 seed,False,2,1,0,29506.0,0.0,1,0,0.0,0.0,0.00030177,0.0,8,1,2026-07-24,2026-07-24,False,
100000008717802100,terminal,0.5,1,0.2052,v0: признаки конечного получателя: входов 1 на 26 тыс. KZT; исходящих в выгрузке 0; достижим от 1 seed,False,3,1,0,26150.0,0.0,1,0,0.0,0.0,0.00028965,0.0,1,1,2026-07-15,2026-07-15,False,
100000008718089100,terminal,0.5,1,0.1878,v0: признаки конечного получателя: входов 1 на 16 тыс. KZT; исходящих в выгрузке 0; достижим от 1 seed,False,1,1,0,15534.0,0.0,1,0,0.0,0.0,0.00028883,0.0,1,1,2026-07-15,2026-07-15,False,
100000008718811100,terminal,0.5,1,0.2951,v0: признаки конечного получателя: входов 1 на 73 тыс. KZT; исходящих в выгрузке 0; достижим от 1 seed,False,3,1,0,73300.0,0.0,1,0,0.0,0.0,0.00029701,0.0,1,1,2026-07-15,2026-07-15,False,
100000008720668100,terminal,0.5,1,0.1678,v0: признаки конечного получателя: входов 1 на 16 тыс. KZT; исходящих в выгрузке 0; достижим от 1 seed,False,3,1,0,16000.0,0.0,1,0,0.0,0.0,0.00028807,0.0,1,1,2026-07-16,2026-07-16,False,
100000008720798100,terminal,0.5,1,0.1878,v0: признаки конечного получателя: входов 1 на 16 тыс. KZT; исходящих в выгрузке 0; достижим от 1 seed,False,1,1,0,15534.0,0.0,1,0,0.0,0.0,0.00028883,0.0,1,1,2026-07-20,2026-07-20,False,
100000008720856100,peripheral,0.3,5,0.548,"v0: признаков роли мало: входов 1 (18 тыс. KZT), выходов 1 (46 тыс. KZT); достижим от 7 seed",False,3,1,1,18105.0,46000.0,1,2,18105.0,0.3936,0.00031933,1.962e-05,7,3,2026-07-19,2026-07-30,False,
100000008721637100,peripheral,0.3,6,0.4172,"v0: признаков роли мало: входов 1 (24 тыс. KZT), выходов 2 (127 тыс. KZT); достижим от 7 seed",False,3,1,2,24041.0,127000.0,1,2,24041.0,0.1893,0.00029046,7.331e-05,7,2,2026-07-18,2026-07-22,False,
100000008722328100,terminal,0.5,1,0.2216,v0: признаки конечного получателя: входов 1 на 24 тыс. KZT; исходящих в выгрузке 0; достижим от 1 seed,False,1,1,0,23677.0,0.0,1,0,0.0,0.0,0.00029054,0.0,1,1,2026-07-16,2026-07-16,False,
100000008722417100,peripheral,0.3,5,0.5103,"v0: признаков роли мало: входов 1 (332 тыс. KZT), выходов 3 (720 тыс. KZT); достижим от 7 seed",False,3,1,3,331900.0,720000.0,1,6,331900.0,0.461,0.00029633,5.766e-05,7,6,2026-07-16,2026-07-31,False,
100000008722541100,peripheral,0.3,5,0.4675,"v0: признаков роли мало: входов 1 (280 тыс. KZT), выходов 0 (0 KZT); достижим от 7 seed; граница выгрузки (глубина 4)",False,4,1,0,280000.0,0.0,4,0,0.0,0.0,0.00038364,0.0,7,4,2026-07-19,2026-07-31,True,depth4_boundary
100000008723830100,transit,0.948,4,0.6274,"v0: признаки транзита: вход 460 тыс. KZT, выход 455 тыс. KZT; доля прохода 0.99, входов 2, выходов 1; достижим от 7 seed",False,1,2,1,459785.0,455000.0,2,1,455000.0,0.9896,0.00034023,1.962e-05,7,3,2026-07-16,2026-07-18,False,
100000008724279100,terminal,0.5,4,0.1488,v0: признаки конечного получателя: входов 1 на 12 тыс. KZT; исходящих в выгрузке 0; достижим от 7 seed,False,1,1,0,11750.0,0.0,1,0,0.0,0.0,0.00028683,0.0,7,1,2026-07-20,2026-07-20,False,
100000008724461100,peripheral,0.3,8,0.3759,"v0: признаков роли мало: входов 1 (100 тыс. KZT), выходов 1 (130 тыс. KZT); достижим от 9 seed",False,3,1,1,100111.0,130000.0,1,1,100111.0,0.7701,0.00029073,2.239e-05,9,1,2026-07-21,2026-07-21,False,
100000008727982100,peripheral,0.3,26,0.5191,"v0: признаков роли мало: входов 1 (30 тыс. KZT), выходов 0 (0 KZT); достижим от 1 seed; граница выгрузки (глубина 4)",False,4,1,0,30000.0,0.0,2,0,0.0,0.0,0.00051385,0.0,1,1,2026-07-31,2026-07-31,True,depth4_boundary
100000008728457100,terminal,0.5,11,0.2484,v0: признаки конечного получателя: входов 1 на 45 тыс. KZT; исходящих в выгрузке 0; достижим от 8 seed,False,1,1,0,45000.0,0.0,1,0,0.0,0.0,0.00029239,0.0,8,1,2026-07-20,2026-07-20,False,
100000008729597100,terminal,0.5,3,0.3331,v0: признаки конечного получателя: входов 1 на 83 тыс. KZT; исходящих в выгрузке 0; достижим от 7 seed,False,3,1,0,83090.0,0.0,1,0,0.0,0.0,0.00030247,0.0,7,1,2026-07-18,2026-07-18,False,
100000008729801100,terminal,0.5,1,0.1965,v0: признаки конечного получателя: входов 1 на 18 тыс. KZT; исходящих в выгрузке 0; достижим от 1 seed,False,1,1,0,17534.0,0.0,1,0,0.0,0.0,0.00028925,0.0,1,1,2026-07-18,2026-07-18,False,
100000008730021100,terminal,0.5,58,0.5037,v0: признаки конечного получателя: входов 1 на 76 тыс. KZT; исходящих в выгрузке 0; достижим от 2 seed,False,1,1,0,75555.0,0.0,3,0,0.0,0.0,0.00046814,0.0,2,2,2026-07-20,2026-07-23,False,
100000008730238100,peripheral,0.3,9,0.5591,"v0: признаков роли мало: входов 1 (113 тыс. KZT), выходов 0 (0 KZT); достижим от 8 seed; граница выгрузки (глубина 4)",False,4,1,0,113000.0,0.0,1,0,0.0,0.0,0.00056324,0.0,8,1,2026-07-18,2026-07-18,True,depth4_boundary
100000008730371100,terminal,0.5,0,0.7476,v0: признаки конечного получателя: входов 2 на 520 тыс. KZT; исходящих в выгрузке 0; достижим от 7 seed,False,3,2,0,520000.0,0.0,3,0,0.0,0.0,0.00085836,0.0,7,3,2026-07-18,2026-07-31,False,
100000008730846100,consolidator,0.875,11,0.7957,v0: признаки консолидации (fan-in): входов 7 на 155 тыс. KZT; выходов 3 на 363 тыс. KZT; достижим от 8 seed,False,2,7,3,155042.0,363370.0,11,4,155042.0,0.4267,0.00053606,0.00014091,8,4,2026-07-19,2026-07-22,False,
100000008731444100,coordinator,0.7,0,0.7046,"v0: признаки gather-scatter: входов 3 на 439 тыс. KZT, выходов 9 на 880 тыс. KZT; betweenness 0.0001; достижим от 7 seed",False,2,3,9,439000.0,879767.8,5,9,439000.0,0.499,0.00035336,0.00012412,7,8,2026-07-20,2026-07-31,False,
100000008732098100,terminal,0.5,1,0.1898,v0: признаки конечного получателя: входов 1 на 16 тыс. KZT; исходящих в выгрузке 0; достижим от 1 seed,False,1,1,0,15677.0,0.0,1,0,0.0,0.0,0.00028886,0.0,1,1,2026-07-18,2026-07-18,False,
100000008732488100,peripheral,0.3,3,0.5291,"v0: признаков роли мало: входов 1 (137 тыс. KZT), выходов 1 (10 тыс. KZT); достижим от 7 seed",False,3,1,1,137000.0,10000.0,1,1,10000.0,0.073,0.00031344,1.922e-05,7,1,2026-07-27,2026-07-27,False,
100000008733049100,terminal,0.5,15,0.1853,v0: признаки конечного получателя: входов 1 на 10 тыс. KZT; исходящих в выгрузке 0; достижим от 7 seed,False,2,1,0,10000.0,0.0,1,0,0.0,0.0,0.00028875,0.0,7,1,2026-07-23,2026-07-23,False,
100000008733194100,coordinator,0.7333,12,0.7666,"v0: признаки gather-scatter: входов 4 на 251 тыс. KZT, выходов 8 на 160 тыс. KZT; betweenness 0.0002; достижим от 7 seed",False,2,4,8,251424.0,159695.0,4,8,159695.0,0.6352,0.00047073,0.00020045,7,6,2026-07-19,2026-07-28,False,
100000008734279100,peripheral,0.3,3,0.3271,"v0: признаков роли мало: входов 1 (32 тыс. KZT), выходов 0 (0 KZT); достижим от 7 seed; граница выгрузки (глубина 4)",False,4,1,0,31650.0,0.0,1,0,0.0,0.0,0.00030133,0.0,7,1,2026-07-23,2026-07-23,True,depth4_boundary
100000008734364100,terminal,0.5,1,0.2726,v0: признаки конечного получателя: входов 1 на 26 тыс. KZT; исходящих в выгрузке 0; достижим от 1 seed,False,2,1,0,26200.0,0.0,1,0,0.0,0.0,0.00029447,0.0,1,1,2026-07-20,2026-07-20,False,
100000008735384100,terminal,0.5,1,0.2662,v0: признаки конечного получателя: входов 1 на 39 тыс. KZT; исходящих в выгрузке 0; достижим от 1 seed,False,1,1,0,39220.0,0.0,1,0,0.0,0.0,0.0002938,0.0,1,1,2026-07-22,2026-07-22,False,
100000008735802100,peripheral,0.3,0,0.518,"v0: признаков роли мало: входов 1 (85 тыс. KZT), выходов 0 (0 KZT); достижим от 7 seed; граница выгрузки (глубина 4)",False,4,1,0,85000.0,0.0,2,0,0.0,0.0,0.0005087,0.0,7,2,2026-07-24,2026-07-29,True,depth4_boundary
100000008735832100,terminal,0.5,1,0.1746,v0: признаки конечного получателя: входов 1 на 18 тыс. KZT; исходящих в выгрузке 0; достижим от 1 seed,False,3,1,0,17600.0,0.0,1,0,0.0,0.0,0.00028832,0.0,1,1,2026-07-20,2026-07-20,False,
100000008736173100,terminal,0.5,1,0.2442,v0: признаки конечного получателя: входов 1 на 31 тыс. KZT; исходящих в выгрузке 0; достижим от 1 seed,False,1,1,0,31060.0,0.0,1,0,0.0,0.0,0.00029209,0.0,1,1,2026-07-20,2026-07-20,False,
100000008736394100,terminal,0.5,1,0.2276,v0: признаки конечного получателя: входов 1 на 16 тыс. KZT; исходящих в выгрузке 0; достижим от 1 seed,False,2,1,0,16000.0,0.0,1,0,0.0,0.0,0.000291,0.0,1,1,2026-07-20,2026-07-20,False,
100000008736760100,terminal,0.5,1,0.2962,v0: признаки конечного получателя: входов 1 на 55 тыс. KZT; исходящих в выгрузке 0; достижим от 1 seed,False,1,1,0,54757.0,0.0,1,0,0.0,0.0,0.00029706,0.0,1,1,2026-07-20,2026-07-20,False,
100000008736940100,consolidator,0.375,40,0.8653,v0: признаки консолидации (fan-in): входов 3 на 451 тыс. KZT; выходов 3 на 182 тыс. KZT; достижим от 1 seed,False,1,3,3,451090.0,182100.0,13,6,182100.0,0.4037,0.00241416,7.9e-07,1,7,2026-07-22,2026-07-31,False,
100000008737422100,terminal,0.5,1,0.3291,v0: признаки конечного получателя: входов 1 на 77 тыс. KZT; исходящих в выгрузке 0; достижим от 1 seed,False,1,1,0,76903.0,0.0,1,0,0.0,0.0,0.00030171,0.0,1,1,2026-07-20,2026-07-20,False,
100000008737514100,terminal,0.5,15,0.3732,v0: признаки конечного получателя: входов 1 на 85 тыс. KZT; исходящих в выгрузке 0; достижим от 7 seed,False,2,1,0,85000.0,0.0,1,0,0.0,0.0,0.00031261,0.0,7,1,2026-07-26,2026-07-26,False,
100000008737958100,terminal,0.5,1,0.4664,v0: признаки конечного получателя: входов 2 на 53 тыс. KZT; исходящих в выгрузке 0; достижим от 1 seed,False,1,2,0,53373.0,0.0,2,0,0.0,0.0,0.00029963,0.0,1,2,2026-07-20,2026-07-28,False,
100000008738325100,peripheral,0.3,19,0.775,"v0: признаков роли мало: входов 1 (37 тыс. KZT), выходов 1 (54 тыс. KZT); достижим от 1 seed; seed, входы неполны",True,0,1,1,36550.0,54000.0,1,1,36550.0,0.6769,0.00052859,2e-07,1,2,2026-07-21,2026-07-23,False,seed_inflow_incomplete
100000008738526100,peripheral,0.3,17,0.3105,"v0: признаков роли мало: входов 1 (15 тыс. KZT), выходов 1 (140 тыс. KZT); достижим от 8 seed",False,3,1,1,15000.0,140000.0,1,1,15000.0,0.1071,0.00028745,2.14e-05,8,2,2026-07-21,2026-07-26,False,
100000008738658100,terminal,0.5,1,0.2159,v0: признаки конечного получателя: входов 1 на 30 тыс. KZT; исходящих в выгрузке 0; достижим от 1 seed,False,3,1,0,29920.0,0.0,1,0,0.0,0.0,0.00029024,0.0,1,1,2026-07-21,2026-07-21,False,
100000008739887100,peripheral,0.3,3,0.6409,"v0: признаков роли мало: входов 2 (214 тыс. KZT), выходов 2 (307 тыс. KZT); достижим от 7 seed",False,3,2,2,214000.0,307000.0,3,2,214000.0,0.6971,0.0003333,3.844e-05,7,4,2026-07-21,2026-07-28,False,
100000008740295100,peripheral,0.3,8,0.4079,"v0: признаков роли мало: входов 1 (300 тыс. KZT), выходов 0 (0 KZT); достижим от 8 seed; граница выгрузки (глубина 4)",False,4,1,0,300000.0,0.0,1,0,0.0,0.0,0.00032504,0.0,8,1,2026-07-26,2026-07-26,True,depth4_boundary
100000008740793100,terminal,0.5,1,0.189,v0: признаки конечного получателя: входов 1 на 21 тыс. KZT; исходящих в выгрузке 0; достижим от 1 seed,False,3,1,0,21000.0,0.0,1,0,0.0,0.0,0.00028885,0.0,1,1,2026-07-21,2026-07-21,False,
100000008741372100,terminal,0.5,1,0.2564,v0: признаки конечного получателя: входов 1 на 36 тыс. KZT; исходящих в выгрузке 0; достижим от 1 seed,False,1,1,0,35975.0,0.0,1,0,0.0,0.0,0.00029312,0.0,1,1,2026-07-21,2026-07-21,False,
100000008742053100,distributor,0.48,13,0.4031,"v0: признаки распределения (fan-out): выходов 12 на 2,8 млн KZT; входов 1 на 10 тыс. KZT; достижим от 8 seed",False,3,1,12,10000.0,2789000.0,1,12,10000.0,0.0036,0.00028627,0.00012107,8,7,2026-07-23,2026-07-31,False,
100000008742266100,terminal,0.5,1,0.2528,v0: признаки конечного получателя: входов 1 на 21 тыс. KZT; исходящих в выгрузке 0; достижим от 1 seed,False,2,1,0,21000.0,0.0,1,0,0.0,0.0,0.0002927,0.0,1,1,2026-07-21,2026-07-21,False,
100000008743913100,coordinator,0.9,17,0.6834,"v0: признаки gather-scatter: входов 3 на 149 тыс. KZT, выходов 13 на 1,9 млн KZT; betweenness 0.0003; достижим от 9 seed",False,2,3,13,149300.0,1850600.0,3,13,149300.0,0.0807,0.00033211,0.00030607,9,6,2026-07-22,2026-07-31,False,
100000008744364100,terminal,0.5,1,0.1984,v0: признаки конечного получателя: входов 1 на 24 тыс. KZT; исходящих в выгрузке 0; достижим от 1 seed,False,3,1,0,23700.0,0.0,1,0,0.0,0.0,0.00028927,0.0,1,1,2026-07-22,2026-07-22,False,
100000008744799100,terminal,0.5,1,0.1592,v0: признаки конечного получателя: входов 1 на 13 тыс. KZT; исходящих в выгрузке 0; достижим от 1 seed,False,3,1,0,12600.0,0.0,1,0,0.0,0.0,0.00028754,0.0,1,1,2026-07-22,2026-07-22,False,
100000008744849100,terminal,0.5,1,0.2771,v0: признаки конечного получателя: входов 1 на 44 тыс. KZT; исходящих в выгрузке 0; достижим от 1 seed,False,1,1,0,44445.0,0.0,1,0,0.0,0.0,0.0002949,0.0,1,1,2026-07-22,2026-07-22,False,
100000008745474100,terminal,0.5,1,0.2686,v0: признаки конечного получателя: входов 1 на 41 тыс. KZT; исходящих в выгрузке 0; достижим от 1 seed,False,1,1,0,40559.0,0.0,1,0,0.0,0.0,0.00029408,0.0,1,1,2026-07-22,2026-07-22,False,
100000008745489100,terminal,0.5,1,0.2973,v0: признаки конечного получателя: входов 1 на 56 тыс. KZT; исходящих в выгрузке 0; достижим от 1 seed,False,1,1,0,55539.0,0.0,1,0,0.0,0.0,0.00029723,0.0,1,1,2026-07-22,2026-07-22,False,
100000008745643100,terminal,0.5,1,0.2095,v0: признаки конечного получателя: входов 1 на 20 тыс. KZT; исходящих в выгрузке 0; достижим от 1 seed,False,1,1,0,20313.0,0.0,1,0,0.0,0.0,0.00028983,0.0,1,1,2026-07-22,2026-07-22,False,
100000008745676100,peripheral,0.3,1,0.5262,"v0: признаков роли мало: входов 1 (35 тыс. KZT), выходов 0 (0 KZT); достижим от 1 seed; граница выгрузки (глубина 4)",False,4,1,0,34547.0,0.0,1,0,0.0,0.0,0.00053032,0.0,1,1,2026-07-22,2026-07-22,True,depth4_boundary
100000008745725100,terminal,0.5,1,0.2814,v0: признаки конечного получателя: входов 1 на 47 тыс. KZT; исходящих в выгрузке 0; достижим от 1 seed,False,1,1,0,47060.0,0.0,1,0,0.0,0.0,0.00029545,0.0,1,1,2026-07-22,2026-07-22,False,
100000008745863100,terminal,0.5,1,0.1937,v0: признаки конечного получателя: входов 1 на 23 тыс. KZT; исходящих в выгрузке 0; достижим от 1 seed,False,3,1,0,22900.0,0.0,1,0,0.0,0.0,0.00028914,0.0,1,1,2026-07-22,2026-07-22,False,
100000008745884100,terminal,0.5,1,0.184,v0: признаки конечного получателя: входов 1 на 20 тыс. KZT; исходящих в выгрузке 0; достижим от 1 seed,False,3,1,0,20000.0,0.0,1,0,0.0,0.0,0.00028869,0.0,1,1,2026-07-22,2026-07-22,False,
100000008746025100,terminal,0.5,1,0.215,v0: признаки конечного получателя: входов 1 на 22 тыс. KZT; исходящих в выгрузке 0; достижим от 1 seed,False,1,1,0,22000.0,0.0,1,0,0.0,0.0,0.00029019,0.0,1,1,2026-07-22,2026-07-22,False,
100000008746449100,distributor,0.4,8,0.4119,"v0: признаки распределения (fan-out): выходов 10 на 1,0 млн KZT; входов 1 на 10 тыс. KZT; достижим от 8 seed",False,3,1,10,10000.0,1009000.0,1,10,10000.0,0.0099,0.000287,0.00016598,8,5,2026-07-22,2026-07-29,False,
100000008746673100,terminal,0.5,1,0.2933,v0: признаки конечного получателя: входов 1 на 53 тыс. KZT; исходящих в выгрузке 0; достижим от 1 seed,False,1,1,0,53048.0,0.0,1,0,0.0,0.0,0.0002967,0.0,1,1,2026-07-22,2026-07-22,False,
100000008747113100,terminal,0.5,5,0.5069,v0: признаки конечного получателя: входов 2 на 198 тыс. KZT; исходящих в выгрузке 0; достижим от 10 seed,False,1,2,0,197801.0,0.0,2,0,0.0,0.0,0.00030752,0.0,10,1,2026-07-26,2026-07-26,False,
100000008748408100,distributor,0.84,6,0.6884,"v0: признаки распределения (fan-out): выходов 21 на 1,5 млн KZT; входов 1 на 360 тыс. KZT; достижим от 1 seed",False,1,1,21,360000.0,1499960.0,2,22,360000.0,0.24,0.00033405,7.13e-06,1,6,2026-07-26,2026-07-31,False,
100000008748795100,terminal,0.5,0,0.1708,v0: признаки конечного получателя: входов 1 на 47 тыс. KZT; исходящих в выгрузке 0; достижим от 7 seed,False,3,1,0,47057.0,0.0,1,0,0.0,0.0,0.00028822,0.0,7,1,2026-07-23,2026-07-23,False,
100000008748914100,distributor,0.52,2,0.8543,"v0: признаки распределения (fan-out): выходов 13 на 4,5 млн KZT; входов 2 на 180 тыс. KZT; достижим от 1 seed",False,1,2,13,180000.0,4471847.0,9,21,180000.0,0.0403,0.00079083,0.00064061,1,9,2026-07-23,2026-07-31,False,
100000008749063100,terminal,0.5,1,0.2029,v0: признаки конечного получателя: входов 1 на 19 тыс. KZT; исходящих в выгрузке 0; достижим от 1 seed,False,1,1,0,19000.0,0.0,1,0,0.0,0.0,0.00028956,0.0,1,1,2026-07-23,2026-07-23,False,
100000008749405100,terminal,0.5,1,0.2347,v0: признаки конечного получателя: входов 1 на 37 тыс. KZT; исходящих в выгрузке 0; достижим от 1 seed,False,3,1,0,37150.0,0.0,1,0,0.0,0.0,0.00029137,0.0,1,1,2026-07-23,2026-07-23,False,
100000008749406100,terminal,0.5,1,0.1945,v0: признаки конечного получателя: входов 1 на 17 тыс. KZT; исходящих в выгрузке 0; достижим от 1 seed,False,1,1,0,17144.0,0.0,1,0,0.0,0.0,0.00028917,0.0,1,1,2026-07-23,2026-07-23,False,
100000008749618100,terminal,0.5,1,0.2818,v0: признаки конечного получателя: входов 1 на 47 тыс. KZT; исходящих в выгрузке 0; достижим от 1 seed,False,1,1,0,47280.0,0.0,1,0,0.0,0.0,0.00029549,0.0,1,1,2026-07-23,2026-07-23,False,
100000008749900100,terminal,0.5,1,0.1714,v0: признаки конечного получателя: входов 1 на 17 тыс. KZT; исходящих в выгрузке 0; достижим от 1 seed,False,3,1,0,17150.0,0.0,1,0,0.0,0.0,0.00028825,0.0,1,1,2026-07-23,2026-07-23,False,
100000008749989100,terminal,0.5,1,0.2276,v0: признаки конечного получателя: входов 1 на 16 тыс. KZT; исходящих в выгрузке 0; достижим от 1 seed,False,2,1,0,16000.0,0.0,1,0,0.0,0.0,0.000291,0.0,1,1,2026-07-23,2026-07-23,False,
100000008750464100,terminal,0.5,1,0.1505,v0: признаки конечного получателя: входов 1 на 8 тыс. KZT; исходящих в выгрузке 0; достижим от 1 seed,False,3,1,0,8500.0,0.0,1,0,0.0,0.0,0.0002869,0.0,1,1,2026-07-23,2026-07-23,False,
100000008751349100,terminal,0.5,25,0.1783,v0: признаки конечного получателя: входов 1 на 12 тыс. KZT; исходящих в выгрузке 0; достижим от 7 seed,False,3,1,0,11630.0,0.0,1,0,0.0,0.0,0.00028849,0.0,7,1,2026-07-23,2026-07-23,False,
100000008751380100,terminal,0.5,8,0.5265,v0: признаки конечного получателя: входов 2 на 346 тыс. KZT; исходящих в выгрузке 0; достижим от 9 seed,False,3,2,0,345780.0,0.0,2,0,0.0,0.0,0.00031276,0.0,9,2,2026-07-24,2026-07-31,False,
100000008751429100,consolidator,0.375,40,0.8351,v0: признаки консолидации (fan-in): входов 3 на 386 тыс. KZT; выходов 1 на 73 тыс. KZT; достижим от 1 seed,False,1,3,1,386200.0,72600.0,6,2,72600.0,0.188,0.00150431,0.0,1,5,2026-07-23,2026-07-28,False,
100000008752616100,peripheral,0.3,8,0.6315,"v0: признаков роли мало: входов 2 (65 тыс. KZT), выходов 7 (1,3 млн KZT); достижим от 9 seed",False,2,2,7,64510.0,1265000.0,2,7,64510.0,0.051,0.00031306,0.00013876,9,4,2026-07-24,2026-07-31,False,
100000008753061100,terminal,0.5,1,0.2124,v0: признаки конечного получателя: входов 1 на 28 тыс. KZT; исходящих в выгрузке 0; достижим от 1 seed,False,3,1,0,28400.0,0.0,2,0,0.0,0.0,0.00029,0.0,1,2,2026-07-24,2026-07-28,False,
100000008753193100,terminal,0.5,1,0.2546,v0: признаки конечного получателя: входов 1 на 35 тыс. KZT; исходящих в выгрузке 0; достижим от 1 seed,False,1,1,0,35225.0,0.0,1,0,0.0,0.0,0.00029296,0.0,1,1,2026-07-24,2026-07-24,False,
100000008753897100,terminal,0.5,1,0.199,v0: признаки конечного получателя: входов 1 на 24 тыс. KZT; исходящих в выгрузке 0; достижим от 1 seed,False,3,1,0,24050.0,0.0,1,0,0.0,0.0,0.00028932,0.0,1,1,2026-07-24,2026-07-24,False,
100000008754608100,terminal,0.5,1,0.1588,v0: признаки конечного получателя: входов 1 на 12 тыс. KZT; исходящих в выгрузке 0; достижим от 1 seed,False,3,1,0,12300.0,0.0,1,0,0.0,0.0,0.00028749,0.0,1,1,2026-07-30,2026-07-30,False,
100000008754747100,terminal,0.5,1,0.2522,v0: признаки конечного получателя: входов 1 на 46 тыс. KZT; исходящих в выгрузке 0; достижим от 1 seed,False,3,1,0,45500.0,0.0,1,0,0.0,0.0,0.00029267,0.0,1,1,2026-07-24,2026-07-24,False,
100000008754997100,terminal,0.5,1,0.177,v0: признаки конечного получателя: входов 1 на 18 тыс. KZT; исходящих в выгрузке 0; достижим от 1 seed,False,3,1,0,18000.0,0.0,1,0,0.0,0.0,0.00028838,0.0,1,1,2026-07-24,2026-07-24,False,
100000008755168100,terminal,0.5,1,0.1746,v0: признаки конечного получателя: входов 1 на 18 тыс. KZT; исходящих в выгрузке 0; достижим от 1 seed,False,3,1,0,17600.0,0.0,1,0,0.0,0.0,0.00028832,0.0,1,1,2026-07-24,2026-07-24,False,
100000008755361100,terminal,0.5,1,0.1819,v0: признаки конечного получателя: входов 1 на 15 тыс. KZT; исходящих в выгрузке 0; достижим от 1 seed,False,1,1,0,14627.0,0.0,1,0,0.0,0.0,0.00028864,0.0,1,1,2026-07-24,2026-07-24,False,
100000008755580100,terminal,0.5,1,0.1678,v0: признаки конечного получателя: входов 1 на 16 тыс. KZT; исходящих в выгрузке 0; достижим от 1 seed,False,3,1,0,16000.0,0.0,1,0,0.0,0.0,0.00028807,0.0,1,1,2026-07-24,2026-07-24,False,
100000008755754100,terminal,0.5,13,0.2862,v0: признаки конечного получателя: входов 1 на 7 тыс. KZT; исходящих в выгрузке 0; достижим от 1 seed,False,3,1,0,7000.0,0.0,1,0,0.0,0.0,0.0002959,0.0,1,1,2026-07-29,2026-07-29,False,
100000008757301100,peripheral,0.3,0,0.5269,"v0: признаков роли мало: входов 1 (58 тыс. KZT), выходов 0 (0 KZT); достижим от 7 seed; граница выгрузки (глубина 4)",False,4,1,0,58398.0,0.0,3,0,0.0,0.0,0.00053055,0.0,7,3,2026-07-25,2026-07-27,True,depth4_boundary
100000008757369100,peripheral,0.3,0,0.3172,"v0: признаков роли мало: входов 1 (26 тыс. KZT), выходов 1 (58 тыс. KZT); достижим от 7 seed",False,3,1,1,25961.0,58398.0,1,3,25961.0,0.4446,0.00028787,1.922e-05,7,3,2026-07-25,2026-07-27,False,
100000008758106100,peripheral,0.3,8,0.1501,"v0: признаков роли мало: входов 1 (10 тыс. KZT), выходов 0 (0 KZT); достижим от 8 seed; граница выгрузки (глубина 4)",False,4,1,0,10000.0,0.0,1,0,0.0,0.0,0.00028688,0.0,8,1,2026-07-25,2026-07-25,True,depth4_boundary
100000008758168100,peripheral,0.3,17,0.6404,"v0: признаков роли мало: входов 2 (75 тыс. KZT), выходов 5 (1,5 млн KZT); достижим от 9 seed",False,2,2,5,75410.0,1533600.0,2,5,75410.0,0.0492,0.00031837,5.602e-05,9,5,2026-07-25,2026-07-31,False,
100000008758607100,peripheral,0.3,8,0.1401,"v0: признаков роли мало: входов 1 (5 тыс. KZT), выходов 0 (0 KZT); достижим от 8 seed; граница выгрузки (глубина 4)",False,4,1,0,5000.0,0.0,1,0,0.0,0.0,0.00028623,0.0,8,1,2026-07-28,2026-07-28,True,depth4_boundary
100000008759795100,peripheral,0.3,7,0.2746,"v0: признаков роли мало: входов 1 (17 тыс. KZT), выходов 0 (0 KZT); достижим от 1 seed; граница выгрузки (глубина 4)",False,4,1,0,17000.0,0.0,1,0,0.0,0.0,0.00029467,0.0,1,1,2026-07-26,2026-07-26,True,depth4_boundary
100000008759857100,peripheral,0.3,17,0.3387,"v0: признаков роли мало: входов 1 (5 тыс. KZT), выходов 2 (994 тыс. KZT); достижим от 9 seed",False,3,1,2,5000.0,994000.0,1,3,5000.0,0.005,0.00028633,7.3e-06,9,3,2026-07-27,2026-07-31,False,
100000008760098100,peripheral,0.3,17,0.2985,"v0: признаков роли мало: входов 1 (7 тыс. KZT), выходов 1 (390 тыс. KZT); достижим от 9 seed",False,3,1,1,7000.0,390000.0,1,1,7000.0,0.0179,0.00028664,7.3e-06,9,2,2026-07-27,2026-07-31,False,
100000008761132100,peripheral,0.3,8,0.1501,"v0: признаков роли мало: входов 1 (10 тыс. KZT), выходов 0 (0 KZT); достижим от 8 seed; граница выгрузки (глубина 4)",False,4,1,0,10000.0,0.0,1,0,0.0,0.0,0.00028688,0.0,8,1,2026-07-26,2026-07-26,True,depth4_boundary
100000008761219100,peripheral,0.3,45,0.4743,"v0: признаков роли мало: входов 2 (50 тыс. KZT), выходов 2 (375 тыс. KZT); достижим от 9 seed",False,3,2,2,50000.0,375000.0,2,2,50000.0,0.1333,0.00029284,4.173e-05,9,3,2026-07-28,2026-07-31,False,
100000008761220100,peripheral,0.3,8,0.1501,"v0: признаков роли мало: входов 1 (10 тыс. KZT), выходов 0 (0 KZT); достижим от 8 seed; граница выгрузки (глубина 4)",False,4,1,0,10000.0,0.0,1,0,0.0,0.0,0.00028688,0.0,8,1,2026-07-26,2026-07-26,True,depth4_boundary
100000008762005100,peripheral,0.3,8,0.1476,"v0: признаков роли мало: входов 1 (5 тыс. KZT), выходов 0 (0 KZT); достижим от 8 seed; граница выгрузки (глубина 4)",False,4,1,0,5000.0,0.0,1,0,0.0,0.0,0.00028678,0.0,8,1,2026-07-27,2026-07-27,True,depth4_boundary
100000008762728100,terminal,0.5,4,0.3907,v0: признаки конечного получателя: входов 1 на 17 тыс. KZT; исходящих в выгрузке 0; достижим от 7 seed,False,2,1,0,17026.0,0.0,1,0,0.0,0.0,0.0003177,0.0,7,1,2026-07-29,2026-07-29,False,
100000008762832100,peripheral,0.3,2,0.5096,"v0: признаков роли мало: входов 1 (150 тыс. KZT), выходов 1 (85 тыс. KZT); достижим от 1 seed",False,2,1,1,150000.0,85000.0,1,4,85000.0,0.5667,0.00030815,0.0,1,2,2026-07-29,2026-07-31,False,
100000008762843100,peripheral,0.3,8,0.1551,"v0: признаков роли мало: входов 1 (7 тыс. KZT), выходов 0 (0 KZT); достижим от 8 seed; граница выгрузки (глубина 4)",False,4,1,0,7000.0,0.0,1,0,0.0,0.0,0.00028726,0.0,8,1,2026-07-27,2026-07-27,True,depth4_boundary
100000008762885100,peripheral,0.3,8,0.1551,"v0: признаков роли мало: входов 1 (7 тыс. KZT), выходов 0 (0 KZT); достижим от 8 seed; граница выгрузки (глубина 4)",False,4,1,0,7000.0,0.0,1,0,0.0,0.0,0.00028726,0.0,8,1,2026-07-27,2026-07-27,True,depth4_boundary
100000008763688100,terminal,0.5,1,0.189,v0: признаки конечного получателя: входов 1 на 21 тыс. KZT; исходящих в выгрузке 0; достижим от 1 seed,False,3,1,0,21000.0,0.0,1,0,0.0,0.0,0.00028885,0.0,1,1,2026-07-27,2026-07-27,False,
100000008764436100,terminal,0.5,1,0.213,v0: признаки конечного получателя: входов 1 на 13 тыс. KZT; исходящих в выгрузке 0; достижим от 1 seed,False,2,1,0,13100.0,0.0,1,0,0.0,0.0,0.00029002,0.0,1,1,2026-07-27,2026-07-27,False,
100000008764654100,terminal,0.5,1,0.2052,v0: признаки конечного получателя: входов 1 на 26 тыс. KZT; исходящих в выгрузке 0; достижим от 1 seed,False,3,1,0,26150.0,0.0,1,0,0.0,0.0,0.00028965,0.0,1,1,2026-07-27,2026-07-27,False,
100000008765494100,terminal,0.5,1,0.2651,v0: признаки конечного получателя: входов 1 на 24 тыс. KZT; исходящих в выгрузке 0; достижим от 1 seed,False,2,1,0,24000.0,0.0,1,0,0.0,0.0,0.00029372,0.0,1,1,2026-07-27,2026-07-27,False,
100000008765627100,terminal,0.5,6,0.2944,v0: признаки конечного получателя: входов 1 на 60 тыс. KZT; исходящих в выгрузке 0; достижим от 1 seed,False,2,1,0,60000.0,0.0,1,0,0.0,0.0,0.00029694,0.0,1,1,2026-07-28,2026-07-28,False,
100000008766031100,peripheral,0.3,8,0.1441,"v0: признаков роли мало: входов 1 (5 тыс. KZT), выходов 0 (0 KZT); достижим от 8 seed; граница выгрузки (глубина 4)",False,4,1,0,5000.0,0.0,1,0,0.0,0.0,0.00028648,0.0,8,1,2026-07-29,2026-07-29,True,depth4_boundary
100000008766764100,peripheral,0.3,8,0.1401,"v0: признаков роли мало: входов 1 (5 тыс. KZT), выходов 0 (0 KZT); достижим от 8 seed; граница выгрузки (глубина 4)",False,4,1,0,5000.0,0.0,1,0,0.0,0.0,0.00028623,0.0,8,1,2026-07-28,2026-07-28,True,depth4_boundary
100000008767027100,terminal,0.5,17,0.1412,v0: признаки конечного получателя: входов 1 на 5 тыс. KZT; исходящих в выгрузке 0; достижим от 9 seed,False,3,1,0,5000.0,0.0,1,0,0.0,0.0,0.00028633,0.0,9,1,2026-07-29,2026-07-29,False,
100000008767065100,terminal,0.5,17,0.1525,v0: признаки конечного получателя: входов 1 на 10 тыс. KZT; исходящих в выгрузке 0; достижим от 9 seed,False,3,1,0,10000.0,0.0,1,0,0.0,0.0,0.0002871,0.0,9,1,2026-07-29,2026-07-29,False,
100000008767925100,terminal,0.5,1,0.1945,v0: признаки конечного получателя: входов 1 на 17 тыс. KZT; исходящих в выгрузке 0; достижим от 1 seed,False,1,1,0,17144.0,0.0,1,0,0.0,0.0,0.00028917,0.0,1,1,2026-07-28,2026-07-28,False,
100000008767950100,terminal,0.5,1,0.1739,v0: признаки конечного получателя: входов 1 на 17 тыс. KZT; исходящих в выгрузке 0; достижим от 1 seed,False,3,1,0,17350.0,0.0,1,0,0.0,0.0,0.00028828,0.0,1,1,2026-07-28,2026-07-28,False,
100000008768896100,terminal,0.5,1,0.2814,v0: признаки конечного получателя: входов 1 на 47 тыс. KZT; исходящих в выгрузке 0; достижим от 1 seed,False,1,1,0,47060.0,0.0,1,0,0.0,0.0,0.00029545,0.0,1,1,2026-07-28,2026-07-28,False,
100000008769097100,terminal,0.5,1,0.2185,v0: признаки конечного получателя: входов 1 на 31 тыс. KZT; исходящих в выгрузке 0; достижим от 1 seed,False,3,1,0,31100.0,0.0,1,0,0.0,0.0,0.00029042,0.0,1,1,2026-07-28,2026-07-28,False,
100000008769636100,terminal,0.5,1,0.2181,v0: признаки конечного получателя: входов 1 на 23 тыс. KZT; исходящих в выгрузке 0; достижим от 1 seed,False,1,1,0,23118.0,0.0,1,0,0.0,0.0,0.00029042,0.0,1,1,2026-07-28,2026-07-28,False,
100000008770483100,peripheral,0.3,45,0.1903,"v0: признаков роли мало: входов 1 (5 тыс. KZT), выходов 0 (0 KZT); достижим от 9 seed; граница выгрузки (глубина 4)",False,4,1,0,5000.0,0.0,1,0,0.0,0.0,0.00028889,0.0,9,1,2026-07-29,2026-07-29,True,depth4_boundary
100000008771627100,terminal,0.5,1,0.2306,v0: признаки конечного получателя: входов 1 на 16 тыс. KZT; исходящих в выгрузке 0; достижим от 1 seed,False,2,1,0,16500.0,0.0,1,0,0.0,0.0,0.00029117,0.0,1,1,2026-07-29,2026-07-29,False,
100000008771814100,terminal,0.5,1,0.2633,v0: признаки конечного получателя: входов 1 на 24 тыс. KZT; исходящих в выгрузке 0; достижим от 1 seed,False,2,1,0,23700.0,0.0,1,0,0.0,0.0,0.00029362,0.0,1,1,2026-07-29,2026-07-29,False,
100000008771819100,terminal,0.5,1,0.2657,v0: признаки конечного получателя: входов 1 на 39 тыс. KZT; исходящих в выгрузке 0; достижим от 1 seed,False,1,1,0,38900.0,0.0,1,0,0.0,0.0,0.00029373,0.0,1,1,2026-07-29,2026-07-29,False,
100000008772058100,terminal,0.5,1,0.3336,v0: признаки конечного получателя: входов 1 на 50 тыс. KZT; исходящих в выгрузке 0; достижим от 1 seed,False,2,1,0,50000.0,0.0,1,0,0.0,0.0,0.00030255,0.0,1,1,2026-07-29,2026-07-29,False,
100000008772246100,terminal,0.5,1,0.2498,v0: признаки конечного получателя: входов 1 на 44 тыс. KZT; исходящих в выгрузке 0; достижим от 1 seed,False,3,1,0,44500.0,0.0,1,0,0.0,0.0,0.00029251,0.0,1,1,2026-07-29,2026-07-29,False,
100000008773876100,terminal,0.5,1,0.2282,v0: признаки конечного получателя: входов 1 на 26 тыс. KZT; исходящих в выгрузке 0; достижим от 1 seed,False,1,1,0,26120.0,0.0,1,0,0.0,0.0,0.00029105,0.0,1,1,2026-07-29,2026-07-29,False,
100000008774237100,peripheral,0.3,23,0.5167,"v0: признаков роли мало: входов 1 (50 тыс. KZT), выходов 1 (10 тыс. KZT); достижим от 1 seed",False,2,1,1,50000.0,10000.0,1,1,10000.0,0.2,0.00031035,0.0,1,2,2026-07-29,2026-07-30,False,
100000008775471100,terminal,0.5,17,0.4486,v0: признаки конечного получателя: входов 1 на 580 тыс. KZT; исходящих в выгрузке 0; достижим от 8 seed,False,3,1,0,580000.0,0.0,2,0,0.0,0.0,0.00035838,0.0,8,1,2026-07-30,2026-07-30,False,
100000008775747100,peripheral,0.3,8,0.1401,"v0: признаков роли мало: входов 1 (5 тыс. KZT), выходов 0 (0 KZT); достижим от 8 seed; граница выгрузки (глубина 4)",False,4,1,0,5000.0,0.0,1,0,0.0,0.0,0.00028623,0.0,8,1,2026-07-31,2026-07-31,True,depth4_boundary
100000008776298100,terminal,0.5,1,0.2733,v0: признаки конечного получателя: входов 1 на 43 тыс. KZT; исходящих в выгрузке 0; достижим от 1 seed,False,1,1,0,42800.0,0.0,1,0,0.0,0.0,0.00029455,0.0,1,1,2026-07-30,2026-07-30,False,
100000008776310100,terminal,0.5,1,0.1803,v0: признаки конечного получателя: входов 1 на 19 тыс. KZT; исходящих в выгрузке 0; достижим от 1 seed,False,3,1,0,19200.0,0.0,1,0,0.0,0.0,0.00028857,0.0,1,1,2026-07-30,2026-07-30,False,
100000008776420100,terminal,0.5,1,0.2909,v0: признаки конечного получателя: входов 1 на 70 тыс. KZT; исходящих в выгрузке 0; достижим от 1 seed,False,3,1,0,69500.0,0.0,1,0,0.0,0.0,0.00029642,0.0,1,1,2026-07-30,2026-07-30,False,
100000008776576100,terminal,0.5,1,0.1835,v0: признаки конечного получателя: входов 1 на 15 тыс. KZT; исходящих в выгрузке 0; достижим от 1 seed,False,1,1,0,14765.0,0.0,1,0,0.0,0.0,0.00028867,0.0,1,1,2026-07-30,2026-07-30,False,
100000008776720100,terminal,0.5,1,0.2052,v0: признаки конечного получателя: входов 1 на 26 тыс. KZT; исходящих в выгрузке 0; достижим от 1 seed,False,3,1,0,26150.0,0.0,1,0,0.0,0.0,0.00028965,0.0,1,1,2026-07-30,2026-07-30,False,
100000008777088100,terminal,0.5,1,0.1997,v0: признаки конечного получателя: входов 1 на 18 тыс. KZT; исходящих в выгрузке 0; достижим от 1 seed,False,1,1,0,18000.0,0.0,1,0,0.0,0.0,0.00028935,0.0,1,1,2026-07-30,2026-07-30,False,
100000008778010100,peripheral,0.3,1,0.5244,"v0: признаков роли мало: входов 1 (77 тыс. KZT), выходов 0 (0 KZT); достижим от 1 seed; граница выгрузки (глубина 4)",False,4,1,0,76950.0,0.0,2,0,0.0,0.0,0.00052964,0.0,1,1,2026-07-30,2026-07-30,True,depth4_boundary
100000008778753100,peripheral,0.3,24,0.2698,"v0: признаков роли мало: входов 1 (10 тыс. KZT), выходов 0 (0 KZT); достижим от 7 seed; граница выгрузки (глубина 4)",False,4,1,0,10000.0,0.0,1,0,0.0,0.0,0.00029416,0.0,7,1,2026-07-30,2026-07-30,True,depth4_boundary
100000008779584100,terminal,0.5,1,0.2455,v0: признаки конечного получателя: входов 1 на 31 тыс. KZT; исходящих в выгрузке 0; достижим от 1 seed,False,1,1,0,31400.0,0.0,1,0,0.0,0.0,0.00029216,0.0,1,1,2026-07-30,2026-07-30,False,
100000008782056100,terminal,0.5,1,0.2386,v0: признаки конечного получателя: входов 1 на 29 тыс. KZT; исходящих в выгрузке 0; достижим от 1 seed,False,1,1,0,29082.0,0.0,1,0,0.0,0.0,0.00029167,0.0,1,1,2026-07-31,2026-07-31,False,
100000008782421100,terminal,0.5,1,0.2869,v0: признаки конечного получателя: входов 1 на 50 тыс. KZT; исходящих в выгрузке 0; достижим от 1 seed,False,1,1,0,49680.0,0.0,1,0,0.0,0.0,0.000296,0.0,1,1,2026-07-31,2026-07-31,False,
100000008782800100,terminal,0.5,1,0.2749,v0: признаки конечного получателя: входов 1 на 43 тыс. KZT; исходящих в выгрузке 0; достижим от 1 seed,False,1,1,0,43381.0,0.0,1,0,0.0,0.0,0.00029467,0.0,1,1,2026-07-31,2026-07-31,False,
